moment,bikes,spaces
2016-04-01 00:00:59,5,15
2016-04-01 00:11:02,5,15
2016-04-01 00:21:05,5,15
2016-04-01 00:23:15,5,15
2016-04-01 00:23:38,4,16
2016-04-01 00:33:41,4,16
2016-04-01 00:43:45,4,16
2016-04-01 00:53:49,4,16
2016-04-01 01:00:44,3,17
2016-04-01 01:02:00,4,16
2016-04-01 01:02:56,2,18
2016-04-01 01:06:18,2,18
2016-04-01 01:06:20,3,17
2016-04-01 01:16:24,3,17
2016-04-01 01:26:27,3,17
2016-04-01 01:36:31,3,17
2016-04-01 01:46:35,3,17
2016-04-01 01:56:39,3,17
2016-04-01 01:58:18,3,17
2016-04-01 01:58:39,2,18
2016-04-01 02:04:59,1,19
2016-04-01 02:06:18,4,16
2016-04-01 02:16:21,4,16
2016-04-01 02:26:25,4,16
2016-04-01 02:36:28,4,16
2016-04-01 02:46:31,4,16
2016-04-01 02:56:35,4,16
2016-04-01 03:06:39,4,16
2016-04-01 03:16:42,4,16
2016-04-01 03:26:46,4,16
2016-04-01 03:36:50,4,16
2016-04-01 03:46:53,4,16
2016-04-01 03:56:57,4,16
2016-04-01 04:07:01,4,16
2016-04-01 04:18:17,4,16
2016-04-01 04:19:51,4,16
2016-04-01 04:29:54,4,16
2016-04-01 04:39:57,4,16
2016-04-01 04:50:01,4,16
2016-04-01 05:00:05,4,16
2016-04-01 05:10:09,4,16
2016-04-01 05:20:13,4,16
2016-04-01 05:30:16,4,16
2016-04-01 05:40:20,4,16
2016-04-01 05:50:24,4,16
2016-04-01 06:00:28,4,16
2016-04-01 06:10:32,4,16
2016-04-01 06:20:36,4,16
2016-04-01 06:30:40,4,16
2016-04-01 06:40:43,4,16
2016-04-01 06:50:47,4,16
2016-04-01 07:00:50,4,16
2016-04-01 07:10:53,4,16
2016-04-01 07:14:49,3,17
2016-04-01 07:16:18,4,16
2016-04-01 07:26:22,4,16
2016-04-01 07:36:26,4,16
2016-04-01 07:41:00,3,17
2016-04-01 07:51:04,3,17
2016-04-01 07:59:02,4,16
2016-04-01 08:09:05,4,16
2016-04-01 08:19:11,3,17
2016-04-01 08:29:15,3,17
2016-04-01 08:30:50,3,17
2016-04-01 08:31:25,2,18
2016-04-01 08:41:28,2,18
2016-04-01 08:43:59,1,19
2016-04-01 08:52:45,2,18
2016-04-01 09:00:16,2,17
2016-04-01 09:00:45,3,17
2016-04-01 09:01:25,4,16
2016-04-01 09:11:28,4,16
2016-04-01 09:18:05,4,16
2016-04-01 09:18:40,3,17
2016-04-01 09:28:43,3,17
2016-04-01 09:36:46,4,16
2016-04-01 09:46:50,4,16
2016-04-01 09:49:19,3,17
2016-04-01 09:55:21,5,15
2016-04-01 09:57:12,6,14
2016-04-01 09:57:40,6,14
2016-04-01 10:00:16,7,13
2016-04-01 10:01:28,8,12
2016-04-01 10:11:31,8,12
2016-04-01 10:14:39,9,11
2016-04-01 10:24:43,9,11
2016-04-01 10:34:46,9,11
2016-04-01 10:44:49,9,11
2016-04-01 10:49:17,9,11
2016-04-01 10:49:19,8,12
2016-04-01 10:59:22,8,12
2016-04-01 11:09:26,8,12
2016-04-01 11:19:29,8,12
2016-04-01 11:29:32,8,12
2016-04-01 11:39:36,8,12
2016-04-01 11:47:06,8,12
2016-04-01 11:47:36,7,13
2016-04-01 11:57:39,7,13
2016-04-01 12:07:43,7,13
2016-04-01 12:17:47,7,13
2016-04-01 12:27:49,7,13
2016-04-01 12:37:53,7,13
2016-04-01 12:47:57,7,13
2016-04-01 12:58:00,7,13
2016-04-01 13:08:04,7,13
2016-04-01 13:13:01,8,12
2016-04-01 13:16:15,7,13
2016-04-01 13:26:18,7,13
2016-04-01 13:33:49,8,12
2016-04-01 13:39:03,9,11
2016-04-01 13:49:06,9,11
2016-04-01 13:54:13,8,12
2016-04-01 14:04:16,8,12
2016-04-01 14:14:19,8,12
2016-04-01 14:20:38,9,11
2016-04-01 14:30:14,8,12
2016-04-01 14:40:18,8,12
2016-04-01 14:50:21,8,12
2016-04-01 15:00:25,8,12
2016-04-01 15:10:29,8,12
2016-04-01 15:20:33,8,12
2016-04-01 15:21:50,7,13
2016-04-01 15:32:17,9,11
2016-04-01 15:33:54,9,11
2016-04-01 15:35:15,7,13
2016-04-01 15:40:08,8,12
2016-04-01 15:50:11,8,12
2016-04-01 16:00:15,8,12
2016-04-01 16:09:10,9,11
2016-04-01 16:14:16,9,11
2016-04-01 16:14:52,8,12
2016-04-01 16:24:55,8,12
2016-04-01 16:34:59,8,12
2016-04-01 16:36:15,7,13
2016-04-01 16:46:18,7,13
2016-04-01 16:53:22,6,14
2016-04-01 17:03:17,7,13
2016-04-01 17:03:26,8,12
2016-04-01 17:14:04,8,12
2016-04-01 17:21:39,9,11
2016-04-01 17:28:52,8,12
2016-04-01 17:31:48,9,11
2016-04-01 17:41:52,9,11
2016-04-01 17:51:56,9,11
2016-04-01 18:01:59,9,11
2016-04-01 18:06:55,8,12
2016-04-01 18:17:00,8,12
2016-04-01 18:23:17,8,12
2016-04-01 18:23:20,7,13
2016-04-01 18:28:05,8,12
2016-04-01 18:32:10,8,12
2016-04-01 18:32:35,7,13
2016-04-01 18:42:39,7,13
2016-04-01 18:48:50,6,14
2016-04-01 18:58:55,6,14
2016-04-01 19:07:10,7,13
2016-04-01 19:17:13,7,13
2016-04-01 19:25:10,6,14
2016-04-01 19:35:14,6,14
2016-04-01 19:45:17,6,14
2016-04-01 19:55:21,6,14
2016-04-01 20:05:25,6,14
2016-04-01 20:14:32,7,13
2016-04-01 20:16:06,8,12
2016-04-01 20:20:11,7,13
2016-04-01 20:30:16,7,13
2016-04-01 20:40:38,8,12
2016-04-01 20:50:41,8,12
2016-04-01 21:00:45,8,12
2016-04-01 21:03:57,9,11
2016-04-01 21:14:00,9,11
2016-04-01 21:24:04,9,11
2016-04-01 21:34:08,9,11
2016-04-01 21:44:12,9,11
2016-04-01 21:54:16,9,11
2016-04-01 22:04:21,9,11
2016-04-01 22:14:26,9,11
2016-04-01 22:24:31,9,11
2016-04-01 22:34:34,9,11
2016-04-01 22:44:38,9,11
2016-04-01 22:46:01,11,9
2016-04-01 22:56:05,11,9
2016-04-01 22:57:17,12,8
2016-04-01 22:58:15,12,8
2016-04-01 23:08:19,12,8
2016-04-01 23:18:23,12,8
2016-04-01 23:28:26,12,8
2016-04-01 23:38:30,12,8
2016-04-01 23:48:34,12,8
2016-04-01 23:58:38,12,8
2016-04-01 23:59:56,13,7
2016-04-02 00:10:00,13,7
2016-04-02 00:20:04,13,7
2016-04-02 00:30:08,13,7
2016-04-02 00:40:11,13,7
2016-04-02 00:50:15,13,7
2016-04-02 00:54:26,14,6
2016-04-02 01:00:29,15,5
2016-04-02 01:10:33,15,5
2016-04-02 01:20:37,15,5
2016-04-02 01:30:40,15,5
2016-04-02 01:40:44,15,5
2016-04-02 01:50:48,15,5
2016-04-02 02:00:52,15,5
2016-04-02 02:10:56,15,5
2016-04-02 02:21:00,15,5
2016-04-02 02:31:03,15,5
2016-04-02 02:41:07,15,5
2016-04-02 02:51:11,15,5
2016-04-02 02:58:57,14,6
2016-04-02 03:09:01,14,6
2016-04-02 03:19:04,14,6
2016-04-02 03:22:17,15,5
2016-04-02 03:27:46,16,4
2016-04-02 03:37:49,16,4
2016-04-02 03:47:53,16,4
2016-04-02 03:52:57,16,4
2016-04-02 03:53:32,15,5
2016-04-02 04:02:58,16,4
2016-04-02 04:13:02,16,4
2016-04-02 04:15:20,16,4
2016-04-02 04:22:07,16,4
2016-04-02 04:32:10,16,4
2016-04-02 04:42:14,16,4
2016-04-02 04:47:37,17,3
2016-04-02 04:57:40,17,3
2016-04-02 05:07:44,17,3
2016-04-02 05:17:48,17,3
2016-04-02 05:27:52,17,3
2016-04-02 05:37:56,17,3
2016-04-02 05:47:59,17,3
2016-04-02 05:58:03,17,3
2016-04-02 06:08:08,17,3
2016-04-02 06:18:12,17,3
2016-04-02 06:28:15,17,3
2016-04-02 06:38:19,17,3
2016-04-02 06:46:31,18,2
2016-04-02 06:56:34,18,2
2016-04-02 07:06:38,18,2
2016-04-02 07:16:42,18,2
2016-04-02 07:26:45,18,2
2016-04-02 07:36:49,18,2
2016-04-02 07:46:55,18,2
2016-04-02 07:54:48,19,1
2016-04-02 08:04:51,19,1
2016-04-02 08:14:55,19,1
2016-04-02 08:24:59,19,1
2016-04-02 08:35:03,19,1
2016-04-02 08:45:07,19,1
2016-04-02 08:55:11,19,1
2016-04-02 08:59:53,19,1
2016-04-02 09:00:25,18,2
2016-04-02 09:10:29,18,2
2016-04-02 09:20:32,18,2
2016-04-02 09:30:36,18,2
2016-04-02 09:40:40,18,2
2016-04-02 09:50:44,18,2
2016-04-02 10:00:47,18,2
2016-04-02 10:10:51,18,2
2016-04-02 10:20:55,18,2
2016-04-02 10:30:59,18,2
2016-04-02 10:41:02,18,2
2016-04-02 10:51:06,18,2
2016-04-02 11:01:10,18,2
2016-04-02 11:11:14,18,2
2016-04-02 11:21:17,18,2
2016-04-02 11:31:21,18,2
2016-04-02 11:35:05,19,1
2016-04-02 11:38:54,19,1
2016-04-02 11:39:23,18,2
2016-04-02 11:49:26,18,2
2016-04-02 11:59:30,18,2
2016-04-02 12:05:44,18,2
2016-04-02 12:07:05,18,2
2016-04-02 12:07:33,17,3
2016-04-02 12:17:38,17,3
2016-04-02 12:27:42,17,3
2016-04-02 12:37:48,17,3
2016-04-02 12:47:52,17,3
2016-04-02 12:57:57,17,3
2016-04-02 13:08:00,17,3
2016-04-02 13:11:17,18,2
2016-04-02 13:11:26,19,1
2016-04-02 13:14:28,20,0
2016-04-02 13:24:32,20,0
2016-04-02 13:34:35,20,0
2016-04-02 13:44:40,20,0
2016-04-02 13:53:08,19,1
2016-04-02 13:53:43,18,2
2016-04-02 14:03:47,18,2
2016-04-02 14:13:51,18,2
2016-04-02 14:23:54,18,2
2016-04-02 14:33:58,18,2
2016-04-02 14:39:57,17,3
2016-04-02 14:50:02,17,3
2016-04-02 15:00:06,17,3
2016-04-02 15:10:09,17,3
2016-04-02 15:14:17,17,3
2016-04-02 15:14:49,16,4
2016-04-02 15:24:52,16,4
2016-04-02 15:28:53,17,3
2016-04-02 15:31:00,18,2
2016-04-02 15:41:04,18,2
2016-04-02 15:51:09,18,2
2016-04-02 16:01:13,18,2
2016-04-02 16:08:00,19,1
2016-04-02 16:17:01,18,2
2016-04-02 16:27:05,18,2
2016-04-02 16:29:53,19,1
2016-04-02 16:39:57,19,1
2016-04-02 16:50:02,19,1
2016-04-02 16:57:15,18,2
2016-04-02 17:04:16,18,2
2016-04-02 17:04:43,17,3
2016-04-02 17:14:46,17,3
2016-04-02 17:24:05,18,2
2016-04-02 17:32:19,18,2
2016-04-02 17:32:21,17,3
2016-04-02 17:40:14,16,4
2016-04-02 17:50:19,16,4
2016-04-02 18:00:24,16,4
2016-04-02 18:04:22,16,4
2016-04-02 18:04:50,15,5
2016-04-02 18:14:54,15,5
2016-04-02 18:24:58,15,5
2016-04-02 18:35:01,15,5
2016-04-02 18:36:19,15,5
2016-04-02 18:36:59,15,5
2016-04-02 18:38:15,13,7
2016-04-02 18:48:19,13,7
2016-04-02 18:58:22,13,7
2016-04-02 19:07:58,14,6
2016-04-02 19:09:12,14,6
2016-04-02 19:11:49,14,6
2016-04-02 19:16:18,14,6
2016-04-02 19:16:52,13,7
2016-04-02 19:26:19,13,7
2016-04-02 19:26:44,12,8
2016-04-02 19:36:47,12,8
2016-04-02 19:46:51,12,8
2016-04-02 19:56:55,12,8
2016-04-02 20:06:57,12,8
2016-04-02 20:14:10,11,9
2016-04-02 20:20:09,12,8
2016-04-02 20:30:15,12,8
2016-04-02 20:38:07,14,6
2016-04-02 20:48:12,14,6
2016-04-02 20:53:40,15,5
2016-04-02 21:03:44,15,5
2016-04-02 21:13:48,15,5
2016-04-02 21:23:52,15,5
2016-04-02 21:33:56,15,5
2016-04-02 21:40:55,16,4
2016-04-02 21:51:00,16,4
2016-04-02 21:54:05,15,5
2016-04-02 21:55:09,14,6
2016-04-02 22:02:33,15,5
2016-04-02 22:12:36,15,5
2016-04-02 22:22:40,15,5
2016-04-02 22:27:14,15,5
2016-04-02 22:27:53,14,6
2016-04-02 22:37:56,14,6
2016-04-02 22:48:00,14,6
2016-04-02 22:58:04,14,6
2016-04-02 23:04:36,15,5
2016-04-02 23:14:39,15,5
2016-04-02 23:24:43,15,5
2016-04-02 23:34:47,15,5
2016-04-02 23:44:51,15,5
2016-04-02 23:54:55,15,5
2016-04-03 00:04:58,15,5
2016-04-03 00:15:02,15,5
2016-04-03 00:25:06,15,5
2016-04-03 00:35:11,15,5
2016-04-03 00:45:15,15,5
2016-04-03 00:55:19,15,5
2016-04-03 01:05:22,15,5
2016-04-03 01:15:26,15,5
2016-04-03 01:25:30,15,5
2016-04-03 01:35:34,15,5
2016-04-03 01:45:37,15,5
2016-04-03 01:55:41,15,5
2016-04-03 02:05:45,15,5
2016-04-03 02:15:50,15,5
2016-04-03 02:25:53,15,5
2016-04-03 02:35:57,15,5
2016-04-03 02:46:01,15,5
2016-04-03 02:56:05,15,5
2016-04-03 03:06:08,15,5
2016-04-03 03:16:12,15,5
2016-04-03 03:26:16,15,5
2016-04-03 03:36:20,15,5
2016-04-03 03:46:23,15,5
2016-04-03 03:51:17,14,6
2016-04-03 04:01:21,14,6
2016-04-03 04:12:10,13,7
2016-04-03 04:15:17,13,7
2016-04-03 04:23:51,14,6
2016-04-03 04:33:56,14,6
2016-04-03 04:43:59,14,6
2016-04-03 04:48:53,16,4
2016-04-03 04:58:57,16,4
2016-04-03 05:09:01,16,4
2016-04-03 05:19:05,16,4
2016-04-03 05:29:10,16,4
2016-04-03 05:39:14,16,4
2016-04-03 05:49:17,16,4
2016-04-03 05:59:21,16,4
2016-04-03 06:09:25,16,4
2016-04-03 06:19:29,16,4
2016-04-03 06:29:32,16,4
2016-04-03 06:39:36,16,4
2016-04-03 06:49:40,16,4
2016-04-03 06:59:44,16,4
2016-04-03 07:09:47,16,4
2016-04-03 07:19:35,17,3
2016-04-03 07:29:39,17,3
2016-04-03 07:39:43,17,3
2016-04-03 07:49:47,17,3
2016-04-03 07:59:51,17,3
2016-04-03 08:09:54,17,3
2016-04-03 08:19:58,17,3
2016-04-03 08:30:02,17,3
2016-04-03 08:40:07,17,3
2016-04-03 08:50:10,17,3
2016-04-03 09:00:15,17,3
2016-04-03 09:10:19,17,3
2016-04-03 09:11:58,17,3
2016-04-03 09:12:29,16,4
2016-04-03 09:22:32,16,4
2016-04-03 09:32:36,16,4
2016-04-03 09:42:40,16,4
2016-04-03 09:52:44,16,4
2016-04-03 10:02:57,17,3
2016-04-03 10:03:50,17,3
2016-04-03 10:04:25,17,3
2016-04-03 10:14:30,17,3
2016-04-03 10:24:34,17,3
2016-04-03 10:34:38,17,3
2016-04-03 10:38:18,16,4
2016-04-03 10:38:21,17,3
2016-04-03 10:48:25,17,3
2016-04-03 10:58:29,17,3
2016-04-03 11:01:41,17,3
2016-04-03 11:03:11,15,5
2016-04-03 11:13:16,15,5
2016-04-03 11:23:20,15,5
2016-04-03 11:33:23,15,5
2016-04-03 11:43:27,15,5
2016-04-03 11:53:31,15,5
2016-04-03 12:03:35,15,5
2016-04-03 12:13:39,15,5
2016-04-03 12:23:42,15,5
2016-04-03 12:33:46,15,5
2016-04-03 12:43:49,15,5
2016-04-03 12:53:53,15,5
2016-04-03 13:03:57,15,5
2016-04-03 13:14:01,15,5
2016-04-03 13:24:04,15,5
2016-04-03 13:34:08,15,5
2016-04-03 13:35:13,16,4
2016-04-03 13:45:17,16,4
2016-04-03 13:49:08,16,4
2016-04-03 13:50:25,15,5
2016-04-03 13:59:12,14,6
2016-04-03 14:09:15,14,6
2016-04-03 14:19:19,14,6
2016-04-03 14:29:23,14,6
2016-04-03 14:39:28,14,6
2016-04-03 14:40:28,14,6
2016-04-03 14:42:41,14,6
2016-04-03 14:46:43,14,6
2016-04-03 14:47:38,13,7
2016-04-03 14:49:12,13,7
2016-04-03 14:49:43,12,8
2016-04-03 14:59:47,12,8
2016-04-03 15:09:50,12,8
2016-04-03 15:14:01,11,9
2016-04-03 15:24:05,11,9
2016-04-03 15:34:09,11,9
2016-04-03 15:44:12,11,9
2016-04-03 15:54:16,11,9
2016-04-03 16:04:20,11,9
2016-04-03 16:14:24,11,9
2016-04-03 16:17:42,11,9
2016-04-03 16:18:57,11,9
2016-04-03 16:22:09,11,9
2016-04-03 16:22:49,10,10
2016-04-03 16:24:03,10,10
2016-04-03 16:24:25,9,11
2016-04-03 16:34:29,9,11
2016-04-03 16:44:33,9,11
2016-04-03 16:54:37,9,11
2016-04-03 17:04:42,9,11
2016-04-03 17:07:01,10,10
2016-04-03 17:07:54,11,9
2016-04-03 17:08:46,11,9
2016-04-03 17:09:30,11,9
2016-04-03 17:10:47,11,9
2016-04-03 17:20:50,11,9
2016-04-03 17:30:54,11,9
2016-04-03 17:36:13,11,9
2016-04-03 17:36:38,10,10
2016-04-03 17:46:42,10,10
2016-04-03 17:56:47,10,10
2016-04-03 18:06:52,10,10
2016-04-03 18:16:55,10,10
2016-04-03 18:27:00,10,10
2016-04-03 18:34:09,11,9
2016-04-03 18:37:38,12,8
2016-04-03 18:47:43,12,8
2016-04-03 18:57:46,12,8
2016-04-03 19:07:50,12,8
2016-04-03 19:15:01,13,7
2016-04-03 19:15:47,13,7
2016-04-03 19:16:38,12,8
2016-04-03 19:26:43,12,8
2016-04-03 19:36:47,12,8
2016-04-03 19:44:19,13,7
2016-04-03 19:54:22,13,7
2016-04-03 20:04:26,13,7
2016-04-03 20:14:47,12,8
2016-04-03 20:24:51,12,8
2016-04-03 20:34:56,12,8
2016-04-03 20:45:00,12,8
2016-04-03 20:55:04,12,8
2016-04-03 21:03:55,13,7
2016-04-03 21:13:58,13,7
2016-04-03 21:21:53,12,8
2016-04-03 21:31:56,12,8
2016-04-03 21:42:01,12,8
2016-04-03 21:52:06,12,8
2016-04-03 22:02:11,12,8
2016-04-03 22:12:15,12,8
2016-04-03 22:22:19,12,8
2016-04-03 22:32:23,12,8
2016-04-03 22:42:28,12,8
2016-04-03 22:52:31,12,8
2016-04-03 23:02:36,12,8
2016-04-03 23:06:15,13,7
2016-04-03 23:16:20,13,7
2016-04-03 23:25:06,14,6
2016-04-03 23:35:11,14,6
2016-04-03 23:45:14,14,6
2016-04-03 23:55:19,14,6
2016-04-03 23:57:03,15,5
2016-04-04 00:00:18,15,5
2016-04-04 00:01:00,15,5
2016-04-04 00:01:27,14,6
2016-04-04 00:11:31,14,6
2016-04-04 00:21:12,14,6
2016-04-04 00:22:09,12,8
2016-04-04 00:32:15,12,8
2016-04-04 00:42:19,12,8
2016-04-04 00:52:23,12,8
2016-04-04 01:02:27,12,8
2016-04-04 01:05:05,13,7
2016-04-04 01:07:09,13,7
2016-04-04 01:07:42,12,8
2016-04-04 01:17:46,12,8
2016-04-04 01:27:50,12,8
2016-04-04 01:37:54,12,8
2016-04-04 01:47:58,12,8
2016-04-04 01:58:03,12,8
2016-04-04 02:08:06,12,8
2016-04-04 02:18:10,12,8
2016-04-04 02:28:14,12,8
2016-04-04 02:38:18,12,8
2016-04-04 02:48:22,12,8
2016-04-04 02:58:26,12,8
2016-04-04 03:08:29,12,8
2016-04-04 03:18:33,12,8
2016-04-04 03:28:37,12,8
2016-04-04 03:38:41,12,8
2016-04-04 03:48:44,12,8
2016-04-04 03:58:48,12,8
2016-04-04 04:08:52,12,8
2016-04-04 04:15:17,12,8
2016-04-04 04:23:55,12,8
2016-04-04 04:33:59,12,8
2016-04-04 04:44:03,12,8
2016-04-04 04:54:07,12,8
2016-04-04 05:04:10,12,8
2016-04-04 05:14:14,12,8
2016-04-04 05:24:18,12,8
2016-04-04 05:34:22,12,8
2016-04-04 05:44:25,12,8
2016-04-04 05:54:29,12,8
2016-04-04 05:58:56,11,9
2016-04-04 06:08:59,11,9
2016-04-04 06:19:03,11,9
2016-04-04 06:29:09,11,9
2016-04-04 06:30:05,12,8
2016-04-04 06:40:09,12,8
2016-04-04 06:50:13,12,8
2016-04-04 07:00:17,12,8
2016-04-04 07:10:21,12,8
2016-04-04 07:20:25,12,8
2016-04-04 07:30:29,12,8
2016-04-04 07:35:20,11,9
2016-04-04 07:44:44,12,8
2016-04-04 07:48:16,13,7
2016-04-04 07:48:35,13,7
2016-04-04 07:55:18,14,6
2016-04-04 08:02:19,14,6
2016-04-04 08:02:22,13,7
2016-04-04 08:12:26,13,7
2016-04-04 08:20:18,13,7
2016-04-04 08:20:20,12,8
2016-04-04 08:26:16,12,8
2016-04-04 08:26:42,11,9
2016-04-04 08:28:54,12,8
2016-04-04 08:33:00,13,7
2016-04-04 08:33:40,14,6
2016-04-04 08:42:06,15,5
2016-04-04 08:42:33,14,6
2016-04-04 08:52:09,14,6
2016-04-04 08:52:49,13,7
2016-04-04 09:02:52,13,7
2016-04-04 09:04:16,14,6
2016-04-04 09:14:19,14,6
2016-04-04 09:14:58,14,6
2016-04-04 09:15:27,13,7
2016-04-04 09:22:20,13,7
2016-04-04 09:22:27,12,8
2016-04-04 09:23:26,11,9
2016-04-04 09:33:29,11,9
2016-04-04 09:43:33,11,9
2016-04-04 09:48:16,10,10
2016-04-04 09:49:06,9,11
2016-04-04 09:52:19,9,11
2016-04-04 09:52:49,8,12
2016-04-04 09:56:59,9,11
2016-04-04 09:57:35,9,11
2016-04-04 09:58:59,8,12
2016-04-04 09:59:41,7,13
2016-04-04 10:10:06,6,14
2016-04-04 10:10:36,5,15
2016-04-04 10:13:03,5,15
2016-04-04 10:13:39,4,16
2016-04-04 10:23:43,4,16
2016-04-04 10:33:47,4,16
2016-04-04 10:43:51,4,16
2016-04-04 10:53:55,4,16
2016-04-04 11:04:00,4,16
2016-04-04 11:08:01,4,16
2016-04-04 11:09:59,4,16
2016-04-04 11:10:36,4,16
2016-04-04 11:12:04,4,16
2016-04-04 11:12:45,2,17
2016-04-04 11:22:49,2,17
2016-04-04 11:32:53,2,17
2016-04-04 11:42:56,2,17
2016-04-04 11:51:40,3,16
2016-04-04 11:53:01,2,17
2016-04-04 12:03:08,1,18
2016-04-04 12:03:25,2,17
2016-04-04 12:13:30,2,17
2016-04-04 12:23:33,2,17
2016-04-04 12:33:37,2,17
2016-04-04 12:43:41,2,17
2016-04-04 12:53:58,1,18
2016-04-04 13:04:02,1,18
2016-04-04 13:14:07,1,18
2016-04-04 13:19:02,1,18
2016-04-04 13:19:34,0,19
2016-04-04 13:23:18,1,18
2016-04-04 13:33:23,1,18
2016-04-04 13:39:49,2,17
2016-04-04 13:46:43,3,16
2016-04-04 13:56:47,3,16
2016-04-04 14:06:52,3,16
2016-04-04 14:16:56,3,16
2016-04-04 14:27:00,3,16
2016-04-04 14:37:04,3,16
2016-04-04 14:47:08,3,16
2016-04-04 14:57:13,3,16
2016-04-04 15:07:16,3,16
2016-04-04 15:08:07,3,16
2016-04-04 15:09:07,2,17
2016-04-04 15:09:52,1,18
2016-04-04 15:19:58,1,18
2016-04-04 15:30:02,1,18
2016-04-04 15:31:59,2,17
2016-04-04 15:42:03,2,17
2016-04-04 15:51:42,3,16
2016-04-04 15:56:06,4,15
2016-04-04 16:06:11,4,15
2016-04-04 16:07:07,4,15
2016-04-04 16:12:56,4,15
2016-04-04 16:13:41,4,15
2016-04-04 16:25:16,4,15
2016-04-04 16:25:20,4,15
2016-04-04 17:36:32,5,14
2016-04-04 17:46:48,5,14
2016-04-04 17:54:11,5,14
2016-04-04 17:54:31,5,14
2016-04-04 18:30:05,7,12
2016-04-04 18:35:13,6,13
2016-04-04 18:45:16,6,13
2016-04-04 18:48:17,7,12
2016-04-04 18:49:06,7,12
2016-04-04 18:51:58,7,11
2016-04-04 19:02:02,7,11
2016-04-04 19:12:05,7,11
2016-04-04 19:14:19,7,11
2016-04-04 19:14:21,6,12
2016-04-04 19:24:25,6,12
2016-04-04 19:34:28,6,12
2016-04-04 19:41:01,7,11
2016-04-04 19:51:05,7,11
2016-04-04 20:01:09,7,11
2016-04-04 20:11:13,7,11
2016-04-04 20:21:16,7,11
2016-04-04 20:31:21,7,11
2016-04-04 20:41:25,7,11
2016-04-04 20:51:29,7,11
2016-04-04 21:01:33,7,11
2016-04-04 21:05:04,6,12
2016-04-04 21:15:08,6,12
2016-04-04 21:25:12,6,12
2016-04-04 21:33:28,7,11
2016-04-04 21:40:17,5,13
2016-04-04 21:50:20,5,13
2016-04-04 22:00:24,5,13
2016-04-04 22:10:28,5,13
2016-04-04 22:20:32,5,13
2016-04-04 22:29:43,4,14
2016-04-04 22:39:47,4,14
2016-04-04 22:40:57,5,13
2016-04-04 22:51:01,5,13
2016-04-04 23:01:04,5,13
2016-04-04 23:11:08,5,13
2016-04-04 23:21:12,5,13
2016-04-04 23:31:15,5,13
2016-04-04 23:41:19,5,13
2016-04-04 23:51:24,5,13
2016-04-05 00:00:57,6,12
2016-04-05 00:11:01,6,12
2016-04-05 00:14:54,7,11
2016-04-05 00:24:57,7,11
2016-04-05 00:25:40,8,10
2016-04-05 00:35:43,8,10
2016-04-05 00:45:48,8,10
2016-04-05 00:51:06,8,10
2016-04-05 00:51:26,7,11
2016-04-05 01:01:30,7,11
2016-04-05 01:11:35,7,11
2016-04-05 01:21:39,7,11
2016-04-05 01:31:42,7,11
2016-04-05 01:41:46,7,11
2016-04-05 01:51:50,7,11
2016-04-05 02:01:53,7,11
2016-04-05 02:11:58,7,11
2016-04-05 02:22:01,7,11
2016-04-05 02:32:05,7,11
2016-04-05 02:42:09,7,11
2016-04-05 02:52:12,7,11
2016-04-05 03:02:16,7,11
2016-04-05 03:12:20,7,11
2016-04-05 03:22:24,7,11
2016-04-05 03:32:27,7,11
2016-04-05 03:42:31,7,11
2016-04-05 03:52:35,7,11
2016-04-05 04:02:39,7,11
2016-04-05 04:12:42,7,11
2016-04-05 04:16:15,7,11
2016-04-05 04:24:18,7,11
2016-04-05 04:24:21,7,11
2016-04-05 04:34:25,7,11
2016-04-05 04:44:28,7,11
2016-04-05 04:54:33,7,11
2016-04-05 05:04:37,7,11
2016-04-05 05:14:41,7,11
2016-04-05 05:24:45,7,11
2016-04-05 05:34:49,7,11
2016-04-05 05:39:09,7,11
2016-04-05 05:40:11,6,12
2016-04-05 05:50:15,6,12
2016-04-05 05:54:15,5,13
2016-04-05 06:04:19,5,13
2016-04-05 06:14:24,5,13
2016-04-05 06:24:27,5,13
2016-04-05 06:34:32,5,13
2016-04-05 06:44:37,5,13
2016-04-05 06:54:40,5,13
2016-04-05 07:04:45,5,13
2016-04-05 07:14:49,5,13
2016-04-05 07:24:53,5,13
2016-04-05 07:28:32,5,13
2016-04-05 07:39:13,5,13
2016-04-05 07:49:16,5,13
2016-04-05 07:59:21,5,13
2016-04-05 08:04:52,6,12
2016-04-05 08:14:56,6,12
2016-04-05 08:25:00,6,12
2016-04-05 08:33:01,7,12
2016-04-05 08:33:23,6,13
2016-04-05 08:38:00,7,12
2016-04-05 08:48:04,7,12
2016-04-05 08:53:53,7,12
2016-04-05 08:54:34,6,13
2016-04-05 09:04:37,6,13
2016-04-05 09:14:41,6,13
2016-04-05 09:19:18,7,12
2016-04-05 09:29:23,7,12
2016-04-05 09:39:47,6,13
2016-04-05 09:49:51,6,13
2016-04-05 09:59:55,6,13
2016-04-05 10:04:39,7,12
2016-04-05 10:14:43,7,12
2016-04-05 10:24:46,7,12
2016-04-05 10:34:17,7,13
2016-04-05 10:44:21,7,13
2016-04-05 10:54:25,7,13
2016-04-05 11:04:28,7,13
2016-04-05 11:14:32,7,13
2016-04-05 11:24:37,7,13
2016-04-05 11:29:18,7,13
2016-04-05 11:39:22,7,13
2016-04-05 11:49:27,7,13
2016-04-05 11:59:31,7,13
2016-04-05 12:06:27,7,13
2016-04-05 12:07:25,6,14
2016-04-05 12:17:28,6,14
2016-04-05 12:27:32,6,14
2016-04-05 12:37:35,6,14
2016-04-05 12:47:39,6,14
2016-04-05 12:57:43,6,14
2016-04-05 13:07:47,6,14
2016-04-05 13:17:51,6,14
2016-04-05 13:19:02,6,14
2016-04-05 13:19:29,5,15
2016-04-05 13:29:34,5,15
2016-04-05 13:39:38,5,15
2016-04-05 13:49:19,5,15
2016-04-05 13:51:07,5,15
2016-04-05 13:51:34,4,16
2016-04-05 14:01:38,4,16
2016-04-05 14:11:42,4,16
2016-04-05 14:21:46,4,16
2016-04-05 14:25:49,5,15
2016-04-05 14:35:53,5,15
2016-04-05 14:45:57,5,15
2016-04-05 14:53:46,6,14
2016-04-05 15:03:50,6,14
2016-04-05 15:13:54,6,14
2016-04-05 15:21:13,7,13
2016-04-05 15:31:17,7,13
2016-04-05 15:42:12,7,13
2016-04-05 15:42:53,7,13
2016-04-05 15:43:34,6,14
2016-04-05 15:53:38,6,14
2016-04-05 16:03:41,6,14
2016-04-05 16:09:17,6,14
2016-04-05 16:09:39,5,15
2016-04-05 16:19:44,5,15
2016-04-05 16:29:49,5,15
2016-04-05 16:39:53,5,15
2016-04-05 16:49:58,5,15
2016-04-05 16:50:42,5,15
2016-04-05 16:51:33,4,16
2016-04-05 17:01:37,4,16
2016-04-05 17:11:42,4,16
2016-04-05 17:15:08,5,15
2016-04-05 17:25:12,5,15
2016-04-05 17:35:17,5,15
2016-04-05 17:38:19,5,15
2016-04-05 17:38:51,4,16
2016-04-05 17:44:16,3,17
2016-04-05 17:52:16,2,18
2016-04-05 18:02:19,2,18
2016-04-05 18:07:56,3,17
2016-04-05 18:18:00,3,17
2016-04-05 18:28:05,3,17
2016-04-05 18:38:09,3,17
2016-04-05 18:48:13,3,17
2016-04-05 18:58:18,3,17
2016-04-05 19:08:23,3,17
2016-04-05 19:18:26,3,17
2016-04-05 19:28:30,3,17
2016-04-05 19:32:31,4,16
2016-04-05 19:42:35,4,16
2016-04-05 19:44:11,4,16
2016-04-05 19:44:37,3,17
2016-04-05 19:45:33,4,16
2016-04-05 19:49:58,4,16
2016-04-05 19:50:24,3,17
2016-04-05 20:00:28,3,17
2016-04-05 20:07:17,3,17
2016-04-05 20:07:37,2,18
2016-04-05 20:15:50,1,19
2016-04-05 20:25:54,1,19
2016-04-05 20:35:57,1,19
2016-04-05 20:39:58,0,20
2016-04-05 20:50:02,0,20
2016-04-05 21:00:05,0,20
2016-04-05 21:10:09,0,20
2016-04-05 21:20:13,0,20
2016-04-05 21:30:17,0,20
2016-04-05 21:40:23,0,20
2016-04-05 21:50:26,0,20
2016-04-05 22:00:32,0,20
2016-04-05 22:10:36,0,20
2016-04-05 22:16:30,1,19
2016-04-05 22:26:36,1,19
2016-04-05 22:36:39,1,19
2016-04-05 22:46:43,1,19
2016-04-05 22:56:47,1,19
2016-04-05 23:06:53,1,19
2016-04-05 23:16:56,1,19
2016-04-05 23:27:00,1,19
2016-04-05 23:34:59,0,20
2016-04-05 23:45:04,0,20
2016-04-05 23:55:09,0,20
2016-04-06 00:05:13,0,20
2016-04-06 00:15:17,0,20
2016-04-06 00:25:22,0,20
2016-04-06 00:35:26,0,20
2016-04-06 00:45:30,0,20
2016-04-06 00:55:34,0,20
2016-04-06 01:05:38,0,20
2016-04-06 01:15:42,0,20
2016-04-06 01:25:45,0,20
2016-04-06 01:35:49,0,20
2016-04-06 01:45:54,0,20
2016-04-06 01:55:57,0,20
2016-04-06 02:06:01,0,20
2016-04-06 02:16:05,0,20
2016-04-06 02:26:09,0,20
2016-04-06 02:36:13,0,20
2016-04-06 02:46:18,0,20
2016-04-06 02:56:22,0,20
2016-04-06 03:06:27,0,20
2016-04-06 03:16:31,0,20
2016-04-06 03:26:34,0,20
2016-04-06 03:36:01,2,18
2016-04-06 03:46:05,2,18
2016-04-06 03:56:09,2,18
2016-04-06 04:06:13,2,18
2016-04-06 04:06:49,3,17
2016-04-06 04:11:49,4,16
2016-04-06 04:16:15,4,16
2016-04-06 04:22:04,4,16
2016-04-06 04:32:08,4,16
2016-04-06 04:42:12,4,16
2016-04-06 04:52:16,4,16
2016-04-06 05:02:20,4,16
2016-04-06 05:12:23,4,16
2016-04-06 05:22:27,4,16
2016-04-06 05:32:31,4,16
2016-04-06 05:42:35,4,16
2016-04-06 05:52:38,4,16
2016-04-06 05:55:17,4,16
2016-04-06 05:55:46,3,17
2016-04-06 06:05:49,3,17
2016-04-06 06:15:53,3,17
2016-04-06 06:25:57,3,17
2016-04-06 06:36:01,3,17
2016-04-06 06:46:05,3,17
2016-04-06 06:53:49,4,16
2016-04-06 07:03:53,4,16
2016-04-06 07:13:57,4,16
2016-04-06 07:24:01,4,16
2016-04-06 07:32:18,4,16
2016-04-06 07:32:20,5,15
2016-04-06 07:42:24,5,15
2016-04-06 07:50:05,4,16
2016-04-06 07:59:46,5,15
2016-04-06 08:02:06,6,14
2016-04-06 08:07:58,6,14
2016-04-06 08:08:26,5,15
2016-04-06 08:10:53,6,14
2016-04-06 08:20:57,6,14
2016-04-06 08:31:01,6,14
2016-04-06 08:33:45,5,15
2016-04-06 08:43:49,5,15
2016-04-06 08:53:53,5,15
2016-04-06 08:55:42,6,14
2016-04-06 09:05:45,6,14
2016-04-06 09:11:50,5,15
2016-04-06 09:21:54,5,15
2016-04-06 09:31:57,5,15
2016-04-06 09:42:01,5,15
2016-04-06 09:48:06,6,14
2016-04-06 09:53:02,5,15
2016-04-06 10:03:06,5,15
2016-04-06 10:05:50,5,15
2016-04-06 10:06:28,4,16
2016-04-06 10:16:32,4,16
2016-04-06 10:21:04,5,15
2016-04-06 10:31:09,5,15
2016-04-06 10:32:09,6,14
2016-04-06 10:34:00,6,14
2016-04-06 10:34:39,5,15
2016-04-06 10:44:43,5,15
2016-04-06 10:54:02,5,15
2016-04-06 11:04:06,5,15
2016-04-06 11:14:07,6,14
2016-04-06 11:24:11,6,14
2016-04-06 11:34:14,6,14
2016-04-06 11:44:19,6,14
2016-04-06 11:54:24,6,14
2016-04-06 12:05:13,6,14
2016-04-06 12:05:20,7,13
2016-04-06 12:06:22,8,12
2016-04-06 12:16:27,8,12
2016-04-06 12:26:32,8,12
2016-04-06 12:36:36,8,12
2016-04-06 12:46:40,8,12
2016-04-06 12:50:59,8,12
2016-04-06 12:51:29,7,13
2016-04-06 13:01:34,7,13
2016-04-06 13:11:39,7,13
2016-04-10 01:17:38,14,6
2016-04-10 01:27:42,14,6
2016-04-10 01:36:13,15,5
2016-04-10 01:36:40,14,6
2016-04-10 01:46:43,14,6
2016-04-10 01:56:47,14,6
2016-04-10 02:06:51,14,6
2016-04-10 02:16:55,14,6
2016-04-10 02:26:58,14,6
2016-04-10 02:37:02,14,6
2016-04-10 02:47:05,14,6
2016-04-10 02:57:00,15,5
2016-04-10 03:07:04,15,5
2016-04-10 03:17:07,15,5
2016-04-10 03:27:11,15,5
2016-04-10 03:37:17,16,4
2016-04-10 03:47:21,16,4
2016-04-10 03:53:39,17,3
2016-04-10 04:03:43,17,3
2016-04-10 04:13:47,17,3
2016-04-10 04:22:20,17,3
2016-04-10 04:30:15,19,1
2016-04-10 04:40:18,19,1
2016-04-10 04:50:21,19,1
2016-04-10 05:00:26,19,1
2016-04-10 05:01:50,20,0
2016-04-10 05:11:54,20,0
2016-04-10 05:21:56,20,0
2016-04-10 05:32:00,20,0
2016-04-10 05:42:04,20,0
2016-04-10 05:52:07,20,0
2016-04-10 06:02:11,20,0
2016-04-10 06:07:26,19,1
2016-04-10 06:17:30,19,1
2016-04-10 06:27:34,19,1
2016-04-10 06:37:38,19,1
2016-04-10 06:47:42,19,1
2016-04-10 06:57:45,19,1
2016-04-10 07:07:49,19,1
2016-04-10 07:13:22,19,1
2016-04-10 07:14:19,19,1
2016-04-10 07:24:22,19,1
2016-04-10 07:34:26,19,1
2016-04-10 07:44:30,19,1
2016-04-10 07:46:59,20,0
2016-04-10 07:57:03,20,0
2016-04-10 08:07:07,20,0
2016-04-10 08:17:10,20,0
2016-04-10 08:27:14,20,0
2016-04-10 08:37:18,20,0
2016-04-10 08:47:22,20,0
2016-04-10 08:57:26,20,0
2016-04-10 09:07:29,20,0
2016-04-10 09:17:32,20,0
2016-04-10 09:27:35,20,0
2016-04-10 09:36:15,19,1
2016-04-10 09:46:18,19,1
2016-04-10 09:56:22,19,1
2016-04-10 10:06:26,19,1
2016-04-10 10:16:30,19,1
2016-04-10 10:26:33,19,1
2016-04-10 10:29:36,18,2
2016-04-10 10:34:58,19,1
2016-04-10 10:45:02,19,1
2016-04-10 10:55:05,19,1
2016-04-10 11:05:08,19,1
2016-04-10 11:15:12,19,1
2016-04-10 11:25:15,19,1
2016-04-10 11:35:19,19,1
2016-04-10 11:45:23,19,1
2016-04-10 11:55:26,19,1
2016-04-10 12:05:29,19,1
2016-04-10 12:15:33,19,1
2016-04-10 12:25:37,19,1
2016-04-10 12:31:12,19,1
2016-04-10 12:31:47,18,2
2016-04-10 12:41:50,18,2
2016-04-10 12:51:54,18,2
2016-04-10 13:01:58,18,2
2016-04-10 13:03:27,18,2
2016-04-10 13:04:43,17,3
2016-04-10 13:05:11,16,4
2016-04-10 13:12:22,16,4
2016-04-10 13:12:54,15,5
2016-04-10 13:18:36,15,5
2016-04-10 13:18:38,16,4
2016-04-10 13:28:41,16,4
2016-04-10 13:32:06,17,3
2016-04-10 13:42:09,17,3
2016-04-10 13:52:12,17,3
2016-04-10 14:02:16,17,3
2016-04-10 14:12:20,17,3
2016-04-10 14:22:25,17,3
2016-04-10 14:32:26,17,3
2016-04-10 14:37:31,17,3
2016-04-10 14:37:59,16,4
2016-04-10 14:48:03,16,4
2016-04-10 14:58:06,16,4
2016-04-10 15:03:11,16,4
2016-04-10 15:03:53,15,5
2016-04-10 15:09:37,15,5
2016-04-10 15:10:09,14,6
2016-04-10 15:20:13,14,6
2016-04-10 15:23:21,15,5
2016-04-10 15:33:24,15,5
2016-04-10 15:41:06,15,5
2016-04-10 15:41:52,14,6
2016-04-10 15:51:56,14,6
2016-04-10 15:54:56,15,5
2016-04-10 15:56:01,16,4
2016-04-10 16:00:43,17,3
2016-04-10 16:03:23,16,4
2016-04-10 16:13:07,17,3
2016-04-10 16:23:04,18,2
2016-04-10 16:30:34,19,1
2016-04-10 16:40:37,19,1
2016-04-10 16:41:45,19,1
2016-04-10 16:43:48,19,1
2016-04-10 16:45:25,18,2
2016-04-10 16:46:13,17,3
2016-04-10 16:47:28,15,5
2016-04-10 16:57:31,15,5
2016-04-10 17:08:35,15,5
2016-04-10 17:27:34,15,5
2016-04-10 17:37:37,15,5
2016-04-10 17:47:41,15,5
2016-04-10 17:57:45,15,5
2016-04-10 18:01:30,18,2
2016-04-10 18:11:35,18,2
2016-04-10 18:16:47,19,1
2016-04-10 18:26:50,19,1
2016-04-10 18:36:54,19,1
2016-04-10 18:42:33,19,1
2016-04-10 18:43:07,18,2
2016-04-10 18:53:11,18,2
2016-04-10 19:03:16,18,2
2016-04-10 19:13:20,18,2
2016-04-10 19:23:24,18,2
2016-04-10 19:30:31,17,3
2016-04-10 19:31:40,17,3
2016-04-10 19:32:23,16,4
2016-04-10 19:33:27,16,4
2016-04-10 19:34:20,16,4
2016-04-10 19:34:50,15,5
2016-04-10 19:44:54,15,5
2016-04-10 19:55:09,16,4
2016-04-10 20:05:12,16,4
2016-04-10 20:15:16,16,4
2016-04-10 20:25:20,16,4
2016-04-10 20:27:36,16,4
2016-04-10 20:27:38,15,5
2016-04-10 20:34:16,15,5
2016-04-10 20:35:10,14,6
2016-04-10 20:45:14,14,6
2016-04-10 20:55:18,14,6
2016-04-10 21:05:22,14,6
2016-04-10 21:15:25,14,6
2016-04-10 21:25:29,14,6
2016-04-10 21:35:33,14,6
2016-04-10 21:37:33,14,6
2016-04-10 21:37:55,13,7
2016-04-10 21:39:21,13,7
2016-04-10 21:39:51,12,8
2016-04-10 21:49:55,12,8
2016-04-10 21:59:58,12,8
2016-04-10 22:10:02,12,8
2016-04-10 22:20:06,12,8
2016-04-10 22:30:10,12,8
2016-04-10 22:40:13,12,8
2016-04-10 22:44:29,13,7
2016-04-10 22:51:26,14,6
2016-04-10 23:01:31,14,6
2016-04-10 23:11:36,14,6
2016-04-10 23:21:39,14,6
2016-04-10 23:31:43,14,6
2016-04-10 23:41:47,14,6
2016-04-10 23:51:50,14,6
2016-04-11 00:01:54,14,6
2016-04-11 00:02:50,15,5
2016-04-11 00:12:53,15,5
2016-04-11 00:22:57,15,5
2016-04-11 00:33:00,15,5
2016-04-11 00:35:20,16,4
2016-04-11 00:45:24,16,4
2016-04-11 00:55:28,16,4
2016-04-11 01:05:33,16,4
2016-04-11 01:07:21,15,5
2016-04-11 01:17:25,15,5
2016-04-11 01:23:13,16,4
2016-04-11 01:33:16,16,4
2016-04-11 01:43:20,16,4
2016-04-11 01:53:24,16,4
2016-04-11 02:03:28,16,4
2016-04-11 02:13:31,16,4
2016-04-11 02:23:35,16,4
2016-04-11 02:33:39,16,4
2016-04-11 02:43:43,16,4
2016-04-11 02:53:46,16,4
2016-04-11 03:03:50,16,4
2016-04-11 03:13:54,16,4
2016-04-11 03:23:58,16,4
2016-04-11 03:34:01,16,4
2016-04-11 03:44:05,16,4
2016-04-11 03:54:09,16,4
2016-04-11 04:04:13,16,4
2016-04-11 04:14:17,16,4
2016-04-11 04:16:15,16,4
2016-04-11 04:23:50,16,4
2016-04-11 04:33:54,16,4
2016-04-11 04:43:57,16,4
2016-04-11 04:54:01,16,4
2016-04-11 05:04:04,16,4
2016-04-11 05:14:08,16,4
2016-04-11 05:24:12,16,4
2016-04-11 05:34:16,16,4
2016-04-11 05:44:20,16,4
2016-04-11 05:50:12,15,5
2016-04-11 06:00:16,15,5
2016-04-11 06:10:19,15,5
2016-04-11 06:20:23,15,5
2016-04-11 06:30:28,15,5
2016-04-11 06:40:31,15,5
2016-04-11 06:50:34,15,5
2016-04-11 07:00:38,15,5
2016-04-11 07:10:42,15,5
2016-04-11 07:20:46,15,5
2016-04-11 07:28:05,16,4
2016-04-11 07:38:08,16,4
2016-04-11 07:48:12,16,4
2016-04-11 07:58:16,16,4
2016-04-11 08:04:02,15,5
2016-04-11 08:14:06,15,5
2016-04-11 08:19:22,14,6
2016-04-11 08:29:26,14,6
2016-04-11 08:31:15,14,6
2016-04-11 08:39:06,13,7
2016-04-11 08:42:36,13,7
2016-04-11 08:42:38,14,6
2016-04-11 08:51:14,16,4
2016-04-11 08:58:48,16,4
2016-04-11 08:58:50,17,3
2016-04-11 09:08:53,17,3
2016-04-11 09:15:12,18,2
2016-04-11 09:25:16,18,2
2016-04-11 09:35:21,18,2
2016-04-11 09:44:07,19,1
2016-04-11 09:48:20,19,1
2016-04-11 09:49:03,18,2
2016-04-11 09:58:27,19,1
2016-04-11 10:08:30,19,1
2016-04-11 10:09:22,18,2
2016-04-11 10:16:32,19,1
2016-04-11 10:17:26,19,1
2016-04-11 10:18:17,18,2
2016-04-11 10:21:36,18,2
2016-04-11 10:21:41,17,3
2016-04-11 10:31:45,17,3
2016-04-11 10:41:48,17,3
2016-04-11 10:51:52,17,3
2016-04-11 11:01:56,17,3
2016-04-11 11:12:00,17,3
2016-04-11 11:15:45,18,2
2016-04-11 11:25:49,18,2
2016-04-11 11:35:54,18,2
2016-04-11 11:45:58,18,2
2016-04-11 11:56:01,18,2
2016-04-11 12:02:30,18,2
2016-04-11 12:03:03,17,3
2016-04-11 12:05:32,16,4
2016-04-11 12:06:16,15,5
2016-04-11 12:12:15,16,4
2016-04-11 12:19:31,16,4
2016-04-11 12:20:14,15,5
2016-04-11 12:21:41,15,5
2016-04-11 12:22:25,14,6
2016-04-11 12:32:29,14,6
2016-04-11 12:42:34,14,6
2016-04-11 12:52:37,14,6
2016-04-11 12:57:09,15,5
2016-04-11 13:07:13,15,5
2016-04-11 13:17:17,15,5
2016-04-11 13:18:44,14,6
2016-04-11 13:28:48,14,6
2016-04-11 13:38:29,15,5
2016-04-11 13:48:33,15,5
2016-04-11 13:58:36,15,5
2016-04-11 14:05:29,15,5
2016-04-11 14:06:33,13,7
2016-04-11 14:16:37,13,7
2016-04-11 14:26:42,13,7
2016-04-11 14:37:17,13,7
2016-04-11 14:39:16,12,8
2016-04-11 14:49:20,12,8
2016-04-11 14:59:24,12,8
2016-04-11 15:09:29,12,8
2016-04-11 15:15:08,12,8
2016-04-11 15:16:35,10,10
2016-04-11 15:19:20,10,10
2016-04-11 15:20:27,8,12
2016-04-11 15:23:26,8,12
2016-04-11 15:24:11,8,12
2016-04-11 15:27:48,9,11
2016-04-11 15:34:13,10,10
2016-04-11 15:44:18,10,10
2016-04-11 15:54:22,10,10
2016-04-11 16:01:25,10,10
2016-04-11 16:01:48,9,11
2016-04-11 16:09:10,10,10
2016-04-11 16:17:24,10,10
2016-04-11 16:18:34,9,11
2016-04-11 16:24:19,9,11
2016-04-11 16:24:52,8,12
2016-04-11 16:28:27,7,13
2016-04-11 16:38:30,7,13
2016-04-11 16:39:12,8,12
2016-04-11 16:39:43,7,13
2016-04-11 16:47:08,7,13
2016-04-11 16:48:04,6,14
2016-04-11 16:49:10,6,14
2016-04-11 16:51:28,5,15
2016-04-11 17:01:32,5,15
2016-04-11 17:12:26,5,15
2016-04-11 17:13:46,5,15
2016-04-11 17:17:56,6,14
2016-04-11 17:22:34,5,15
2016-04-11 17:27:29,3,17
2016-04-11 17:30:24,3,17
2016-04-11 17:30:51,2,18
2016-04-11 17:40:55,2,18
2016-04-11 17:42:45,1,19
2016-04-11 17:43:51,2,18
2016-04-11 17:47:30,3,17
2016-04-11 17:57:32,3,17
2016-04-11 18:06:38,4,16
2016-04-11 18:07:19,5,15
2016-04-11 18:17:22,5,15
2016-04-11 18:26:00,4,16
2016-04-11 18:27:04,4,16
2016-04-11 18:27:55,3,17
2016-04-11 18:29:31,4,16
2016-04-11 18:30:26,4,16
2016-04-11 18:30:54,3,17
2016-04-11 18:40:58,3,17
2016-04-11 18:51:13,3,17
2016-04-11 18:51:54,2,18
2016-04-11 18:54:31,3,17
2016-04-11 18:56:29,3,17
2016-04-11 18:57:40,3,17
2016-04-11 19:07:43,3,17
2016-04-11 19:16:09,4,16
2016-04-11 19:26:13,4,16
2016-04-11 19:26:48,5,15
2016-04-11 19:28:09,6,14
2016-04-11 19:29:26,8,12
2016-04-11 19:38:07,7,13
2016-04-11 19:46:31,6,14
2016-04-11 19:56:34,6,14
2016-04-11 20:06:38,6,14
2016-04-11 20:16:41,6,14
2016-04-11 20:26:45,6,14
2016-04-11 20:31:19,7,13
2016-04-11 20:41:22,7,13
2016-04-11 20:45:36,7,13
2016-04-11 20:45:38,6,14
2016-04-11 20:50:13,8,12
2016-04-11 20:50:40,7,13
2016-04-11 21:00:43,7,13
2016-04-11 21:10:37,7,13
2016-04-11 21:11:06,5,15
2016-04-11 21:19:28,4,15
2016-04-11 21:20:00,3,16
2016-04-11 21:30:04,4,16
2016-04-11 21:40:07,4,16
2016-04-11 21:50:10,4,16
2016-04-11 22:00:14,4,16
2016-04-11 22:01:29,3,17
2016-04-11 22:11:33,3,17
2016-04-11 22:21:36,3,17
2016-04-11 22:23:51,4,16
2016-04-11 22:33:55,4,16
2016-04-11 22:36:15,4,16
2016-04-11 22:37:13,2,17
2016-04-11 22:47:17,3,17
2016-04-11 22:57:20,3,17
2016-04-11 22:58:32,3,17
2016-04-11 22:59:00,2,18
2016-04-11 23:06:34,3,17
2016-04-11 23:08:38,4,16
2016-04-11 23:18:41,4,16
2016-04-11 23:26:16,3,17
2016-04-11 23:36:19,3,17
2016-04-11 23:46:23,3,17
2016-04-11 23:51:24,4,16
2016-04-11 23:51:46,3,17
2016-04-12 00:01:50,3,17
2016-04-12 00:11:54,3,17
2016-04-12 00:13:24,4,16
2016-04-12 00:14:18,5,15
2016-04-12 00:24:34,5,15
2016-04-12 00:25:00,4,16
2016-04-12 00:26:30,5,15
2016-04-12 00:35:29,6,14
2016-04-12 00:35:53,6,14
2016-04-12 00:45:56,6,14
2016-04-12 00:50:59,8,12
2016-04-12 01:01:02,8,12
2016-04-12 01:11:05,8,12
2016-04-12 01:21:09,8,12
2016-04-12 01:31:12,8,12
2016-04-12 01:41:17,8,12
2016-04-12 01:51:20,8,12
2016-04-12 02:01:24,8,12
2016-04-12 02:11:28,8,12
2016-04-12 02:21:32,8,12
2016-04-12 02:31:36,8,12
2016-04-12 02:41:39,8,12
2016-04-12 02:51:42,8,12
2016-04-12 03:01:46,8,12
2016-04-12 03:11:50,8,12
2016-04-12 03:21:54,8,12
2016-04-12 03:31:57,8,12
2016-04-12 03:42:01,8,12
2016-04-12 03:52:05,8,12
2016-04-12 04:02:08,8,12
2016-04-12 04:12:12,8,12
2016-04-12 04:15:18,8,12
2016-04-12 04:22:10,8,12
2016-04-12 04:32:14,8,12
2016-04-12 04:42:18,8,12
2016-04-12 04:52:22,8,12
2016-04-12 05:02:26,8,12
2016-04-12 05:12:29,8,12
2016-04-12 05:22:33,8,12
2016-04-12 05:32:37,8,12
2016-04-12 05:42:40,8,12
2016-04-12 05:52:44,8,12
2016-04-12 06:02:47,8,12
2016-04-12 06:12:50,8,12
2016-04-12 06:22:54,8,12
2016-04-12 06:32:57,8,12
2016-04-12 06:43:00,8,12
2016-04-12 06:53:03,8,12
2016-04-12 07:03:07,8,12
2016-04-12 07:13:11,8,12
2016-04-12 07:20:57,9,11
2016-04-12 07:31:01,9,11
2016-04-12 07:36:31,8,12
2016-04-12 07:44:37,7,13
2016-04-12 07:54:41,7,13
2016-04-12 08:04:44,7,13
2016-04-12 08:06:21,6,14
2016-04-12 08:08:02,6,14
2016-04-12 08:08:39,5,15
2016-04-12 08:15:49,6,14
2016-04-12 08:20:17,5,15
2016-04-12 08:30:20,5,15
2016-04-12 08:30:53,6,14
2016-04-12 08:33:36,7,13
2016-04-12 08:43:39,7,13
2016-04-12 08:54:19,6,14
2016-04-12 09:04:22,6,14
2016-04-12 09:11:23,6,14
2016-04-12 09:11:59,5,15
2016-04-12 09:22:02,5,15
2016-04-12 09:31:55,6,14
2016-04-12 09:36:20,5,15
2016-04-12 09:46:23,5,15
2016-04-12 09:49:52,5,15
2016-04-12 09:50:16,4,16
2016-04-12 09:59:35,4,16
2016-04-12 10:05:29,5,15
2016-04-12 10:06:36,5,15
2016-04-12 10:07:04,4,16
2016-04-12 10:08:54,5,15
2016-04-12 10:18:58,5,15
2016-04-12 10:24:30,6,14
2016-04-12 10:34:36,6,14
2016-04-12 10:36:35,6,14
2016-04-12 10:46:38,6,14
2016-04-12 10:50:16,5,15
2016-04-12 10:51:24,5,15
2016-04-12 10:51:46,4,16
2016-04-12 10:54:06,5,15
2016-04-12 10:59:31,4,16
2016-04-12 11:09:34,4,16
2016-04-12 11:10:26,4,16
2016-04-12 11:10:58,3,17
2016-04-12 11:21:01,3,17
2016-04-12 11:31:04,3,17
2016-04-12 11:41:08,3,17
2016-04-12 11:42:26,3,17
2016-04-12 11:43:27,2,18
2016-04-12 11:43:52,1,19
2016-04-12 11:53:56,1,19
2016-04-12 11:57:18,2,18
2016-04-12 12:04:33,2,18
2016-04-12 12:05:05,1,19
2016-04-12 12:15:09,1,19
2016-04-12 12:16:23,2,18
2016-04-12 12:20:17,4,16
2016-04-12 12:21:14,5,15
2016-04-12 12:22:41,5,15
2016-04-12 12:32:45,5,15
2016-04-12 12:38:27,5,15
2016-04-12 12:39:05,5,15
2016-04-12 12:40:33,4,16
2016-04-12 12:41:28,3,17
2016-04-12 12:41:54,2,18
2016-04-12 12:51:57,2,18
2016-04-12 12:54:17,3,17
2016-04-12 13:04:21,3,17
2016-04-12 13:12:18,2,18
2016-04-12 13:22:29,2,18
2016-04-12 13:32:32,2,18
2016-04-12 13:42:01,3,17
2016-04-12 13:44:05,3,17
2016-04-12 13:46:09,2,18
2016-04-12 13:56:12,2,18
2016-04-12 14:06:16,2,18
2016-04-12 14:13:53,4,16
2016-04-12 14:23:57,4,16
2016-04-12 14:28:47,5,15
2016-04-12 14:39:34,4,16
2016-04-12 14:49:38,4,16
2016-04-12 14:56:21,3,17
2016-04-12 15:06:24,3,17
2016-04-12 15:16:28,3,17
2016-04-12 15:18:38,3,17
2016-04-12 15:18:40,2,18
2016-04-12 15:28:43,2,18
2016-04-12 15:32:21,1,19
2016-04-12 15:40:33,3,17
2016-04-12 15:50:37,3,17
2016-04-12 15:54:11,3,17
2016-04-12 15:55:31,1,19
2016-04-12 16:05:35,1,19
2016-04-12 16:15:38,1,19
2016-04-12 16:25:41,1,19
2016-04-12 16:35:45,1,19
2016-04-12 16:36:03,1,19
2016-04-12 16:37:48,2,18
2016-04-12 16:42:32,2,18
2016-04-12 16:42:58,1,19
2016-04-12 16:51:17,0,20
2016-04-12 16:52:54,1,19
2016-04-12 17:02:58,1,19
2016-04-12 17:14:19,1,19
2016-04-12 17:23:37,1,19
2016-04-12 17:23:42,3,17
2016-04-12 17:33:39,2,18
2016-04-12 17:34:00,1,19
2016-04-12 17:36:54,2,18
2016-04-12 17:46:20,2,18
2016-04-12 17:47:02,1,19
2016-04-12 17:53:17,0,20
2016-04-12 18:01:05,0,20
2016-04-12 18:11:11,0,20
2016-04-12 18:13:52,1,19
2016-04-12 18:23:05,2,18
2016-04-12 18:24:34,3,17
2016-04-12 18:31:43,2,18
2016-04-12 18:36:12,3,17
2016-04-12 18:46:16,3,17
2016-04-12 18:52:26,3,17
2016-04-12 18:52:56,2,18
2016-04-12 18:55:25,1,19
2016-04-12 18:56:14,1,19
2016-04-12 18:56:41,0,20
2016-04-12 19:06:24,1,19
2016-04-12 19:08:30,2,18
2016-04-12 19:09:19,2,18
2016-04-12 19:09:45,1,19
2016-04-12 19:20:03,0,20
2016-04-12 19:30:07,0,20
2016-04-12 19:40:11,0,20
2016-04-12 19:42:24,1,19
2016-04-12 19:52:28,1,19
2016-04-12 20:02:32,1,19
2016-04-12 20:03:23,0,20
2016-04-12 20:13:28,0,20
2016-04-12 20:23:34,0,20
2016-04-12 20:25:15,2,18
2016-04-12 20:27:30,2,18
2016-04-12 20:27:47,1,19
2016-04-12 20:33:12,2,18
2016-04-12 20:43:16,2,18
2016-04-12 20:53:21,2,18
2016-04-12 21:03:25,2,18
2016-04-12 21:10:28,3,17
2016-04-12 21:20:32,3,17
2016-04-12 21:30:36,3,17
2016-04-12 21:40:39,3,17
2016-04-12 21:43:29,3,17
2016-04-12 21:43:47,2,18
2016-04-12 21:53:52,2,18
2016-04-12 22:03:58,2,18
2016-04-12 22:14:02,2,18
2016-04-12 22:24:08,2,18
2016-04-12 22:34:13,2,18
2016-04-16 02:01:24,1,19
2016-04-16 02:11:28,1,19
2016-04-16 02:14:24,2,18
2016-04-16 02:24:28,2,18
2016-04-16 02:34:32,2,18
2016-04-16 02:44:36,2,18
2016-04-16 02:54:41,2,18
2016-04-16 03:04:45,2,18
2016-04-16 03:14:48,2,18
2016-04-16 03:24:53,2,18
2016-04-16 03:34:56,2,18
2016-04-16 03:45:00,2,18
2016-04-16 03:51:59,3,17
2016-04-16 04:02:02,3,17
2016-04-16 04:12:06,3,17
2016-04-16 04:16:16,3,17
2016-04-16 04:22:04,3,17
2016-04-16 04:32:08,3,17
2016-04-16 04:42:12,3,17
2016-04-16 04:45:24,3,17
2016-04-16 04:46:01,3,17
2016-04-16 04:56:06,3,17
2016-04-16 05:06:09,3,17
2016-04-16 05:16:13,3,17
2016-04-16 05:26:17,3,17
2016-04-16 05:36:21,3,17
2016-04-16 05:46:25,3,17
2016-04-16 05:56:30,3,17
2016-04-16 06:06:34,3,17
2016-04-16 06:16:37,3,17
2016-04-16 06:26:41,3,17
2016-04-16 06:36:44,3,17
2016-04-16 06:46:48,3,17
2016-04-16 06:56:52,3,17
2016-04-16 07:06:56,3,17
2016-04-16 07:16:59,3,17
2016-04-16 07:27:03,3,17
2016-04-16 07:37:08,3,17
2016-04-16 07:47:12,3,17
2016-04-16 07:57:16,3,17
2016-04-16 08:07:19,3,17
2016-04-16 08:17:23,3,17
2016-04-16 08:27:29,3,17
2016-04-16 08:37:33,3,17
2016-04-16 08:47:38,3,17
2016-04-16 08:57:43,3,17
2016-04-16 09:07:47,3,17
2016-04-16 09:17:51,3,17
2016-04-16 09:27:56,3,17
2016-04-16 09:38:00,3,17
2016-04-16 09:40:23,4,16
2016-04-16 09:44:22,3,17
2016-04-16 09:54:27,3,17
2016-04-16 10:04:31,3,17
2016-04-16 10:14:36,3,17
2016-04-16 10:24:22,4,16
2016-04-16 10:34:26,4,16
2016-04-16 10:35:26,4,16
2016-04-16 10:35:53,3,17
2016-04-16 10:37:11,3,17
2016-04-16 10:37:52,2,18
2016-04-16 10:39:21,1,19
2016-04-16 10:49:25,1,19
2016-04-16 10:59:31,1,19
2016-04-16 11:09:35,1,19
2016-04-16 11:18:23,4,16
2016-04-16 11:19:07,7,13
2016-04-16 11:29:13,7,13
2016-04-16 11:39:17,7,13
2016-04-16 11:49:21,7,13
2016-04-16 11:59:26,7,13
2016-04-16 12:09:30,7,13
2016-04-16 12:16:04,7,13
2016-04-16 12:26:08,7,13
2016-04-16 12:29:27,8,12
2016-04-16 12:39:32,8,12
2016-04-16 12:49:36,8,12
2016-04-16 12:54:57,8,12
2016-04-16 12:57:08,8,12
2016-04-16 12:57:40,7,13
2016-04-16 13:07:45,7,13
2016-04-16 13:17:49,7,13
2016-04-16 13:27:54,7,13
2016-04-16 13:37:57,7,13
2016-04-16 13:41:16,6,14
2016-04-16 13:45:34,7,13
2016-04-16 13:55:37,7,13
2016-04-16 14:05:41,7,13
2016-04-16 14:15:45,7,13
2016-04-16 14:25:49,7,13
2016-04-16 14:35:52,7,13
2016-04-16 14:45:56,7,13
2016-04-16 14:56:00,7,13
2016-04-16 14:58:29,7,13
2016-04-16 15:00:11,7,13
2016-04-16 15:00:52,6,14
2016-04-16 15:04:31,5,15
2016-04-16 15:06:08,4,16
2016-04-16 15:09:22,3,17
2016-04-16 15:13:34,3,17
2016-04-16 15:14:03,3,17
2016-04-16 15:14:58,2,18
2016-04-16 15:19:27,1,19
2016-04-16 15:21:37,1,19
2016-04-16 15:22:02,0,20
2016-04-16 15:32:07,0,20
2016-04-16 15:39:54,1,19
2016-04-16 15:49:58,1,19
2016-04-16 16:07:41,3,17
2016-04-16 16:16:12,2,18
2016-04-16 16:36:19,0,20
2016-04-16 16:46:23,0,20
2016-04-16 16:56:29,0,20
2016-04-16 17:07:50,0,20
2016-04-16 17:22:45,0,20
2016-04-16 17:28:35,1,19
2016-04-16 17:29:31,1,19
2016-04-16 17:31:08,3,17
2016-04-16 17:32:14,4,16
2016-04-16 17:33:32,5,15
2016-04-16 17:35:06,6,14
2016-04-16 17:45:09,6,14
2016-04-16 17:55:13,6,14
2016-04-16 18:02:28,7,13
2016-04-16 18:12:31,7,13
2016-04-16 18:22:34,7,13
2016-04-16 18:32:37,7,13
2016-04-16 18:42:40,7,13
2016-04-16 18:52:43,7,13
2016-04-16 19:02:47,7,13
2016-04-16 19:12:51,7,13
2016-04-16 19:15:57,8,12
2016-04-16 19:26:01,8,12
2016-04-16 19:36:05,8,12
2016-04-16 19:46:08,8,12
2016-04-16 19:48:45,9,11
2016-04-16 19:50:00,9,11
2016-04-16 20:00:04,9,11
2016-04-16 20:10:07,9,11
2016-04-16 20:11:14,10,10
2016-04-16 20:21:18,10,10
2016-04-16 20:31:22,10,10
2016-04-16 20:41:26,10,10
2016-04-16 20:51:29,10,10
2016-04-16 21:01:33,10,10
2016-04-16 21:11:36,10,10
2016-04-16 21:21:40,10,10
2016-04-16 21:27:22,10,10
2016-04-16 21:28:27,10,10
2016-04-16 21:29:00,10,10
2016-04-16 21:30:29,9,11
2016-04-16 21:40:32,9,11
2016-04-16 21:50:36,9,11
2016-04-16 22:00:40,9,11
2016-04-16 22:05:38,9,11
2016-04-16 22:06:36,9,11
2016-04-16 22:07:13,8,12
2016-04-16 22:17:16,8,12
2016-04-16 22:27:20,8,12
2016-04-16 22:37:24,8,12
2016-04-16 22:47:27,8,12
2016-04-16 22:57:31,8,12
2016-04-16 23:07:35,8,12
2016-04-16 23:17:39,8,12
2016-04-16 23:27:43,8,12
2016-04-16 23:37:46,8,12
2016-04-16 23:47:50,8,12
2016-04-16 23:57:53,8,12
2016-04-17 00:07:58,8,12
2016-04-17 00:18:02,8,12
2016-04-17 00:25:29,9,11
2016-04-17 00:26:53,9,11
2016-04-17 00:28:22,9,11
2016-04-17 00:28:43,8,12
2016-04-17 00:38:46,8,12
2016-04-17 00:48:48,8,12
2016-04-17 00:50:22,7,13
2016-04-17 00:52:21,7,13
2016-04-17 00:54:06,7,13
2016-04-17 00:55:00,6,14
2016-04-17 01:05:03,6,14
2016-04-17 01:15:07,6,14
2016-04-17 01:25:09,6,14
2016-04-17 01:35:13,6,14
2016-04-17 01:42:16,5,15
2016-04-17 01:52:19,5,15
2016-04-17 02:02:23,5,15
2016-04-17 02:12:27,5,15
2016-04-17 02:22:29,5,15
2016-04-17 02:32:33,5,15
2016-04-17 02:42:37,5,15
2016-04-17 02:49:14,5,15
2016-04-17 02:49:43,4,16
2016-04-17 02:59:45,4,16
2016-04-17 03:09:49,4,16
2016-04-17 03:19:53,4,16
2016-04-17 03:29:57,4,16
2016-04-17 03:40:01,4,16
2016-04-17 03:50:04,4,16
2016-04-17 04:00:08,4,16
2016-04-17 04:05:07,5,15
2016-04-17 04:15:11,5,15
2016-04-17 04:22:10,5,15
2016-04-17 04:32:14,5,15
2016-04-17 04:42:17,5,15
2016-04-17 04:52:21,5,15
2016-04-17 05:02:25,5,15
2016-04-17 05:12:29,5,15
2016-04-17 05:22:32,5,15
2016-04-17 05:32:36,5,15
2016-04-17 05:42:39,5,15
2016-04-17 05:52:43,5,15
2016-04-17 06:02:47,5,15
2016-04-17 06:12:51,5,15
2016-04-17 06:22:54,5,15
2016-04-17 06:32:58,5,15
2016-04-17 06:43:02,5,15
2016-04-17 06:53:05,5,15
2016-04-17 07:03:08,5,15
2016-04-17 07:13:14,5,15
2016-04-17 07:23:16,5,15
2016-04-17 07:33:19,5,15
2016-04-17 07:43:22,5,15
2016-04-17 07:48:49,5,15
2016-04-17 07:49:46,4,16
2016-04-17 07:59:50,4,16
2016-04-17 08:09:53,4,16
2016-04-17 08:19:57,4,16
2016-04-17 08:30:01,4,16
2016-04-17 08:40:04,4,16
2016-04-17 08:50:08,4,16
2016-04-17 09:00:11,4,16
2016-04-17 09:10:15,4,16
2016-04-17 09:20:19,4,16
2016-04-17 09:30:23,4,16
2016-04-17 09:40:27,4,16
2016-04-17 09:50:30,4,16
2016-04-17 10:00:34,4,16
2016-04-17 10:10:38,4,16
2016-04-17 10:20:42,4,16
2016-04-17 10:30:45,4,16
2016-04-17 10:35:21,4,16
2016-04-17 10:35:52,3,17
2016-04-17 10:45:55,3,17
2016-04-17 10:47:08,3,17
2016-04-17 10:48:07,2,18
2016-04-17 10:58:10,2,18
2016-04-17 11:08:13,2,18
2016-04-17 11:18:17,2,18
2016-04-17 11:28:21,2,18
2016-04-17 11:38:25,2,18
2016-04-17 11:48:28,2,18
2016-04-17 11:58:32,2,18
2016-04-17 12:08:36,2,18
2016-04-17 12:18:39,2,18
2016-04-17 12:28:43,2,18
2016-04-17 12:38:47,2,18
2016-04-17 12:48:50,2,18
2016-04-17 12:58:54,2,18
2016-04-17 13:08:58,2,18
2016-04-17 13:19:01,2,18
2016-04-17 13:29:04,2,18
2016-04-17 13:29:56,1,19
2016-04-17 13:40:00,1,19
2016-04-17 13:50:04,1,19
2016-04-17 14:00:07,1,19
2016-04-17 14:10:11,1,19
2016-04-17 14:20:15,1,19
2016-04-17 14:25:23,2,18
2016-04-17 14:35:26,2,18
2016-04-17 14:45:30,2,18
2016-04-17 14:55:34,2,18
2016-04-17 15:05:37,2,18
2016-04-17 15:09:22,1,19
2016-04-17 15:19:26,1,19
2016-04-17 15:29:29,1,19
2016-04-17 15:39:33,1,19
2016-04-17 15:46:32,1,19
2016-04-17 15:46:34,2,18
2016-04-17 15:56:38,2,18
2016-04-17 16:06:41,2,18
2016-04-17 16:15:35,2,18
2016-04-17 16:16:34,4,16
2016-04-17 16:17:23,4,16
2016-04-17 16:27:27,4,16
2016-04-17 16:37:30,4,16
2016-04-17 16:46:22,3,17
2016-04-17 16:56:25,3,17
2016-04-17 17:06:29,3,17
2016-04-17 17:10:10,2,18
2016-04-17 17:20:13,2,18
2016-04-17 17:30:16,2,18
2016-04-17 17:40:19,2,18
2016-04-17 17:50:23,2,18
2016-04-17 17:51:07,1,19
2016-04-17 18:01:11,1,19
2016-04-17 18:11:14,1,19
2016-04-17 18:21:18,1,19
2016-04-17 18:31:21,1,19
2016-04-17 18:41:26,1,19
2016-04-17 18:51:29,1,19
2016-04-17 19:01:33,1,19
2016-04-17 19:11:36,1,19
2016-04-17 19:20:30,1,19
2016-04-17 19:20:56,2,18
2016-04-17 19:29:01,3,17
2016-04-17 19:39:05,3,17
2016-04-17 19:49:09,3,17
2016-04-17 19:59:12,3,17
2016-04-17 20:09:16,3,17
2016-04-17 20:19:19,3,17
2016-04-17 20:24:27,4,16
2016-04-17 20:25:28,4,16
2016-04-17 20:35:31,4,16
2016-04-17 20:45:35,4,16
2016-04-17 20:55:38,4,16
2016-04-17 21:05:42,4,16
2016-04-17 21:15:46,4,16
2016-04-17 21:25:49,4,16
2016-04-17 21:32:41,5,15
2016-04-17 21:42:44,5,15
2016-04-17 21:52:48,5,15
2016-04-17 21:57:57,5,15
2016-04-17 21:59:09,4,16
2016-04-17 22:00:31,4,16
2016-04-17 22:00:56,3,17
2016-04-17 22:11:00,3,17
2016-04-17 22:21:04,3,17
2016-04-17 22:31:07,3,17
2016-04-17 22:41:11,3,17
2016-04-17 22:51:14,3,17
2016-04-17 23:01:18,3,17
2016-04-17 23:11:22,3,17
2016-04-17 23:21:26,3,17
2016-04-17 23:31:30,3,17
2016-04-17 23:41:33,3,17
2016-04-17 23:42:20,4,16
2016-04-17 23:52:24,4,16
2016-04-17 23:52:52,5,15
2016-04-18 00:02:56,5,15
2016-04-18 00:13:00,5,15
2016-04-18 00:23:04,5,15
2016-04-18 00:33:07,5,15
2016-04-18 00:43:11,5,15
2016-04-18 00:53:15,5,15
2016-04-18 01:00:15,6,14
2016-04-18 01:10:18,6,14
2016-04-18 01:20:21,6,14
2016-04-18 01:21:06,7,13
2016-04-18 01:31:09,7,13
2016-04-18 01:41:13,7,13
2016-04-18 01:51:16,7,13
2016-04-18 02:01:20,7,13
2016-04-18 02:11:23,7,13
2016-04-18 02:21:27,7,13
2016-04-18 02:31:31,7,13
2016-04-18 02:41:34,7,13
2016-04-18 02:51:38,7,13
2016-04-18 03:01:42,7,13
2016-04-18 03:11:46,7,13
2016-04-18 03:21:49,7,13
2016-04-18 03:31:53,7,13
2016-04-18 03:41:57,7,13
2016-04-18 03:52:01,7,13
2016-04-18 04:02:04,7,13
2016-04-18 04:12:08,7,13
2016-04-18 04:15:16,7,13
2016-04-18 04:19:34,7,13
2016-04-18 04:19:39,7,13
2016-04-18 04:29:42,7,13
2016-04-18 04:39:45,7,13
2016-04-18 04:49:49,7,13
2016-04-18 04:59:52,7,13
2016-04-18 05:09:56,7,13
2016-04-18 05:20:00,7,13
2016-04-18 05:30:03,7,13
2016-04-18 05:40:06,7,13
2016-04-18 05:50:09,7,13
2016-04-18 06:00:13,7,13
2016-04-18 06:10:17,7,13
2016-04-18 06:20:21,7,13
2016-04-18 06:30:25,7,13
2016-04-18 06:40:28,7,13
2016-04-18 06:50:31,7,13
2016-04-18 07:00:34,7,13
2016-04-18 07:10:38,7,13
2016-04-18 07:20:51,7,13
2016-04-18 07:27:46,8,12
2016-04-18 07:32:32,9,11
2016-04-18 07:42:34,9,11
2016-04-18 07:52:37,9,11
2016-04-18 08:02:41,9,11
2016-04-18 08:06:30,10,10
2016-04-18 08:07:29,10,10
2016-04-18 08:17:32,10,10
2016-04-18 08:24:21,9,11
2016-04-18 08:34:25,9,11
2016-04-18 08:35:18,8,12
2016-04-18 08:39:27,8,12
2016-04-18 08:39:48,7,13
2016-04-18 08:49:01,7,13
2016-04-18 08:49:42,6,14
2016-04-18 08:59:47,6,14
2016-04-18 09:04:36,6,14
2016-04-18 09:05:06,5,15
2016-04-18 09:12:37,4,16
2016-04-18 09:22:41,4,16
2016-04-18 09:32:44,4,16
2016-04-18 09:35:30,3,17
2016-04-18 09:40:21,4,16
2016-04-18 09:50:25,4,16
2016-04-18 10:00:29,4,16
2016-04-18 10:10:33,4,16
2016-04-18 10:20:49,4,16
2016-04-18 10:30:53,4,16
2016-04-18 10:40:57,4,16
2016-04-18 10:51:00,4,16
2016-04-18 11:01:04,4,16
2016-04-18 11:11:08,4,16
2016-04-18 11:16:11,5,15
2016-04-18 11:26:14,5,15
2016-04-18 11:36:52,5,15
2016-04-18 11:41:34,5,15
2016-04-18 11:41:35,5,15
2016-04-18 11:51:39,5,15
2016-04-18 12:01:42,5,15
2016-04-18 12:11:32,4,16
2016-04-18 12:21:36,4,16
2016-04-18 12:31:39,4,16
2016-04-18 12:41:43,4,16
2016-04-18 12:51:46,4,16
2016-04-18 13:01:31,5,15
2016-04-18 13:01:52,4,16
2016-04-18 13:10:28,4,16
2016-04-18 13:20:40,4,16
2016-04-18 13:30:44,4,16
2016-04-18 13:40:48,4,16
2016-04-18 13:50:51,4,16
2016-04-18 14:00:55,4,16
2016-04-18 14:10:59,4,16
2016-04-18 14:18:06,5,15
2016-04-18 14:28:10,5,15
2016-04-18 14:35:52,5,15
2016-04-18 14:37:27,5,15
2016-04-18 14:38:04,4,16
2016-04-18 14:48:07,4,16
2016-04-18 14:58:10,4,16
2016-04-18 15:08:14,4,16
2016-04-18 15:18:18,4,16
2016-04-18 15:28:22,4,16
2016-04-18 15:38:25,4,16
2016-04-18 15:48:29,4,16
2016-04-18 15:58:33,4,16
2016-04-18 16:02:40,5,15
2016-04-18 16:05:02,6,14
2016-04-18 16:06:20,6,14
2016-04-18 16:16:25,8,12
2016-04-18 16:16:46,9,11
2016-04-18 16:18:02,10,10
2016-04-18 16:28:06,10,10
2016-04-18 16:30:40,9,11
2016-04-18 16:31:19,8,12
2016-04-18 16:31:52,7,13
2016-04-18 16:34:41,7,13
2016-04-18 16:35:06,7,13
2016-04-18 16:45:09,7,13
2016-04-18 16:55:12,7,13
2016-04-18 16:55:46,8,12
2016-04-18 17:01:19,8,12
2016-04-18 17:01:56,7,13
2016-04-18 17:09:31,7,13
2016-04-18 17:10:11,6,14
2016-04-18 17:16:24,6,14
2016-04-18 17:17:02,6,14
2016-04-18 17:17:52,6,14
2016-04-18 17:27:55,6,14
2016-04-18 17:33:31,7,13
2016-04-18 17:43:35,7,13
2016-04-18 17:47:11,8,12
2016-04-18 17:57:04,8,12
2016-04-18 17:58:25,8,12
2016-04-18 17:59:03,8,12
2016-04-18 18:06:18,8,12
2016-04-18 18:06:45,7,13
2016-04-18 18:14:54,8,12
2016-04-18 18:18:17,7,13
2016-04-18 18:28:31,9,11
2016-04-18 18:37:53,10,10
2016-04-18 18:39:06,9,11
2016-04-18 18:49:10,9,11
2016-04-18 18:52:58,10,10
2016-04-18 18:59:29,10,10
2016-04-18 18:59:58,9,11
2016-04-18 19:05:15,10,10
2016-04-18 19:06:58,11,9
2016-04-18 19:08:14,11,9
2016-04-18 19:08:36,10,10
2016-04-18 19:12:47,10,10
2016-04-18 19:13:14,8,12
2016-04-18 19:23:17,8,12
2016-04-18 19:27:38,9,11
2016-04-18 19:37:41,9,11
2016-04-18 19:43:26,9,11
2016-04-18 19:44:10,8,12
2016-04-18 19:54:14,8,12
2016-04-18 19:58:01,9,11
2016-04-18 20:08:05,9,11
2016-04-18 20:18:09,9,11
2016-04-18 20:20:33,11,9
2016-04-18 20:30:37,11,9
2016-04-18 20:40:41,11,9
2016-04-18 20:50:45,11,9
2016-04-18 20:55:03,12,8
2016-04-18 21:05:06,12,8
2016-04-18 21:11:09,11,9
2016-04-18 21:18:03,10,10
2016-04-18 21:28:07,10,10
2016-04-18 21:30:03,11,9
2016-04-18 21:40:07,11,9
2016-04-18 21:50:11,11,9
2016-04-18 21:52:35,12,8
2016-04-18 22:02:39,12,8
2016-04-18 22:12:43,12,8
2016-04-18 22:14:05,13,7
2016-04-18 22:15:37,14,6
2016-04-18 22:25:41,14,6
2016-04-18 22:35:44,14,6
2016-04-18 22:44:13,14,6
2016-04-18 22:44:34,14,6
2016-04-18 22:54:42,14,6
2016-04-18 23:04:45,14,6
2016-04-18 23:14:49,14,6
2016-04-18 23:24:53,14,6
2016-04-18 23:30:06,15,5
2016-04-18 23:40:10,15,5
2016-04-18 23:50:14,15,5
2016-04-19 00:00:17,15,5
2016-04-19 00:10:21,15,5
2016-04-19 00:20:25,15,5
2016-04-19 00:30:28,15,5
2016-04-19 00:40:31,15,5
2016-04-19 00:43:02,16,4
2016-04-19 00:47:32,15,5
2016-04-19 00:48:53,15,5
2016-04-19 00:49:18,14,6
2016-04-19 00:51:27,13,7
2016-04-19 00:59:42,12,8
2016-04-19 01:09:46,12,8
2016-04-19 01:19:49,12,8
2016-04-19 01:29:52,12,8
2016-04-19 01:39:56,12,8
2016-04-19 01:49:59,12,8
2016-04-19 02:00:03,12,8
2016-04-19 02:10:06,12,8
2016-04-19 02:20:10,12,8
2016-04-19 02:30:13,12,8
2016-04-19 02:40:17,12,8
2016-04-19 02:50:21,12,8
2016-04-19 03:00:25,12,8
2016-04-19 03:10:28,12,8
2016-04-19 03:20:32,12,8
2016-04-19 03:30:36,12,8
2016-04-19 03:40:40,12,8
2016-04-19 03:50:43,12,8
2016-04-19 04:00:47,12,8
2016-04-19 04:10:51,12,8
2016-04-19 04:21:17,12,8
2016-04-19 04:22:17,12,8
2016-04-19 04:32:20,12,8
2016-04-19 04:42:24,12,8
2016-04-19 04:52:28,12,8
2016-04-19 05:02:31,12,8
2016-04-19 05:03:54,12,8
2016-04-19 05:04:51,11,9
2016-04-19 05:14:55,11,9
2016-04-19 05:24:59,11,9
2016-04-19 05:35:02,11,9
2016-04-19 05:45:06,11,9
2016-04-19 05:55:10,11,9
2016-04-19 06:05:13,11,9
2016-04-19 06:15:16,11,9
2016-04-19 06:25:20,11,9
2016-04-19 06:35:24,11,9
2016-04-19 06:45:28,11,9
2016-04-19 06:55:31,11,9
2016-04-19 07:05:35,11,9
2016-04-19 07:15:38,11,9
2016-04-19 07:17:28,12,8
2016-04-19 07:27:32,12,8
2016-04-19 07:29:32,12,8
2016-04-19 07:30:08,11,9
2016-04-19 07:32:32,12,8
2016-04-19 07:40:52,12,7
2016-04-19 07:41:16,13,7
2016-04-19 07:51:20,13,7
2016-04-19 08:01:23,13,7
2016-04-19 08:06:33,14,6
2016-04-19 08:10:55,14,6
2016-04-19 08:10:59,13,7
2016-04-19 08:21:02,13,7
2016-04-19 08:22:42,12,8
2016-04-19 08:24:25,11,9
2016-04-19 08:26:39,10,10
2016-04-19 08:30:24,9,11
2016-04-19 08:40:28,9,11
2016-04-19 08:50:32,9,11
2016-04-19 08:59:01,10,10
2016-04-19 09:09:04,10,10
2016-04-19 09:17:34,10,10
2016-04-19 09:18:37,8,12
2016-04-19 09:28:40,8,12
2016-04-19 09:33:16,9,11
2016-04-19 09:39:25,9,11
2016-04-19 09:40:10,9,11
2016-04-19 09:50:14,9,11
2016-04-19 10:00:38,9,11
2016-04-19 10:01:36,8,12
2016-04-19 10:11:40,8,12
2016-04-19 10:21:44,8,12
2016-04-19 10:31:47,8,12
2016-04-19 10:41:51,8,12
2016-04-19 10:51:55,8,12
2016-04-19 11:01:59,8,12
2016-04-19 11:12:03,8,12
2016-04-19 11:22:06,8,12
2016-04-19 11:32:10,8,12
2016-04-19 11:42:13,8,12
2016-04-19 11:52:16,8,12
2016-04-19 12:02:20,8,12
2016-04-19 12:05:13,9,11
2016-04-19 12:15:17,9,11
2016-04-19 12:23:54,9,11
2016-04-19 12:23:56,10,10
2016-04-19 12:34:00,10,10
2016-04-19 12:44:04,10,10
2016-04-19 12:54:07,10,10
2016-04-19 13:04:11,10,10
2016-04-19 13:14:14,10,10
2016-04-19 13:24:17,10,10
2016-04-19 13:31:54,9,11
2016-04-19 13:39:06,10,10
2016-04-19 13:49:09,10,10
2016-04-19 13:59:13,10,10
2016-04-19 14:09:17,10,10
2016-04-19 14:19:21,10,10
2016-04-19 14:30:26,10,10
2016-04-19 14:31:00,9,11
2016-04-19 14:41:04,9,11
2016-04-19 14:51:07,9,11
2016-04-19 15:01:11,9,11
2016-04-19 15:09:40,10,10
2016-04-19 15:19:43,10,10
2016-04-19 15:24:47,10,10
2016-04-19 15:25:51,10,10
2016-04-19 15:26:36,10,10
2016-04-19 15:27:03,9,11
2016-04-19 15:37:07,9,11
2016-04-19 15:47:10,9,11
2016-04-19 15:57:42,9,11
2016-04-19 15:58:19,9,11
2016-04-19 16:05:52,8,12
2016-04-19 16:15:55,8,12
2016-04-19 16:20:42,8,12
2016-04-19 16:22:36,8,12
2016-04-19 16:23:07,7,13
2016-04-19 16:33:10,7,13
2016-04-19 16:39:38,7,13
2016-04-19 16:40:28,7,13
2016-04-19 16:41:43,6,14
2016-04-19 16:51:46,6,14
2016-04-19 17:01:50,6,14
2016-04-19 17:12:27,6,14
2016-04-19 17:26:25,6,14
2016-04-19 17:36:30,6,14
2016-04-19 17:46:52,7,13
2016-04-19 17:54:33,7,13
2016-04-19 17:55:43,7,13
2016-04-19 17:56:44,6,14
2016-04-19 18:00:22,7,13
2016-04-19 18:04:43,9,11
2016-04-19 18:14:48,9,11
2016-04-19 18:24:51,9,11
2016-04-19 18:30:20,8,12
2016-04-19 18:33:23,7,13
2016-04-19 18:43:27,7,13
2016-04-19 18:52:31,6,14
2016-04-19 18:53:49,5,15
2016-04-19 19:01:59,6,14
2016-04-19 19:04:16,7,13
2016-04-19 19:08:04,8,12
2016-04-19 19:16:54,8,12
2016-04-19 19:16:56,7,13
2016-04-19 19:22:37,6,14
2016-04-19 19:23:53,6,14
2016-04-19 19:24:17,5,15
2016-04-19 19:34:22,5,15
2016-04-19 19:40:36,6,14
2016-04-19 19:44:54,7,13
2016-04-19 19:48:46,8,12
2016-04-19 19:49:11,7,13
2016-04-19 19:55:41,8,12
2016-04-19 20:05:44,8,12
2016-04-19 20:14:43,7,13
2016-04-19 20:21:31,8,12
2016-04-19 20:25:53,8,12
2016-04-19 20:26:20,7,13
2016-04-19 20:36:24,7,13
2016-04-19 20:46:29,7,13
2016-04-19 20:56:33,7,13
2016-04-19 21:06:37,7,13
2016-04-19 21:11:50,7,13
2016-04-19 21:12:10,6,14
2016-04-19 21:22:15,6,14
2016-04-19 21:30:33,7,13
2016-04-19 21:31:27,8,12
2016-04-19 21:41:30,8,12
2016-04-19 21:51:34,8,12
2016-04-19 22:01:38,8,12
2016-04-19 22:11:41,8,12
2016-04-19 22:21:45,8,12
2016-04-19 22:31:49,8,12
2016-04-19 22:41:22,9,11
2016-04-19 22:51:26,9,11
2016-04-19 23:01:31,9,11
2016-04-19 23:11:35,9,11
2016-04-19 23:21:40,9,11
2016-04-19 23:31:43,9,11
2016-04-19 23:41:47,9,11
2016-04-19 23:51:51,9,11
2016-04-20 00:01:55,9,11
2016-04-20 00:11:58,9,11
2016-04-20 00:22:03,9,11
2016-04-20 00:32:08,9,11
2016-04-20 00:38:43,10,10
2016-04-20 00:48:47,10,10
2016-04-20 00:58:50,10,10
2016-04-20 01:08:54,10,10
2016-04-20 01:18:58,10,10
2016-04-20 01:29:01,10,10
2016-04-20 01:39:05,10,10
2016-04-20 01:49:09,10,10
2016-04-20 01:59:13,10,10
2016-04-20 02:09:16,10,10
2016-04-20 02:19:20,10,10
2016-04-20 02:29:24,10,10
2016-04-20 02:39:28,10,10
2016-04-20 02:49:31,10,10
2016-04-20 02:59:35,10,10
2016-04-20 03:09:39,10,10
2016-04-20 03:19:43,10,10
2016-04-20 03:29:46,10,10
2016-04-20 03:39:51,10,10
2016-04-20 03:47:35,12,8
2016-04-20 03:57:39,12,8
2016-04-20 04:07:43,12,8
2016-04-20 04:15:18,12,8
2016-04-20 04:21:52,12,8
2016-04-20 04:22:29,12,8
2016-04-20 04:26:06,12,8
2016-04-20 04:36:09,12,8
2016-04-20 04:46:13,12,8
2016-04-20 04:56:16,12,8
2016-04-20 05:06:20,12,8
2016-04-20 05:16:24,12,8
2016-04-20 05:26:28,12,8
2016-04-20 05:36:31,12,8
2016-04-20 05:46:35,12,8
2016-04-20 05:56:39,12,8
2016-04-20 06:06:43,12,8
2016-04-20 06:16:46,12,8
2016-04-20 06:26:50,12,8
2016-04-20 06:36:54,12,8
2016-04-20 06:46:58,12,8
2016-04-20 06:57:03,12,8
2016-04-20 07:07:07,12,8
2016-04-20 07:17:11,12,8
2016-04-20 07:27:54,12,8
2016-04-20 07:27:56,13,7
2016-04-20 07:38:00,13,7
2016-04-20 07:39:53,13,7
2016-04-20 07:39:55,14,6
2016-04-20 07:49:58,14,6
2016-04-20 08:00:02,14,6
2016-04-20 08:05:13,15,5
2016-04-20 08:15:17,15,5
2016-04-20 08:16:27,14,6
2016-04-20 08:19:38,14,6
2016-04-20 08:19:58,13,7
2016-04-20 08:23:25,12,8
2016-04-20 08:26:53,12,8
2016-04-20 08:27:19,11,9
2016-04-20 08:37:22,11,9
2016-04-20 08:40:52,10,10
2016-04-20 08:41:15,9,11
2016-04-20 08:43:37,10,10
2016-04-20 08:53:41,10,10
2016-04-20 09:03:46,10,10
2016-04-20 09:13:49,10,10
2016-04-20 09:14:44,10,10
2016-04-20 09:15:05,9,11
2016-04-20 09:25:09,9,11
2016-04-20 09:35:13,9,11
2016-04-20 09:45:17,9,11
2016-04-20 09:51:33,8,12
2016-04-20 10:01:39,8,12
2016-04-20 10:11:43,8,12
2016-04-20 10:21:46,8,12
2016-04-20 10:31:50,8,12
2016-04-20 10:41:55,8,12
2016-04-20 10:51:58,8,12
2016-04-20 11:02:02,8,12
2016-04-20 11:12:06,8,12
2016-04-20 11:22:10,8,12
2016-04-20 11:32:15,8,12
2016-04-20 11:42:19,8,12
2016-04-20 11:52:23,8,12
2016-04-20 12:02:27,8,12
2016-04-20 12:05:40,9,11
2016-04-20 12:11:54,9,11
2016-04-20 12:11:57,8,12
2016-04-20 12:13:02,9,11
2016-04-20 12:23:06,9,11
2016-04-20 12:30:11,10,10
2016-04-20 12:40:15,10,10
2016-04-20 12:50:20,10,10
2016-04-20 13:00:24,10,10
2016-04-20 13:10:28,10,10
2016-04-20 13:20:32,10,10
2016-04-20 13:25:07,11,9
2016-04-20 13:35:10,11,9
2016-04-20 13:44:32,12,8
2016-04-20 13:46:41,11,9
2016-04-20 13:56:45,11,9
2016-04-20 14:06:48,11,9
2016-04-20 14:16:52,11,9
2016-04-20 14:26:57,11,9
2016-04-20 14:37:01,11,9
2016-04-20 14:47:05,11,9
2016-04-20 14:57:09,11,9
2016-04-20 15:00:37,11,9
2016-04-20 15:01:41,11,9
2016-04-20 15:02:15,10,10
2016-04-20 15:13:19,10,10
2016-04-20 15:22:55,10,10
2016-04-20 15:32:59,10,10
2016-04-20 15:35:54,11,9
2016-04-20 15:41:08,12,8
2016-04-20 15:51:13,12,8
2016-04-20 16:01:17,12,8
2016-04-20 16:11:21,12,8
2016-04-20 16:15:35,12,8
2016-04-20 16:16:48,12,8
2016-04-20 16:17:33,12,8
2016-04-20 16:18:04,11,9
2016-04-20 16:28:08,11,9
2016-04-20 16:38:13,11,9
2016-04-20 16:48:17,11,9
2016-04-20 16:57:34,11,9
2016-04-20 16:58:00,10,10
2016-04-20 17:02:40,9,11
2016-04-20 17:13:16,9,11
2016-04-20 17:17:14,9,11
2016-04-20 17:18:14,9,11
2016-04-20 17:22:16,9,11
2016-04-20 17:24:11,10,10
2016-04-20 17:30:28,10,10
2016-04-20 17:34:17,11,9
2016-04-20 17:44:20,11,9
2016-04-20 17:54:23,11,9
2016-04-20 18:04:27,11,9
2016-04-20 18:12:43,10,10
2016-04-20 18:20:41,9,11
2016-04-20 18:28:51,9,11
2016-04-20 18:38:55,9,11
2016-04-20 18:45:52,9,11
2016-04-20 18:46:19,8,12
2016-04-20 18:51:53,8,12
2016-04-20 18:52:19,7,13
2016-04-20 18:57:24,7,13
2016-04-20 18:58:10,6,14
2016-04-20 19:08:13,6,14
2016-04-20 19:10:28,7,13
2016-04-20 19:15:45,7,13
2016-04-20 19:16:07,6,14
2016-04-20 19:26:11,6,14
2016-04-20 19:36:14,6,14
2016-04-20 19:42:41,5,15
2016-04-20 19:43:04,4,16
2016-04-20 19:53:33,4,16
2016-04-20 20:00:17,4,16
2016-04-20 20:06:49,4,16
2016-04-20 20:07:24,3,17
2016-04-20 20:13:53,2,18
2016-04-20 20:21:07,4,16
2016-04-20 20:31:11,4,16
2016-04-20 20:41:14,4,16
2016-04-20 20:51:17,4,16
2016-04-20 21:01:21,4,16
2016-04-20 21:11:25,4,16
2016-04-20 21:21:29,4,16
2016-04-20 21:31:33,4,16
2016-04-20 21:41:36,4,16
2016-04-20 21:51:39,4,16
2016-04-20 22:01:42,4,16
2016-04-20 22:11:45,4,16
2016-04-20 22:21:49,4,16
2016-04-20 22:31:53,4,16
2016-04-20 22:41:56,4,16
2016-04-20 22:52:00,4,16
2016-04-20 22:53:25,5,15
2016-04-20 23:03:28,5,15
2016-04-20 23:13:32,5,15
2016-04-20 23:23:46,5,15
2016-04-20 23:33:50,5,15
2016-04-20 23:43:54,5,15
2016-04-20 23:53:57,5,15
2016-04-21 00:04:02,5,15
2016-04-21 00:14:04,6,14
2016-04-21 02:23:23,6,14
2016-04-21 02:33:27,6,14
2016-04-21 02:43:31,6,14
2016-04-21 02:53:35,6,14
2016-04-21 03:03:38,6,14
2016-04-21 03:13:42,6,14
2016-04-21 03:23:47,6,14
2016-04-21 03:33:51,6,14
2016-04-21 03:43:55,6,14
2016-04-21 03:53:59,6,14
2016-04-21 04:04:02,6,14
2016-04-21 04:14:06,6,14
2016-04-21 04:16:15,6,14
2016-04-21 04:18:36,6,14
2016-04-21 04:28:40,6,14
2016-04-21 04:38:43,6,14
2016-04-21 04:48:47,6,14
2016-04-21 04:58:51,6,14
2016-04-21 05:09:01,6,14
2016-04-21 05:09:22,5,15
2016-04-21 05:19:25,5,15
2016-04-21 05:29:29,5,15
2016-04-21 05:32:58,4,16
2016-04-21 05:43:01,4,16
2016-04-21 05:53:05,4,16
2016-04-21 06:03:09,4,16
2016-04-21 06:13:13,4,16
2016-04-21 06:23:16,4,16
2016-04-21 06:33:20,4,16
2016-04-21 06:43:24,4,16
2016-04-21 06:53:28,4,16
2016-04-21 07:03:31,4,16
2016-04-21 07:13:01,5,15
2016-04-21 07:23:05,5,15
2016-04-21 07:33:48,5,15
2016-04-21 07:39:17,5,15
2016-04-21 07:45:11,5,15
2016-04-21 07:45:14,4,16
2016-04-21 07:55:18,4,16
2016-04-21 08:05:22,4,16
2016-04-21 08:07:47,5,15
2016-04-21 08:17:52,5,15
2016-04-21 08:21:32,4,16
2016-04-21 08:23:00,4,16
2016-04-21 08:23:20,3,17
2016-04-21 08:31:07,2,18
2016-04-21 08:37:56,2,18
2016-04-21 08:38:23,1,19
2016-04-21 08:48:27,1,19
2016-04-21 08:58:31,1,19
2016-04-21 09:08:36,1,19
2016-04-21 09:18:40,1,19
2016-04-21 09:28:44,1,19
2016-04-21 09:37:24,2,18
2016-04-21 09:47:29,2,18
2016-04-21 09:57:34,2,18
2016-04-21 10:07:39,2,18
2016-04-21 10:17:42,2,18
2016-04-21 10:27:47,2,18
2016-04-21 10:37:51,2,18
2016-04-21 10:39:56,2,18
2016-04-21 10:40:27,1,19
2016-04-21 10:50:30,1,19
2016-04-21 11:00:36,1,19
2016-04-21 11:10:40,1,19
2016-04-21 11:18:14,2,18
2016-04-21 11:28:18,2,18
2016-04-21 11:38:22,2,18
2016-04-21 11:48:25,2,18
2016-04-21 11:58:29,2,18
2016-04-21 12:08:34,2,18
2016-04-21 12:18:43,2,18
2016-04-21 12:25:42,1,19
2016-04-21 12:35:47,1,19
2016-04-21 12:45:51,1,19
2016-04-21 12:55:56,1,19
2016-04-21 13:06:00,1,19
2016-04-21 13:07:53,2,18
2016-04-21 13:17:57,2,18
2016-04-21 13:28:02,2,18
2016-04-21 13:38:06,2,18
2016-04-21 13:48:09,2,18
2016-04-21 13:55:47,1,19
2016-04-21 14:05:51,1,19
2016-04-21 14:15:55,1,19
2016-04-21 14:25:59,1,19
2016-04-21 14:36:03,1,19
2016-04-21 14:46:07,1,19
2016-04-21 14:56:11,1,19
2016-04-21 15:06:16,1,19
2016-04-21 15:16:20,1,19
2016-04-21 15:26:24,1,19
2016-04-21 15:36:28,1,19
2016-04-21 15:46:33,1,19
2016-04-21 15:56:37,1,19
2016-04-21 16:06:42,1,19
2016-04-21 16:16:47,1,19
2016-04-21 16:26:51,1,19
2016-04-21 16:36:55,1,19
2016-04-21 16:47:00,1,19
2016-04-21 16:57:04,1,19
2016-04-21 17:08:04,1,19
2016-04-21 17:31:03,1,19
2016-04-21 17:41:07,1,19
2016-04-21 17:51:10,1,19
2016-04-21 18:00:22,2,18
2016-04-21 18:10:25,2,18
2016-04-21 18:20:29,2,18
2016-04-21 18:30:33,2,18
2016-04-21 18:40:36,2,18
2016-04-21 18:50:39,2,18
2016-04-21 19:00:42,2,18
2016-04-21 19:10:45,2,18
2016-04-21 19:11:26,3,17
2016-04-21 19:21:29,3,17
2016-04-21 19:31:33,3,17
2016-04-21 19:34:04,2,18
2016-04-21 19:44:07,2,18
2016-04-21 19:54:11,2,18
2016-04-21 20:01:57,2,18
2016-04-21 20:02:24,1,19
2016-04-21 20:06:46,2,18
2016-04-21 20:16:49,2,18
2016-04-21 20:26:53,2,18
2016-04-21 20:36:57,2,18
2016-04-21 20:47:00,2,18
2016-04-21 20:57:04,1,19
2016-04-21 20:57:49,0,20
2016-04-24 00:24:18,1,19
2016-04-24 00:34:21,1,19
2016-04-24 00:44:26,1,19
2016-04-24 00:54:30,1,19
2016-04-24 01:04:35,1,19
2016-04-24 01:14:38,1,19
2016-04-24 01:24:43,1,19
2016-04-24 01:34:47,1,19
2016-04-24 01:44:51,1,19
2016-04-24 01:54:55,1,19
2016-04-24 02:05:00,1,19
2016-04-24 02:15:05,1,19
2016-04-24 02:25:09,1,19
2016-04-24 02:35:15,1,19
2016-04-24 02:45:19,1,19
2016-04-24 02:55:23,1,19
2016-04-24 03:05:27,1,19
2016-04-24 03:15:31,1,19
2016-04-24 03:25:35,1,19
2016-04-24 03:35:38,1,19
2016-04-24 03:45:42,1,19
2016-04-24 03:55:46,1,19
2016-04-24 04:05:50,1,19
2016-04-24 04:15:19,1,19
2016-04-24 04:19:50,1,19
2016-04-24 04:29:54,1,19
2016-04-24 04:39:58,1,19
2016-04-24 04:50:03,1,19
2016-04-24 04:54:46,2,18
2016-04-24 04:55:44,2,18
2016-04-24 05:57:25,2,18
2016-04-24 06:07:29,2,18
2016-04-24 06:17:33,2,18
2016-04-24 06:27:37,2,18
2016-04-24 06:37:41,2,18
2016-04-24 06:47:46,2,18
2016-04-24 06:57:49,2,18
2016-04-24 07:07:53,2,18
2016-04-24 07:17:57,2,18
2016-04-24 07:28:02,2,18
2016-04-24 07:38:06,2,18
2016-04-24 07:48:10,2,18
2016-04-24 07:58:15,2,18
2016-04-24 08:08:57,1,19
2016-04-24 08:19:01,1,19
2016-04-24 08:29:06,1,19
2016-04-24 08:39:10,1,19
2016-04-24 08:49:14,1,19
2016-04-24 08:59:19,1,19
2016-04-24 09:09:25,1,19
2016-04-24 09:19:28,1,19
2016-04-24 09:29:33,1,19
2016-04-24 09:39:37,1,19
2016-04-24 09:48:00,0,20
2016-04-24 09:58:05,0,20
2016-04-24 10:08:08,0,20
2016-04-24 10:18:12,0,20
2016-04-24 10:28:16,0,20
2016-04-24 10:38:21,0,20
2016-04-24 10:39:45,1,19
2016-04-24 10:40:32,0,20
2016-04-24 10:50:37,0,20
2016-04-24 11:00:42,0,20
2016-04-24 11:10:47,0,20
2016-04-24 11:14:06,1,19
2016-04-24 11:24:11,1,19
2016-04-24 11:34:15,1,19
2016-04-24 11:44:19,1,19
2016-04-24 11:54:24,1,19
2016-04-24 12:04:27,1,19
2016-04-24 12:14:33,1,19
2016-04-24 12:24:37,1,19
2016-04-24 12:32:52,0,20
2016-04-24 12:42:57,0,20
2016-04-24 12:53:01,0,20
2016-04-24 13:03:05,0,20
2016-04-24 13:13:09,0,20
2016-04-24 13:23:14,0,20
2016-04-24 13:33:18,0,20
2016-04-24 13:43:21,0,20
2016-04-24 13:53:25,0,20
2016-04-24 14:03:29,0,20
2016-04-24 14:13:32,0,20
2016-04-24 14:23:36,0,20
2016-04-24 14:33:40,0,20
2016-04-24 14:43:44,0,20
2016-04-24 14:53:48,0,20
2016-04-24 15:03:51,0,20
2016-04-24 15:13:55,0,20
2016-04-24 15:23:59,0,20
2016-04-24 15:34:03,0,20
2016-04-24 15:44:22,0,20
2016-04-24 15:54:26,0,20
2016-04-24 16:04:30,0,20
2016-04-24 16:08:07,0,19
2016-04-24 16:08:53,1,19
2016-04-24 16:18:57,1,19
2016-04-24 16:29:02,1,19
2016-04-24 16:39:06,1,19
2016-04-24 16:49:10,1,19
2016-04-24 16:49:43,2,18
2016-04-24 16:59:47,2,18
2016-04-24 17:10:11,2,18
2016-04-24 17:21:44,2,18
2016-04-24 17:31:47,2,18
2016-04-24 17:41:51,2,18
2016-04-24 17:51:55,2,18
2016-04-24 18:01:59,2,18
2016-04-24 18:12:03,2,18
2016-04-24 18:13:20,3,17
2016-04-24 18:14:46,4,16
2016-04-24 18:24:49,4,16
2016-04-24 18:34:53,4,16
2016-04-24 18:44:57,4,16
2016-04-24 18:55:01,4,16
2016-04-24 19:03:01,3,17
2016-04-24 19:13:04,3,17
2016-04-24 19:23:07,3,17
2016-04-24 19:30:25,4,16
2016-04-24 19:40:03,4,16
2016-04-24 19:41:09,4,16
2016-04-24 19:41:47,3,17
2016-04-24 19:45:56,2,18
2016-04-24 19:55:59,2,18
2016-04-24 20:06:02,2,18
2016-04-24 20:07:57,3,17
2016-04-24 20:18:00,3,17
2016-04-24 20:28:04,3,17
2016-04-24 20:38:08,3,17
2016-04-24 20:48:11,3,17
2016-04-24 20:58:15,3,17
2016-04-24 21:08:19,3,17
2016-04-24 21:18:23,3,17
2016-04-24 21:28:25,3,17
2016-04-24 21:38:29,3,17
2016-04-24 21:48:32,3,17
2016-04-24 21:58:36,3,17
2016-04-24 22:08:40,3,17
2016-04-24 22:18:44,3,17
2016-04-24 22:28:48,3,17
2016-04-24 22:34:45,4,16
2016-04-24 22:44:58,3,17
2016-04-24 22:51:49,3,17
2016-04-24 22:52:23,2,18
2016-04-24 23:02:26,2,18
2016-04-24 23:12:30,2,18
2016-04-24 23:22:33,2,18
2016-04-24 23:32:37,2,18
2016-04-24 23:42:41,2,18
2016-04-24 23:52:45,2,18
2016-04-25 00:02:48,2,18
2016-04-25 00:12:52,2,18
2016-04-25 00:22:56,2,18
2016-04-25 00:33:00,2,18
2016-04-25 00:43:04,2,18
2016-04-25 00:53:07,2,18
2016-04-25 01:03:11,2,18
2016-04-25 01:13:15,2,18
2016-04-25 01:23:18,2,18
2016-04-25 01:33:22,2,18
2016-04-25 01:43:26,2,18
2016-04-25 01:53:30,2,18
2016-04-25 02:03:33,2,18
2016-04-25 02:13:37,2,18
2016-04-25 02:23:41,2,18
2016-04-25 02:33:44,2,18
2016-04-25 02:43:48,2,18
2016-04-25 02:53:52,2,18
2016-04-25 03:03:56,2,18
2016-04-25 03:13:59,2,18
2016-04-25 03:24:03,2,18
2016-04-25 03:34:07,2,18
2016-04-25 03:44:11,2,18
2016-04-25 03:54:15,2,18
2016-04-25 04:04:18,2,18
2016-04-25 04:14:22,2,18
2016-04-25 04:15:26,2,18
2016-04-25 04:22:12,2,18
2016-04-25 04:22:17,2,18
2016-04-25 04:32:20,2,18
2016-04-25 04:42:24,2,18
2016-04-25 04:52:27,2,18
2016-04-25 05:02:31,2,18
2016-04-25 05:12:34,2,18
2016-04-25 05:22:38,2,18
2016-04-25 05:32:42,2,18
2016-04-25 05:42:46,2,18
2016-04-25 05:52:49,2,18
2016-04-25 06:02:51,2,18
2016-04-25 06:12:55,2,18
2016-04-25 06:22:57,2,18
2016-04-25 06:33:01,2,18
2016-04-25 06:43:05,2,18
2016-04-25 06:53:09,2,18
2016-04-25 07:03:13,2,18
2016-04-25 07:13:16,2,18
2016-04-25 07:23:32,2,18
2016-04-25 07:33:36,2,18
2016-04-25 07:43:39,2,18
2016-04-25 07:46:53,1,19
2016-04-25 07:56:56,1,19
2016-04-25 07:59:58,2,18
2016-04-25 08:10:03,2,18
2016-04-25 08:20:06,2,18
2016-04-25 08:25:52,1,19
2016-04-25 08:30:32,1,19
2016-04-25 08:31:16,0,20
2016-04-25 08:41:20,0,20
2016-04-25 08:51:24,0,20
2016-04-25 09:01:28,0,20
2016-04-25 09:11:32,0,20
2016-04-25 09:21:36,0,20
2016-04-25 09:31:39,0,20
2016-04-25 09:41:43,0,20
2016-04-25 09:51:47,0,20
2016-04-25 10:01:50,0,20
2016-04-25 10:11:54,0,20
2016-04-25 10:21:57,0,20
2016-04-25 10:32:01,0,20
2016-04-25 10:42:04,0,20
2016-04-25 10:52:08,0,20
2016-04-25 11:02:12,0,20
2016-04-25 11:12:16,0,20
2016-04-25 11:22:19,0,20
2016-04-25 11:32:23,0,20
2016-04-25 11:42:27,0,20
2016-04-25 11:52:30,0,20
2016-04-25 12:02:34,0,20
2016-04-25 12:12:38,0,20
2016-04-25 12:20:58,1,19
2016-04-25 12:27:51,1,19
2016-04-25 12:28:15,0,20
2016-04-25 12:38:19,0,20
2016-04-25 12:48:22,0,20
2016-04-25 12:58:26,0,20
2016-04-25 13:08:30,0,20
2016-04-25 13:18:34,0,20
2016-04-25 13:19:51,1,19
2016-04-25 13:29:55,1,19
2016-04-25 13:39:59,1,19
2016-04-25 13:50:03,1,19
2016-04-25 14:00:06,1,19
2016-04-25 14:10:10,1,19
2016-04-25 14:20:12,1,19
2016-04-25 14:20:42,0,20
2016-04-25 14:30:45,0,20
2016-04-25 14:40:48,0,20
2016-04-25 14:50:52,0,20
2016-04-25 15:00:56,0,20
2016-04-25 15:10:59,0,20
2016-04-25 15:21:03,0,20
2016-04-25 15:31:07,0,20
2016-04-25 15:36:41,1,19
2016-04-25 15:46:45,1,19
2016-04-25 15:56:48,1,19
2016-04-25 16:05:03,0,20
2016-04-25 16:15:06,0,20
2016-04-25 16:25:10,0,20
2016-04-25 16:35:14,0,20
2016-04-25 16:45:18,0,20
2016-04-25 16:55:21,0,20
2016-04-25 17:05:43,0,20
2016-04-25 17:26:24,2,18
2016-04-25 17:28:52,1,19
2016-04-25 17:38:57,1,19
2016-04-25 17:49:01,1,19
2016-04-25 17:59:04,1,19
2016-04-25 18:09:11,1,19
2016-04-25 18:19:15,1,19
2016-04-25 18:27:58,0,20
2016-04-25 18:38:02,0,20
2016-04-25 18:48:06,0,20
2016-04-25 18:53:58,1,19
2016-04-25 19:04:02,1,19
2016-04-25 19:10:45,2,18
2016-04-25 19:21:00,2,18
2016-04-25 19:21:32,2,18
2016-04-25 19:22:37,1,19
2016-04-25 19:32:42,1,19
2016-04-25 19:42:45,1,19
2016-04-25 19:52:49,1,19
2016-04-25 20:02:52,1,19
2016-04-25 20:12:56,1,19
2016-04-25 20:23:00,1,19
2016-04-25 20:25:47,2,18
2016-04-25 20:28:29,3,17
2016-04-25 20:38:33,3,17
2016-04-25 20:48:37,3,17
2016-04-25 20:58:40,3,17
2016-04-25 21:03:59,4,16
2016-04-25 21:14:03,4,16
2016-04-25 21:24:07,4,16
2016-04-25 21:34:11,4,16
2016-04-25 21:44:15,4,16
2016-04-25 21:54:18,4,16
2016-04-25 22:04:22,4,16
2016-04-25 22:14:51,3,17
2016-04-25 22:24:55,3,17
2016-04-25 22:34:59,3,17
2016-04-25 22:45:03,3,17
2016-04-25 22:55:06,3,17
2016-04-25 23:05:10,3,17
2016-04-25 23:11:30,4,16
2016-04-25 23:21:34,4,16
2016-04-25 23:31:38,4,16
2016-04-25 23:41:41,4,16
2016-04-25 23:51:45,4,16
2016-04-25 23:58:05,5,15
2016-04-26 09:31:46,5,15
2016-04-26 09:41:50,5,15
2016-04-26 09:51:54,5,15
2016-04-26 10:01:57,5,15
2016-04-26 10:12:01,5,15
2016-04-26 10:14:22,6,14
2016-04-26 10:24:25,6,14
2016-04-26 10:34:29,6,14
2016-04-26 10:44:33,6,14
2016-04-26 10:54:37,6,14
2016-04-26 11:04:40,6,14
2016-04-26 11:14:44,6,14
2016-04-26 11:24:48,6,14
2016-04-26 11:34:52,6,14
2016-04-26 11:41:45,5,15
2016-04-26 11:51:49,5,15
2016-04-26 12:01:52,5,15
2016-04-26 12:11:56,5,15
2016-04-26 12:22:00,5,15
2016-04-26 12:30:57,5,15
2016-04-26 12:41:01,5,15
2016-04-26 12:51:05,5,15
2016-04-26 13:01:08,5,15
2016-04-26 13:11:08,5,15
2016-04-26 13:11:34,4,16
2016-04-26 13:21:38,4,16
2016-04-26 13:31:41,4,16
2016-04-26 13:41:45,4,16
2016-04-26 13:51:49,4,16
2016-04-26 14:00:57,5,15
2016-04-26 14:11:00,5,15
2016-04-26 14:21:04,5,15
2016-04-26 14:31:08,5,15
2016-04-26 14:33:52,4,16
2016-04-26 14:43:55,4,16
2016-04-26 14:53:59,4,16
2016-04-26 15:04:03,4,16
2016-04-26 15:14:07,4,16
2016-04-26 15:24:11,4,16
2016-04-26 15:34:14,4,16
2016-04-26 15:44:18,4,16
2016-04-26 15:54:48,4,16
2016-04-26 15:55:45,2,18
2016-04-26 16:05:49,2,18
2016-04-26 16:15:53,2,18
2016-04-26 16:18:55,1,19
2016-04-26 16:28:59,1,19
2016-04-26 16:39:03,1,19
2016-04-26 16:45:39,1,19
2016-04-26 16:46:41,1,19
2016-04-26 16:56:44,1,19
2016-04-26 17:01:09,0,20
2016-04-26 17:12:03,0,20
2016-04-26 17:23:36,0,20
2016-04-26 17:33:40,0,20
2016-04-26 17:43:43,0,20
2016-04-26 17:53:47,0,20
2016-04-26 18:03:51,0,20
2016-04-26 18:10:45,1,19
2016-04-26 18:20:48,1,19
2016-04-26 18:22:49,2,18
2016-04-26 18:32:52,2,18
2016-04-26 18:42:56,2,18
2016-04-26 18:53:00,2,18
2016-04-26 18:57:48,4,16
2016-04-26 19:04:14,5,15
2016-04-26 19:14:17,5,15
2016-04-26 19:24:20,5,15
2016-04-26 19:34:24,5,15
2016-04-26 19:44:28,5,15
2016-04-26 19:51:07,6,14
2016-04-26 19:51:26,6,14
2016-04-26 20:00:11,7,13
2016-04-26 20:03:55,7,13
2016-04-26 20:04:23,6,14
2016-04-26 20:14:26,6,14
2016-04-26 20:24:29,6,14
2016-04-26 20:34:32,6,14
2016-04-26 20:39:58,6,14
2016-04-26 20:41:09,6,14
2016-04-26 20:42:10,5,15
2016-04-26 20:52:13,5,15
2016-04-26 21:02:17,5,15
2016-04-26 21:12:20,5,15
2016-04-26 21:22:24,5,15
2016-04-26 21:28:28,6,14
2016-04-26 21:35:49,7,13
2016-04-26 21:45:53,7,13
2016-04-26 21:55:57,7,13
2016-04-26 21:58:48,7,12
2016-04-26 22:08:51,7,12
2016-04-26 22:12:18,8,11
2016-04-26 22:13:58,9,10
2016-04-26 22:23:13,10,9
2016-04-26 22:32:03,11,8
2016-04-26 22:39:39,10,9
2016-04-26 22:49:42,10,9
2016-04-26 22:59:46,10,9
2016-04-26 23:09:50,10,9
2016-04-26 23:19:53,10,9
2016-04-26 23:29:57,10,9
2016-04-26 23:40:01,10,9
2016-04-26 23:50:04,10,9
2016-04-27 00:00:08,10,9
2016-04-27 00:10:11,10,9
2016-04-27 00:20:15,10,9
2016-04-27 00:30:18,10,9
2016-04-27 00:39:06,10,10
2016-04-27 00:39:43,12,8
2016-04-27 00:49:46,12,8
2016-04-27 00:59:50,12,8
2016-04-27 01:09:09,11,9
2016-04-27 01:09:49,10,10
2016-04-27 01:19:53,10,10
2016-04-27 01:29:56,10,10
2016-04-27 01:40:00,10,10
2016-04-27 01:50:04,10,10
2016-04-27 02:00:08,10,10
2016-04-27 02:10:11,10,10
2016-04-27 02:20:15,10,10
2016-04-27 02:30:19,10,10
2016-04-27 02:40:23,10,10
2016-04-27 02:50:26,10,10
2016-04-27 03:00:30,10,10
2016-04-27 03:10:33,10,10
2016-04-27 03:20:37,10,10
2016-04-27 03:30:41,10,10
2016-04-27 03:40:44,10,10
2016-04-27 03:50:48,10,10
2016-04-27 04:00:52,10,10
2016-04-27 04:10:56,10,10
2016-04-27 04:15:16,10,10
2016-04-27 04:22:11,10,10
2016-04-27 04:22:18,10,10
2016-04-27 04:32:21,10,10
2016-04-27 04:42:25,10,10
2016-04-27 04:52:28,10,10
2016-04-27 05:02:32,10,10
2016-04-27 05:12:35,10,10
2016-04-27 05:22:39,10,10
2016-04-27 05:32:42,10,10
2016-04-27 05:42:46,10,10
2016-04-27 05:52:50,10,10
2016-04-27 06:02:54,10,10
2016-04-27 06:12:58,10,10
2016-04-27 06:23:01,10,10
2016-04-27 06:33:05,10,10
2016-04-27 06:43:08,10,10
2016-04-27 06:53:12,10,10
2016-04-27 07:03:16,10,10
2016-04-27 07:13:20,10,10
2016-04-27 07:23:51,11,9
2016-04-27 07:33:55,11,9
2016-04-27 07:43:58,11,9
2016-04-27 07:54:01,11,9
2016-04-27 08:02:01,12,8
2016-04-27 08:12:05,12,8
2016-04-27 08:21:04,12,8
2016-04-27 08:21:26,11,9
2016-04-27 08:24:06,11,9
2016-04-27 08:24:30,10,10
2016-04-27 08:28:03,10,10
2016-04-27 08:28:28,9,11
2016-04-27 08:38:31,9,11
2016-04-27 08:41:57,8,12
2016-04-27 08:52:12,7,13
2016-04-27 09:02:01,6,14
2016-04-27 09:12:05,6,14
2016-04-27 09:22:08,6,14
2016-04-27 09:32:12,6,14
2016-04-27 09:42:16,6,14
2016-04-27 09:52:20,6,14
2016-04-27 09:59:07,7,13
2016-04-27 09:59:31,7,13
2016-04-27 10:00:28,7,13
2016-04-27 10:01:53,7,13
2016-04-27 10:02:44,6,14
2016-04-27 10:12:47,6,14
2016-04-27 10:22:51,6,14
2016-04-27 10:32:53,6,14
2016-04-27 10:42:57,6,14
2016-04-27 10:53:01,6,14
2016-04-27 11:03:05,6,14
2016-04-27 11:06:13,6,14
2016-04-27 11:06:15,7,13
2016-04-27 11:16:18,7,13
2016-04-27 11:16:18,7,13
2016-04-27 11:26:21,7,13
2016-04-27 11:27:48,8,12
2016-04-27 11:36:41,8,12
2016-04-27 11:37:56,11,9
2016-04-27 11:38:48,11,9
2016-04-27 11:48:50,11,9
2016-04-27 11:58:54,11,9
2016-04-27 12:03:03,11,9
2016-04-27 12:03:33,10,10
2016-04-27 12:13:36,10,10
2016-04-27 12:15:45,11,9
2016-04-27 12:25:48,11,9
2016-04-27 12:33:06,12,8
2016-04-27 12:33:16,12,8
2016-04-27 12:43:19,12,8
2016-04-27 12:53:23,12,8
2016-04-27 13:03:27,12,8
2016-04-27 13:13:31,12,8
2016-04-27 13:23:47,12,8
2016-04-27 13:33:51,12,8
2016-04-27 13:39:12,13,7
2016-04-27 13:39:14,12,8
2016-04-27 13:49:17,12,8
2016-04-27 13:55:10,12,8
2016-04-27 13:55:12,11,9
2016-04-27 14:05:15,11,9
2016-04-27 14:15:19,11,9
2016-04-27 14:19:46,11,9
2016-04-27 14:20:18,10,10
2016-04-27 14:30:22,10,10
2016-04-27 14:40:26,10,10
2016-04-27 14:42:00,10,10
2016-04-27 14:43:02,9,11
2016-04-27 14:53:06,9,11
2016-04-27 14:57:05,9,11
2016-04-27 14:57:34,8,12
2016-04-27 15:07:38,8,12
2016-04-27 15:17:42,8,12
2016-04-27 15:27:45,8,12
2016-04-27 15:37:49,8,12
2016-04-27 15:47:53,8,12
2016-04-27 15:57:18,9,11
2016-04-27 16:03:11,10,10
2016-04-27 16:13:14,10,10
2016-04-27 16:23:17,10,10
2016-04-27 16:33:21,10,10
2016-04-27 16:42:12,10,10
2016-04-27 16:42:42,9,11
2016-04-27 16:46:53,9,11
2016-04-27 16:47:41,8,12
2016-04-27 16:57:45,8,12
2016-04-27 17:09:06,8,12
2016-04-27 17:22:07,8,12
2016-04-27 17:31:50,8,12
2016-04-27 17:32:19,7,13
2016-04-27 17:41:10,7,13
2016-04-27 17:41:43,6,14
2016-04-27 17:43:49,7,13
2016-04-27 17:52:36,7,13
2016-04-27 17:53:31,6,14
2016-04-27 18:03:34,6,14
2016-04-27 18:13:38,6,14
2016-04-27 18:23:42,6,14
2016-04-27 18:33:45,6,14
2016-04-27 18:43:49,6,14
2016-04-27 18:49:58,5,15
2016-04-27 19:00:01,5,15
2016-04-27 19:09:41,6,14
2016-04-27 19:12:26,7,13
2016-04-27 19:18:38,6,14
2016-04-27 19:25:21,7,13
2016-04-27 19:35:24,7,13
2016-04-27 19:45:28,7,13
2016-04-27 19:52:56,8,12
2016-04-27 19:53:28,8,12
2016-04-27 20:03:32,8,12
2016-04-27 20:09:46,9,11
2016-04-27 20:10:53,10,10
2016-04-27 20:20:57,10,10
2016-04-27 20:31:01,10,10
2016-04-27 20:35:41,11,9
2016-04-27 20:45:44,11,9
2016-04-27 20:55:12,10,10
2016-04-27 21:01:03,10,10
2016-04-27 21:01:29,9,11
2016-04-27 21:11:32,9,11
2016-04-27 21:21:36,9,11
2016-04-27 21:23:47,9,11
2016-04-27 21:25:12,8,12
2016-04-27 21:26:13,9,11
2016-04-27 21:26:15,8,12
2016-04-27 21:36:18,8,12
2016-04-27 21:46:22,8,12
2016-04-27 21:50:49,9,11
2016-04-27 21:58:23,10,10
2016-04-27 22:03:34,11,9
2016-04-27 22:13:38,11,9
2016-04-27 22:20:33,12,8
2016-04-27 22:25:19,13,7
2016-04-27 22:35:23,13,7
2016-04-27 22:45:26,13,7
2016-04-27 22:55:29,13,7
2016-04-27 23:05:33,13,7
2016-04-27 23:15:37,13,7
2016-04-27 23:18:59,14,6
2016-04-27 23:29:03,14,6
2016-04-27 23:33:00,13,7
2016-04-27 23:43:04,13,7
2016-04-27 23:53:07,13,7
2016-04-28 00:03:11,13,7
2016-04-28 00:13:15,13,7
2016-04-28 00:23:19,13,7
2016-04-28 00:33:22,13,7
2016-04-28 00:43:26,13,7
2016-04-28 00:49:32,14,6
2016-04-28 00:59:36,14,6
2016-04-28 01:04:46,15,5
2016-04-28 01:05:40,15,5
2016-04-28 01:15:43,15,5
2016-04-28 01:25:47,15,5
2016-04-28 01:30:06,15,5
2016-04-28 01:30:46,14,6
2016-04-28 01:40:50,14,6
2016-04-28 01:50:53,14,6
2016-04-28 01:58:34,15,5
2016-04-28 02:02:30,16,4
2016-04-28 02:12:34,16,4
2016-04-28 02:22:37,16,4
2016-04-28 02:32:40,16,4
2016-04-28 02:42:44,16,4
2016-04-28 02:52:48,16,4
2016-04-28 03:02:51,16,4
2016-04-28 03:12:55,16,4
2016-04-28 03:22:59,16,4
2016-04-28 03:25:01,17,3
2016-04-28 03:35:05,17,3
2016-04-28 03:45:08,17,3
2016-04-28 03:55:12,17,3
2016-04-28 04:05:16,17,3
2016-04-28 04:15:35,17,3
2016-04-28 04:22:29,17,3
2016-04-28 04:32:33,17,3
2016-04-28 04:42:37,17,3
2016-04-28 04:52:41,17,3
2016-04-28 05:50:44,17,3
2016-04-28 06:00:47,17,3
2016-04-28 06:10:51,17,3
2016-04-28 06:20:55,17,3
2016-04-28 06:30:58,17,3
2016-04-28 06:41:02,17,3
2016-04-28 06:51:06,17,3
2016-04-28 07:01:09,17,3
2016-04-28 07:11:13,17,3
2016-04-28 07:21:17,17,3
2016-04-28 07:32:11,18,2
2016-04-28 07:37:07,17,3
2016-04-28 07:47:10,17,3
2016-04-28 07:57:14,17,3
2016-04-28 08:07:18,17,3
2016-04-28 08:17:22,17,3
2016-04-28 08:24:06,17,3
2016-04-28 08:25:10,17,3
2016-04-28 08:25:17,17,3
2016-04-28 08:30:37,16,4
2016-04-28 08:31:16,17,3
2016-04-28 08:33:45,16,4
2016-04-28 08:37:52,15,5
2016-04-28 08:47:56,15,5
2016-04-28 08:57:59,15,5
2016-04-28 09:08:02,15,5
2016-04-28 09:18:06,15,5
2016-04-28 09:28:09,15,5
2016-04-28 09:34:10,15,5
2016-04-28 09:35:09,14,6
2016-04-28 09:40:08,15,5
2016-04-28 09:46:30,16,4
2016-04-28 09:51:09,15,5
2016-04-28 10:02:07,16,4
2016-04-28 10:12:10,16,4
2016-04-28 10:18:54,16,4
2016-04-28 10:19:32,15,5
2016-04-28 10:29:36,15,5
2016-04-28 10:39:40,15,5
2016-04-28 10:49:44,15,5
2016-04-28 10:53:47,15,5
2016-04-28 10:55:42,15,5
2016-04-28 10:57:11,13,7
2016-04-28 10:57:52,13,7
2016-04-28 10:59:10,13,7
2016-04-28 11:00:24,12,8
2016-04-28 11:10:28,12,8
2016-04-28 11:20:32,12,8
2016-04-28 11:30:35,12,8
2016-04-28 11:40:39,12,8
2016-04-28 11:50:43,12,8
2016-04-28 12:00:47,12,8
2016-04-28 12:07:08,13,7
2016-04-28 12:17:11,13,7
2016-04-28 12:27:14,13,7
2016-04-28 12:30:26,14,6
2016-04-28 12:33:32,14,6
2016-04-28 12:34:35,13,7
2016-04-28 12:44:38,13,7
2016-04-28 12:54:42,13,7
2016-04-28 12:59:51,13,7
2016-04-28 13:00:16,12,8
2016-04-28 13:10:19,12,8
2016-04-28 13:20:23,12,8
2016-04-28 13:30:27,12,8
2016-04-28 13:40:31,12,8
2016-04-28 13:43:58,13,7
2016-04-28 13:54:02,13,7
2016-04-28 14:04:05,13,7
2016-04-28 14:09:12,14,6
2016-04-28 14:15:49,14,6
2016-04-28 14:17:11,14,6
2016-04-28 14:17:45,13,7
2016-04-28 14:27:48,13,7
2016-04-28 14:37:52,13,7
2016-04-28 14:41:01,13,7
2016-04-28 14:41:54,13,7
2016-04-28 14:42:36,13,7
2016-04-28 14:43:22,12,8
2016-04-28 14:50:07,12,8
2016-04-28 14:51:57,12,8
2016-04-28 14:52:31,11,9
2016-04-28 15:02:34,11,9
2016-04-28 15:12:38,11,9
2016-04-28 15:22:42,11,9
2016-04-28 15:32:45,11,9
2016-04-28 15:36:51,12,8
2016-04-28 15:46:55,12,8
2016-04-28 15:55:54,12,8
2016-04-28 15:56:24,11,9
2016-04-28 16:06:27,11,9
2016-04-28 16:13:42,12,8
2016-04-28 16:20:04,12,8
2016-04-28 16:20:25,11,9
2016-04-28 16:30:28,11,9
2016-04-28 16:40:03,10,10
2016-04-28 16:50:06,10,10
2016-04-28 17:00:10,10,10
2016-04-28 17:10:13,10,10
2016-04-28 17:20:16,10,10
2016-04-28 17:30:20,10,10
2016-04-28 17:40:24,10,10
2016-04-28 17:46:47,11,9
2016-04-28 17:56:50,11,9
2016-04-28 18:06:54,11,9
2016-04-28 18:15:12,10,10
2016-04-28 18:18:36,12,8
2016-04-28 18:22:47,12,8
2016-04-28 18:23:19,11,9
2016-04-28 18:33:23,11,9
2016-04-28 18:43:27,11,9
2016-04-28 18:53:30,11,9
2016-04-28 18:58:42,12,8
2016-04-28 19:08:46,12,8
2016-04-28 19:18:50,12,8
2016-04-28 19:24:59,13,7
2016-04-28 19:32:02,14,6
2016-04-28 19:42:06,14,6
2016-04-28 19:52:09,14,6
2016-04-28 20:02:13,14,6
2016-04-28 20:07:56,13,7
2016-04-28 20:17:59,13,7
2016-04-28 20:28:03,13,7
2016-04-28 20:34:08,12,8
2016-04-28 20:44:12,12,8
2016-04-28 20:54:15,12,8
2016-04-28 21:04:19,12,8
2016-04-28 21:14:23,12,8
2016-04-28 21:24:26,12,8
2016-04-28 21:34:30,12,8
2016-04-28 21:44:34,12,8
2016-04-28 21:54:38,12,8
2016-04-28 22:04:41,12,8
2016-04-28 22:05:39,13,7
2016-04-28 22:13:42,14,6
2016-04-28 22:23:45,14,6
2016-04-28 22:33:48,14,6
2016-04-28 22:43:52,14,6
2016-04-28 22:53:56,14,6
2016-04-28 22:58:56,13,7
2016-04-28 23:09:00,13,7
2016-04-28 23:19:03,13,7
2016-04-28 23:29:07,13,7
2016-04-28 23:39:10,13,7
2016-04-28 23:49:14,13,7
2016-04-28 23:59:18,13,7
2016-04-29 00:09:22,13,7
2016-04-29 00:19:26,13,7
2016-04-29 00:29:29,13,7
2016-04-29 00:39:33,13,7
2016-04-29 00:49:37,13,7
2016-04-29 00:59:40,13,7
2016-04-29 01:11:01,14,6
2016-04-29 01:21:04,14,6
2016-04-29 01:22:44,15,5
2016-04-29 01:32:48,15,5
2016-04-29 01:42:52,15,5
2016-04-29 01:52:56,15,5
2016-04-29 02:02:59,15,5
2016-04-29 02:13:03,15,5
2016-04-29 02:23:07,15,5
2016-04-29 02:33:11,15,5
2016-04-29 02:42:00,18,2
2016-04-29 02:42:38,19,1
2016-04-29 02:52:41,19,1
2016-04-29 03:02:45,19,1
2016-04-29 03:12:49,19,1
2016-04-29 03:22:52,19,1
2016-04-29 03:32:56,19,1
2016-04-29 03:43:00,19,1
2016-04-29 03:53:04,19,1
2016-04-29 04:03:08,19,1
2016-04-29 04:13:11,19,1
2016-04-29 04:24:41,19,1
2016-04-29 04:34:44,19,1
2016-04-29 04:44:48,19,1
2016-04-29 04:54:51,19,1
2016-04-29 05:04:55,19,1
2016-04-29 05:14:59,19,1
2016-04-29 05:25:02,19,1
2016-04-29 05:35:06,19,1
2016-04-29 05:45:10,19,1
2016-04-29 05:55:14,19,1
2016-04-29 06:05:18,19,1
2016-04-29 06:15:21,19,1
2016-04-29 06:25:25,19,1
2016-04-29 06:35:28,19,1
2016-04-29 06:45:32,19,1
2016-04-29 06:55:36,19,1
2016-04-29 07:05:40,19,1
2016-04-29 07:13:54,20,0
2016-04-29 07:23:58,20,0
2016-04-29 07:34:02,20,0
2016-04-29 07:44:05,20,0
2016-04-29 07:54:09,20,0
2016-04-29 08:04:13,20,0
2016-04-29 08:14:17,20,0
2016-04-29 08:24:42,19,1
2016-04-29 08:30:38,19,1
2016-04-29 08:34:11,19,1
2016-04-29 08:36:10,18,2
2016-04-29 08:36:12,17,3
2016-04-29 08:46:16,17,3
2016-04-29 08:56:18,17,3
2016-04-29 09:06:22,17,3
2016-04-29 09:16:26,17,3
2016-04-29 09:26:28,17,3
2016-04-29 09:36:32,17,3
2016-04-29 09:46:36,17,3
2016-04-29 09:56:39,17,3
2016-04-29 10:06:43,17,3
2016-04-29 10:16:52,17,3
2016-04-29 10:26:55,17,3
2016-04-29 10:36:59,17,3
2016-04-29 10:47:02,17,3
2016-04-29 10:57:05,17,3
2016-04-29 10:58:49,16,4
2016-04-29 10:59:36,16,4
2016-04-29 11:01:05,16,4
2016-04-29 11:01:43,16,4
2016-04-29 11:10:32,17,3
2016-04-29 11:20:35,17,3
2016-04-29 11:30:49,17,3
2016-04-29 11:40:52,17,3
2016-04-29 11:43:54,17,3
2016-04-29 11:44:24,16,4
2016-04-29 11:54:28,16,4
2016-04-29 12:04:32,16,4
2016-04-29 12:14:35,16,4
2016-04-29 12:24:39,16,4
2016-04-29 12:31:08,16,4
2016-04-29 12:32:11,16,4
2016-04-29 12:32:43,16,4
2016-04-29 12:33:18,15,5
2016-04-29 12:43:21,15,5
2016-04-29 12:53:25,15,5
2016-04-29 13:03:28,15,5
2016-04-29 13:13:32,15,5
2016-04-29 13:23:35,15,5
2016-04-29 13:31:46,16,4
2016-04-29 13:41:50,16,4
2016-04-29 13:51:54,16,4
2016-04-29 14:01:57,16,4
2016-04-29 14:12:01,16,4
2016-04-29 14:14:05,16,4
2016-04-29 14:14:46,15,5
2016-04-29 14:24:42,15,5
2016-04-29 14:25:18,14,6
2016-04-29 14:35:22,14,6
2016-04-29 14:45:26,14,6
2016-04-29 14:48:46,13,7
2016-04-29 14:58:49,13,7
2016-04-29 15:08:10,14,6
2016-04-29 15:10:48,15,5
2016-04-29 15:20:52,15,5
2016-04-29 15:22:46,16,4
2016-04-29 15:32:49,16,4
2016-04-29 15:42:53,16,4
2016-04-29 15:52:57,16,4
2016-04-29 16:03:00,16,4
2016-04-29 16:03:52,17,3
2016-04-29 16:13:56,17,3
2016-04-29 16:19:48,17,3
2016-04-29 16:21:02,17,3
2016-04-29 16:27:35,18,2
2016-04-29 16:30:47,19,1
2016-04-29 16:50:54,19,1
2016-04-29 17:02:08,18,2
2016-04-29 17:02:48,18,2
2016-04-29 17:04:05,18,2
2016-04-29 17:04:31,17,3
2016-04-29 17:11:54,17,3
2016-04-29 17:12:19,17,3
2016-04-29 17:13:50,17,3
2016-04-29 17:14:21,16,4
2016-04-29 17:24:25,16,4
2016-04-29 17:30:08,17,3
2016-04-29 17:38:03,16,4
2016-04-29 17:48:06,16,4
2016-04-29 17:58:09,16,4
2016-04-29 18:08:13,16,4
2016-04-29 18:18:17,16,4
2016-04-29 18:23:55,16,4
2016-04-29 18:24:16,15,5
2016-04-29 18:25:57,15,5
2016-04-29 18:26:24,14,6
2016-04-29 18:36:28,14,6
2016-04-29 18:46:32,14,6
2016-04-29 18:56:35,14,6
2016-04-29 19:07:41,15,5
2016-04-29 19:10:38,16,4
2016-04-29 19:18:23,17,3
2016-04-29 19:28:27,17,3
2016-04-29 19:31:40,18,2
2016-04-29 19:34:29,19,1
2016-04-29 19:44:33,19,1
2016-04-29 19:54:36,19,1
2016-04-29 20:02:10,19,1
2016-04-29 20:03:00,19,1
2016-04-29 20:05:53,20,0
2016-04-29 20:12:14,20,0
2016-04-29 20:15:05,20,0
2016-04-29 20:15:47,20,0
2016-04-29 20:16:20,19,1
2016-04-29 20:26:23,19,1
2016-04-29 20:36:27,19,1
2016-04-29 20:46:31,19,1
2016-04-29 20:51:10,19,1
2016-04-29 20:51:48,20,0
2016-04-29 21:01:51,20,0
2016-04-29 21:11:55,20,0
2016-04-29 21:15:03,20,0
2016-04-29 21:15:33,19,1
2016-04-29 21:25:37,19,1
2016-04-29 21:35:41,19,1
2016-04-29 21:45:45,19,1
2016-04-29 21:55:48,19,1
2016-04-29 22:05:51,19,1
2016-04-29 22:15:55,19,1
2016-04-29 22:20:58,19,1
2016-04-29 22:21:26,18,2
2016-04-29 22:31:29,18,2
2016-04-29 22:38:49,17,3
2016-04-29 22:48:52,17,3
2016-04-29 22:58:56,17,3
2016-04-29 23:02:04,18,2
2016-04-29 23:02:18,19,1
2016-04-29 23:12:21,19,1
2016-04-29 23:14:04,18,2
2016-04-29 23:19:52,17,3
2016-04-29 23:25:42,18,2
2016-04-29 23:32:58,18,2
2016-04-29 23:33:27,17,3
2016-04-29 23:43:30,17,3
2016-04-29 23:53:33,17,3
2016-04-30 00:03:37,17,3
2016-04-30 00:12:02,18,2
2016-04-30 00:22:06,18,2
2016-04-30 00:32:10,18,2
2016-04-30 00:42:13,18,2
2016-04-30 00:52:17,18,2
2016-04-30 01:02:54,19,1
2016-04-30 01:12:57,19,1
2016-04-30 01:23:01,19,1
2016-04-30 01:33:05,19,1
2016-04-30 01:43:08,19,1
2016-04-30 01:53:12,19,1
2016-04-30 02:03:16,19,1
2016-04-30 02:13:20,19,1
2016-04-30 02:17:04,19,1
2016-04-30 02:18:11,17,3
2016-04-30 02:19:05,16,4
2016-04-30 02:20:55,16,4
2016-04-30 02:21:18,15,5
2016-04-30 02:26:38,16,4
2016-04-30 02:36:41,16,4
2016-04-30 02:46:45,16,4
2016-04-30 02:56:49,16,4
2016-04-30 03:06:53,16,4
2016-04-30 03:16:57,16,4
2016-04-30 03:23:11,16,4
2016-04-30 03:23:13,17,3
2016-04-30 03:33:16,17,3
2016-04-30 03:43:19,17,3
2016-04-30 03:53:23,17,3
2016-04-30 04:02:41,19,1
2016-04-30 04:07:38,20,0
2016-04-30 04:15:16,20,0
2016-04-30 04:22:11,20,0
2016-04-30 04:22:31,20,0
2016-04-30 04:27:54,20,0
2016-04-30 04:28:28,19,1
2016-04-30 04:30:12,19,1
2016-04-30 04:30:18,20,0
2016-04-30 04:40:21,20,0
2016-04-30 04:50:24,20,0
2016-04-30 05:00:28,20,0
2016-04-30 05:10:32,20,0
2016-04-30 05:15:55,20,0
2016-04-30 05:25:58,20,0
2016-04-30 05:36:02,20,0
2016-04-30 05:46:06,20,0
2016-04-30 05:56:09,20,0
2016-04-30 06:06:13,20,0
2016-04-30 06:16:17,20,0
2016-04-30 06:26:21,20,0
2016-04-30 06:36:24,20,0
2016-04-30 06:46:28,20,0
2016-04-30 06:56:32,20,0
2016-04-30 07:06:35,20,0
2016-04-30 07:16:39,20,0
2016-04-30 07:21:00,20,0
2016-04-30 07:21:25,19,1
2016-04-30 07:31:29,19,1
2016-04-30 07:41:33,19,1
2016-04-30 07:51:36,19,1
2016-04-30 08:01:40,19,1
2016-04-30 08:11:44,19,1
2016-04-30 08:21:48,19,1
2016-04-30 08:31:51,19,1
2016-04-30 08:41:55,19,1
2016-04-30 08:51:59,19,1
2016-04-30 09:02:03,19,1
2016-04-30 09:12:06,19,1
2016-04-30 09:22:10,19,1
2016-04-30 09:32:14,19,1
2016-04-30 09:42:18,19,1
2016-04-30 09:52:21,19,1
2016-04-30 10:02:25,19,1
2016-04-30 10:12:29,19,1
2016-04-30 10:22:41,19,1
2016-04-30 10:32:44,19,1
2016-04-30 10:42:48,19,1
2016-04-30 10:53:01,20,0
2016-04-30 11:03:04,20,0
2016-04-30 11:13:08,20,0
2016-04-30 11:23:11,20,0
2016-04-30 11:33:15,20,0
2016-04-30 11:43:19,20,0
2016-04-30 11:53:23,20,0
2016-04-30 12:03:10,19,1
2016-04-30 12:05:07,19,1
2016-04-30 12:05:44,18,2
2016-04-30 12:15:48,18,2
2016-04-30 12:18:23,19,1
2016-04-30 12:22:10,20,0
2016-04-30 12:32:14,20,0
2016-04-30 12:42:18,20,0
2016-04-30 12:44:01,20,0
2016-04-30 12:54:05,20,0
2016-04-30 13:04:16,20,0
2016-04-30 13:14:19,20,0
2016-04-30 13:24:22,20,0
2016-04-30 13:29:09,20,0
2016-04-30 13:29:50,19,1
2016-04-30 13:30:31,18,2
2016-04-30 13:40:35,18,2
2016-04-30 13:50:41,18,2
2016-04-30 13:59:29,18,2
2016-04-30 14:00:15,17,3
2016-04-30 14:10:18,17,3
2016-04-30 14:18:12,17,3
2016-04-30 14:18:43,17,3
2016-04-30 14:19:43,17,3
2016-04-30 14:20:39,17,3
2016-04-30 14:30:42,17,3
2016-04-30 14:40:46,17,3
2016-04-30 14:50:50,17,3
2016-04-30 15:00:53,17,3
2016-04-30 15:10:57,17,3
2016-04-30 15:13:09,17,3
2016-04-30 15:13:32,16,4
2016-04-30 15:23:35,16,4
2016-04-30 15:33:39,16,4
2016-04-30 15:38:58,17,3
2016-04-30 15:49:02,17,3
2016-04-30 15:59:05,17,3
2016-04-30 16:09:09,17,3
2016-04-30 16:19:26,17,3
2016-04-30 16:29:30,17,3
2016-04-30 16:39:06,16,4
2016-04-30 16:49:10,16,4
2016-04-30 16:59:53,15,5
2016-04-30 17:09:57,15,5
2016-04-30 17:20:01,15,5
2016-04-30 17:21:07,16,4
2016-04-30 17:31:09,16,4
2016-04-30 17:33:55,15,5
2016-04-30 17:43:58,15,5
2016-04-30 17:54:02,15,5
2016-04-30 18:04:05,15,5
2016-04-30 18:13:56,15,5
2016-04-30 18:14:19,14,6
2016-04-30 18:24:23,14,6
2016-04-30 18:29:00,15,5
2016-04-30 18:29:31,14,6
2016-04-30 18:39:35,14,6
2016-04-30 18:49:38,14,6
2016-04-30 18:59:36,15,5
2016-04-30 19:09:39,15,5
2016-04-30 19:19:42,15,5
2016-04-30 19:29:46,15,5
2016-04-30 19:35:46,16,4
2016-04-30 19:40:06,17,3
2016-04-30 19:40:39,18,2
2016-04-30 19:50:42,18,2
2016-04-30 20:00:46,18,2
2016-04-30 20:10:49,18,2
2016-04-30 20:20:53,18,2
2016-04-30 20:30:57,18,2
2016-04-30 20:41:00,18,2
2016-04-30 20:51:04,18,2
2016-04-30 21:01:07,18,2
2016-04-30 21:11:11,18,2
2016-04-30 21:21:14,18,2
2016-04-30 21:31:18,18,2
2016-04-30 21:41:22,18,2
2016-04-30 21:51:26,18,2
2016-04-30 21:57:43,18,2
2016-04-30 21:58:27,18,2
2016-04-30 21:59:39,17,3
2016-04-30 22:09:42,17,3
2016-04-30 22:19:46,17,3
2016-04-30 22:29:50,17,3
2016-04-30 22:39:53,17,3
2016-04-30 22:45:54,18,2
2016-04-30 22:55:58,18,2
2016-04-30 23:06:01,18,2
2016-04-30 23:16:05,18,2
2016-04-30 23:26:09,18,2
2016-04-30 23:36:13,18,2
2016-04-30 23:46:16,18,2
2016-04-30 23:56:20,18,2
2016-05-01 00:06:24,18,2
2016-05-01 00:16:27,18,2
2016-05-01 00:26:31,18,2
2016-05-01 00:29:03,19,1
2016-05-01 00:39:07,19,1
2016-05-01 00:49:10,19,1
2016-05-01 00:59:14,19,1
2016-05-01 01:09:18,19,1
2016-05-01 01:17:51,19,1
2016-05-01 01:18:48,19,1
2016-05-01 01:20:02,18,2
2016-05-01 01:20:30,18,2
2016-05-01 01:30:34,18,2
2016-05-01 01:40:37,18,2
2016-05-01 01:50:41,18,2
2016-05-01 02:00:45,18,2
2016-05-01 02:10:49,18,2
2016-05-01 02:20:52,18,2
2016-05-01 02:30:56,18,2
2016-05-01 02:41:00,18,2
2016-05-01 02:51:03,18,2
2016-05-01 03:01:06,18,2
2016-05-01 03:05:24,19,1
2016-05-01 03:10:10,19,1
2016-05-01 03:10:15,20,0
2016-05-01 03:20:18,20,0
2016-05-01 03:30:22,20,0
2016-05-01 03:40:26,20,0
2016-05-01 03:50:29,20,0
2016-05-01 04:00:33,20,0
2016-05-01 04:10:37,20,0
2016-05-01 04:15:18,20,0
2016-05-01 04:19:45,20,0
2016-05-01 04:22:06,20,0
2016-05-01 04:32:10,20,0
2016-05-01 04:42:13,20,0
2016-05-01 04:52:17,20,0
2016-05-01 05:02:21,20,0
2016-05-01 05:12:25,20,0
2016-05-01 05:22:28,20,0
2016-05-01 05:32:32,20,0
2016-05-01 05:42:36,20,0
2016-05-01 05:52:40,20,0
2016-05-01 06:02:43,20,0
2016-05-01 06:12:47,20,0
2016-05-01 06:22:51,20,0
2016-05-01 06:26:49,19,1
2016-05-01 06:36:52,19,1
2016-05-01 06:46:56,19,1
2016-05-01 06:51:07,19,1
2016-05-01 06:51:44,18,2
2016-05-01 06:58:55,17,3
2016-05-01 07:08:58,17,3
2016-05-01 07:19:02,17,3
2016-05-01 07:27:56,18,2
2016-05-01 07:31:08,18,2
2016-05-01 07:31:27,17,3
2016-05-01 07:33:47,17,3
2016-05-01 07:35:09,15,4
2016-05-01 07:35:47,14,5
2016-05-01 07:45:51,15,5
2016-05-01 07:55:55,15,5
2016-05-01 08:06:10,15,5
2016-05-01 08:16:14,15,5
2016-05-01 08:26:18,15,5
2016-05-01 08:30:35,14,6
2016-05-01 08:40:38,14,6
2016-05-01 08:50:42,14,6
2016-05-01 08:56:59,15,5
2016-05-01 08:59:05,16,4
2016-05-01 09:00:38,16,4
2016-05-01 09:10:41,16,4
2016-05-01 09:17:39,17,3
2016-05-01 09:22:00,17,3
2016-05-01 09:22:55,16,4
2016-05-01 09:26:46,16,4
2016-05-01 09:27:22,15,5
2016-05-01 09:37:12,16,4
2016-05-01 09:38:55,16,4
2016-05-01 09:39:30,16,4
2016-05-01 09:45:41,16,4
2016-05-01 09:47:07,15,5
2016-05-01 09:47:43,14,6
2016-05-01 09:57:47,14,6
2016-05-01 10:04:07,14,6
2016-05-01 10:04:53,15,5
2016-05-01 10:05:27,14,6
2016-05-01 10:15:31,14,6
2016-05-01 10:25:35,14,6
2016-05-01 10:35:39,14,6
2016-05-01 10:45:43,14,6
2016-05-01 10:55:47,14,6
2016-05-01 11:01:49,14,6
2016-05-01 11:02:32,13,7
2016-05-01 11:12:35,13,7
2016-05-01 11:22:39,13,7
2016-05-01 11:28:39,14,6
2016-05-01 11:34:51,14,6
2016-05-01 11:35:17,14,6
2016-05-01 11:40:33,14,6
2016-05-01 11:44:55,14,6
2016-05-01 11:46:01,14,6
2016-05-01 11:46:51,13,7
2016-05-01 11:47:36,12,8
2016-05-01 11:55:57,12,8
2016-05-01 11:56:37,11,9
2016-05-01 11:57:51,11,9
2016-05-01 11:58:23,11,9
2016-05-01 12:08:27,11,9
2016-05-01 12:16:08,11,9
2016-05-01 12:16:34,10,10
2016-05-01 12:19:13,11,9
2016-05-01 12:27:38,12,8
2016-05-01 12:34:11,12,8
2016-05-01 12:34:13,11,9
2016-05-01 12:43:12,12,8
2016-05-01 12:43:19,13,7
2016-05-01 12:53:22,13,7
2016-05-01 12:55:12,14,6
2016-05-01 13:05:16,14,6
2016-05-01 13:07:11,15,5
2016-05-01 13:12:56,16,4
2016-05-01 13:22:59,16,4
2016-05-01 13:32:47,16,4
2016-05-01 13:34:27,16,4
2016-05-01 13:35:17,15,5
2016-05-01 13:45:21,15,5
2016-05-01 13:50:02,15,5
2016-05-01 13:50:56,13,7
2016-05-01 13:51:36,12,8
2016-05-01 13:59:59,11,9
2016-05-01 14:03:17,10,10
2016-05-01 14:13:20,10,10
2016-05-01 14:21:51,10,10
2016-05-01 14:23:03,9,11
2016-05-01 14:33:06,9,11
2016-05-01 14:37:48,9,11
2016-05-01 14:38:20,9,11
2016-05-01 14:39:55,9,11
2016-05-01 14:41:18,8,12
2016-05-01 14:51:21,8,12
2016-05-01 14:58:05,7,13
2016-05-01 15:08:09,7,13
2016-05-01 15:11:38,8,12
2016-05-01 15:21:41,8,12
2016-05-01 15:31:45,8,12
2016-05-01 15:41:48,8,12
2016-05-01 15:43:47,8,12
2016-05-01 15:45:12,8,12
2016-05-01 15:45:14,7,13
2016-05-01 15:50:02,6,14
2016-05-01 16:00:05,6,14
2016-05-01 16:10:09,6,14
2016-05-01 16:12:28,7,13
2016-05-01 16:22:31,7,13
2016-05-01 16:32:35,7,13
2016-05-01 16:37:59,8,12
2016-05-01 16:39:18,9,11
2016-05-01 16:49:21,9,11
2016-05-01 16:54:56,10,10
2016-05-01 17:05:54,10,10
2016-05-01 17:18:45,10,10
2016-05-01 17:28:49,10,10
2016-05-01 17:31:46,9,11
2016-05-01 17:35:11,8,12
2016-05-01 17:45:15,8,12
2016-05-01 17:55:18,8,12
2016-05-01 18:05:10,8,12
2016-05-01 18:05:12,7,13
2016-05-01 18:13:46,8,12
2016-05-01 18:14:55,8,12
2016-05-01 18:23:02,9,11
2016-05-01 18:25:21,10,10
2016-05-01 18:29:35,9,11
2016-05-01 18:40:03,10,10
2016-05-01 18:41:03,10,10
2016-05-01 18:41:37,9,11
2016-05-01 18:47:04,8,12
2016-05-01 18:57:08,8,12
2016-05-01 19:07:12,8,12
2016-05-01 19:14:34,9,11
2016-05-01 19:24:38,9,11
2016-05-01 19:33:30,10,10
2016-05-01 19:43:34,10,10
2016-05-01 19:53:38,10,10
2016-05-01 20:03:07,11,9
2016-05-01 20:13:11,11,9
2016-05-01 20:23:14,11,9
2016-05-01 20:28:11,12,8
2016-05-01 20:38:15,12,8
2016-05-01 20:41:48,11,9
2016-05-01 20:42:26,10,10
2016-05-01 20:52:30,10,10
2016-05-01 20:57:19,11,9
2016-05-01 21:07:23,11,9
2016-05-01 21:13:59,12,8
2016-05-01 21:24:03,12,8
2016-05-01 21:32:56,14,6
2016-05-01 21:33:19,14,6
2016-05-01 21:35:09,13,7
2016-05-01 21:36:30,13,7
2016-05-01 21:46:33,13,7
2016-05-01 21:56:37,13,7
2016-05-01 21:59:50,12,8
2016-05-01 22:09:54,12,8
2016-05-01 22:19:58,12,8
2016-05-01 22:26:16,13,7
2016-05-01 22:36:20,13,7
2016-05-01 22:46:24,13,7
2016-05-01 22:56:28,13,7
2016-05-01 23:06:31,13,7
2016-05-01 23:09:59,14,6
2016-05-01 23:20:03,14,6
2016-05-01 23:30:06,14,6
2016-05-01 23:40:10,14,6
2016-05-01 23:50:14,14,6
2016-05-02 00:00:19,14,6
2016-05-02 00:10:22,14,6
2016-05-02 00:20:26,14,6
2016-05-02 00:30:30,14,6
2016-05-02 00:40:33,14,6
2016-05-02 00:50:37,14,6
2016-05-02 01:00:41,14,6
2016-05-02 01:05:08,15,5
2016-05-02 01:15:11,15,5
2016-05-02 01:25:15,15,5
2016-05-02 01:35:18,15,5
2016-05-02 01:45:22,15,5
2016-05-02 01:55:26,15,5
2016-05-02 02:05:30,15,5
2016-05-02 02:15:34,15,5
2016-05-02 02:25:37,15,5
2016-05-02 02:35:41,15,5
2016-05-02 02:45:45,15,5
2016-05-02 02:55:48,15,5
2016-05-02 03:05:52,15,5
2016-05-02 03:15:56,15,5
2016-05-02 03:26:00,15,5
2016-05-02 03:36:03,15,5
2016-05-02 03:46:07,15,5
2016-05-02 03:56:11,15,5
2016-05-02 04:06:15,15,5
2016-05-02 04:15:17,15,5
2016-05-02 04:18:36,15,5
2016-05-02 04:28:40,15,5
2016-05-02 04:38:43,15,5
2016-05-02 04:45:30,15,5
2016-05-02 04:55:34,15,5
2016-05-02 05:05:38,15,5
2016-05-02 05:15:41,15,5
2016-05-02 05:25:45,15,5
2016-05-02 05:35:49,15,5
2016-05-02 05:45:53,15,5
2016-05-02 05:48:11,15,5
2016-05-02 05:48:13,14,6
2016-05-02 05:58:17,14,6
2016-05-02 06:08:21,14,6
2016-05-02 06:18:24,14,6
2016-05-02 06:28:28,14,6
2016-05-02 06:38:32,14,6
2016-05-02 06:48:36,14,6
2016-05-02 06:58:39,14,6
2016-05-02 07:08:43,14,6
2016-05-02 07:18:47,14,6
2016-05-02 07:25:16,15,5
2016-05-02 07:35:20,15,5
2016-05-02 07:41:59,15,5
2016-05-02 07:42:29,14,6
2016-05-02 07:50:34,15,5
2016-05-02 07:54:10,16,4
2016-05-02 07:56:01,15,5
2016-05-02 08:01:07,15,5
2016-05-02 08:01:33,14,6
2016-05-02 08:11:38,14,6
2016-05-02 08:17:24,15,5
2016-05-02 08:20:09,14,6
2016-05-02 08:21:11,15,5
2016-05-02 08:30:47,16,4
2016-05-02 08:31:57,17,3
2016-05-02 08:32:24,16,4
2016-05-02 08:42:28,16,4
2016-05-02 08:52:32,16,4
2016-05-02 09:02:36,16,4
2016-05-02 09:12:39,16,4
2016-05-02 09:22:01,16,4
2016-05-02 09:31:09,16,4
2016-05-02 09:31:18,17,3
2016-05-02 09:40:55,18,2
2016-05-02 09:51:01,18,2
2016-05-02 09:59:27,19,1
2016-05-02 10:01:05,20,0
2016-05-02 10:11:08,20,0
2016-05-02 10:21:12,20,0
2016-05-02 10:31:16,20,0
2016-05-02 10:41:20,20,0
2016-05-02 10:51:23,20,0
2016-05-02 11:01:27,20,0
2016-05-02 11:11:31,20,0
2016-05-02 11:21:35,20,0
2016-05-02 11:25:47,19,1
2016-05-02 11:26:28,20,0
2016-05-02 11:29:10,20,0
2016-05-02 11:29:55,19,1
2016-05-02 11:31:08,18,2
2016-05-02 11:31:31,17,3
2016-05-02 11:41:34,17,3
2016-05-02 11:51:38,17,3
2016-05-02 12:01:42,17,3
2016-05-02 12:11:45,17,3
2016-05-02 12:21:49,17,3
2016-05-02 12:31:53,17,3
2016-05-02 12:41:57,17,3
2016-05-02 12:47:55,17,3
2016-05-02 12:49:06,17,3
2016-05-02 12:49:34,16,4
2016-05-02 12:59:38,16,4
2016-05-02 13:07:39,17,3
2016-05-02 13:17:43,17,3
2016-05-02 13:22:57,18,2
2016-05-02 13:30:18,18,2
2016-05-02 13:40:21,18,2
2016-05-02 13:49:51,19,1
2016-05-02 13:59:54,19,1
2016-05-02 14:02:54,20,0
2016-05-02 14:07:43,20,0
2016-05-02 14:08:20,19,1
2016-05-02 14:18:24,19,1
2016-05-02 14:20:31,19,1
2016-05-02 14:21:21,18,2
2016-05-02 14:31:25,18,2
2016-05-02 14:33:55,17,3
2016-05-02 14:41:52,17,3
2016-05-02 14:42:24,16,4
2016-05-02 14:43:29,17,3
2016-05-02 14:53:33,17,3
2016-05-02 15:03:37,17,3
2016-05-02 15:13:41,17,3
2016-05-02 15:19:11,16,4
2016-05-02 15:25:06,17,3
2016-05-02 15:25:57,17,3
2016-05-02 15:26:12,17,3
2016-05-02 15:31:55,16,4
2016-05-02 15:32:42,15,5
2016-05-02 15:42:45,15,5
2016-05-02 15:52:49,15,5
2016-05-02 15:55:59,16,4
2016-05-02 15:58:55,17,3
2016-05-02 16:04:11,16,4
2016-05-02 16:08:29,17,3
2016-05-02 16:18:33,17,3
2016-05-02 16:28:37,17,3
2016-05-02 16:38:41,17,3
2016-05-02 16:40:10,17,3
2016-05-02 16:40:40,17,3
2016-05-02 16:46:07,16,4
2016-05-02 16:49:52,15,5
2016-05-02 16:57:31,15,5
2016-05-02 16:59:07,14,6
2016-05-02 17:09:18,14,6
2016-05-02 17:18:46,14,6
2016-05-02 17:20:00,14,6
2016-05-02 17:20:22,13,7
2016-05-02 17:30:25,13,7
2016-05-02 17:33:05,12,8
2016-05-02 17:33:29,13,7
2016-05-02 17:35:28,14,6
2016-05-02 17:40:49,13,7
2016-05-02 17:43:00,12,8
2016-05-02 17:51:31,13,7
2016-05-02 18:01:35,13,7
2016-05-02 18:03:59,12,8
2016-05-02 18:05:05,12,8
2016-05-02 18:06:48,12,8
2016-05-02 18:07:21,11,9
2016-05-02 18:14:11,10,10
2016-05-02 18:15:00,9,11
2016-05-02 18:15:37,8,12
2016-05-02 18:17:51,7,13
2016-05-02 18:25:05,6,14
2016-05-02 18:26:58,5,15
2016-05-02 18:31:08,5,15
2016-05-02 18:31:45,4,16
2016-05-02 18:40:58,2,18
2016-05-02 18:42:09,3,17
2016-05-02 18:47:09,2,18
2016-05-02 18:54:46,2,18
2016-05-02 18:55:27,1,19
2016-05-02 19:05:39,1,19
2016-05-02 19:15:58,2,18
2016-05-02 19:26:02,2,18
2016-05-02 19:29:58,2,18
2016-05-02 19:30:20,1,19
2016-05-02 19:40:23,1,19
2016-05-02 19:49:15,0,20
2016-05-02 19:59:18,0,20
2016-05-02 20:02:24,1,19
2016-05-02 20:12:28,1,19
2016-05-02 20:20:42,2,18
2016-05-02 20:30:45,2,18
2016-05-02 20:40:49,2,18
2016-05-02 20:50:53,2,18
2016-05-02 21:00:57,2,18
2016-05-02 21:05:03,1,19
2016-05-02 21:10:25,2,18
2016-05-02 21:19:59,3,17
2016-05-02 21:30:03,3,17
2016-05-02 21:31:43,4,16
2016-05-02 21:41:47,4,16
2016-05-02 21:51:51,4,16
2016-05-02 22:01:54,4,16
2016-05-02 22:11:58,4,16
2016-05-02 22:22:02,4,16
2016-05-02 22:31:48,4,16
2016-05-02 22:32:17,3,17
2016-05-02 22:34:52,2,18
2016-05-02 22:44:55,2,18
2016-05-02 22:54:59,2,18
2016-05-02 23:01:31,3,17
2016-05-02 23:11:35,3,17
2016-05-02 23:21:38,3,17
2016-05-02 23:23:52,4,16
2016-05-02 23:33:56,4,16
2016-05-02 23:44:00,4,16
2016-05-02 23:54:03,4,16
2016-05-03 00:04:07,4,16
2016-05-03 00:14:11,4,16
2016-05-03 00:24:15,4,16
2016-05-03 00:34:19,4,16
2016-05-03 00:44:22,4,16
2016-05-03 00:53:03,3,17
2016-05-03 00:53:18,2,18
2016-05-03 01:03:21,2,18
2016-05-03 01:13:25,2,18
2016-05-03 01:23:29,2,18
2016-05-03 01:25:19,4,16
2016-05-03 01:35:22,4,16
2016-05-03 01:45:26,4,16
2016-05-03 01:55:30,4,16
2016-05-03 02:05:33,4,16
2016-05-03 02:15:37,4,16
2016-05-03 02:25:41,4,16
2016-05-03 02:35:45,4,16
2016-05-03 02:45:48,4,16
2016-05-03 02:55:52,4,16
2016-05-03 03:05:56,4,16
2016-05-03 03:16:00,4,16
2016-05-03 03:26:03,4,16
2016-05-03 03:36:07,4,16
2016-05-03 03:46:11,4,16
2016-05-03 03:56:15,4,16
2016-05-03 04:06:19,4,16
2016-05-03 04:16:16,4,16
2016-05-03 04:22:23,4,16
2016-05-03 04:32:27,4,16
2016-05-03 04:42:31,4,16
2016-05-03 04:52:35,4,16
2016-05-03 05:02:38,4,16
2016-05-03 05:12:42,4,16
2016-05-03 05:19:14,5,15
2016-05-03 05:29:17,5,15
2016-05-03 05:39:21,5,15
2016-05-03 05:49:25,5,15
2016-05-03 05:59:29,5,15
2016-05-03 06:09:32,5,15
2016-05-03 06:19:36,5,15
2016-05-03 06:29:40,5,15
2016-05-03 06:39:44,5,15
2016-05-03 06:49:48,5,15
2016-05-03 06:59:51,5,15
2016-05-03 07:09:55,5,15
2016-05-03 07:16:32,6,14
2016-05-03 07:26:35,6,14
2016-05-03 07:38:01,5,15
2016-05-03 07:39:24,6,14
2016-05-03 07:49:27,6,14
2016-05-03 07:58:33,7,13
2016-05-03 08:02:27,8,12
2016-05-03 08:09:10,8,12
2016-05-03 08:09:12,9,11
2016-05-03 08:19:16,9,11
2016-05-03 08:23:31,9,11
2016-05-03 08:25:42,8,12
2016-05-03 08:27:09,7,13
2016-05-03 08:34:02,6,14
2016-05-03 08:44:06,6,14
2016-05-03 08:54:10,6,14
2016-05-03 09:04:30,7,13
2016-05-03 09:11:15,8,12
2016-05-03 09:21:18,8,12
2016-05-03 09:31:22,8,12
2016-05-03 09:41:25,8,12
2016-05-03 09:44:03,8,12
2016-05-03 09:44:28,7,13
2016-05-03 09:54:32,7,13
2016-05-03 10:04:35,7,13
2016-05-03 10:14:39,7,13
2016-05-03 10:24:43,7,13
2016-05-03 10:34:46,7,13
2016-05-03 10:44:50,7,13
2016-05-03 10:52:21,7,13
2016-05-03 10:53:53,5,15
2016-05-03 11:03:57,5,15
2016-05-03 11:10:06,5,15
2016-05-03 11:17:42,4,15
2016-05-03 11:20:23,5,14
2016-05-03 11:30:26,5,14
2016-05-03 11:40:30,5,14
2016-05-03 11:49:49,4,15
2016-05-03 11:59:53,4,15
2016-05-03 12:09:56,4,15
2016-05-03 12:16:03,4,15
2016-05-03 12:16:27,3,16
2016-05-03 12:26:31,3,16
2016-05-03 12:29:52,4,15
2016-05-03 12:39:55,4,15
2016-05-03 12:49:59,4,15
2016-05-03 13:00:03,4,15
2016-05-03 13:10:06,4,15
2016-05-03 13:15:06,4,15
2016-05-03 13:15:40,4,15
2016-05-03 13:16:41,3,16
2016-05-03 13:26:44,3,16
2016-05-03 13:36:48,3,16
2016-05-03 13:39:56,5,14
2016-05-03 13:50:00,5,14
2016-05-03 14:00:04,5,14
2016-05-03 14:10:08,5,14
2016-05-03 14:20:51,4,15
2016-05-03 14:21:48,3,16
2016-05-03 14:31:52,3,16
2016-05-03 14:41:55,3,16
2016-05-03 14:51:59,3,16
2016-05-03 15:02:02,3,16
2016-05-03 15:12:06,3,16
2016-05-03 15:22:10,3,16
2016-05-03 15:24:02,3,16
2016-05-03 15:24:36,2,17
2016-05-03 15:34:39,2,17
2016-05-03 15:39:05,1,18
2016-05-03 15:48:52,0,19
2016-05-03 15:56:32,1,18
2016-05-03 16:00:05,2,17
2016-05-03 16:10:09,2,17
2016-05-03 16:12:19,3,16
2016-05-03 16:22:30,3,16
2016-05-03 16:27:07,3,16
2016-05-03 16:27:26,2,17
2016-05-03 16:37:59,3,16
2016-05-03 16:38:22,2,17
2016-05-03 16:42:51,2,17
2016-05-03 16:43:20,1,18
2016-05-03 16:48:07,0,19
2016-05-03 16:50:34,0,19
2016-05-03 17:00:37,0,19
2016-05-03 17:11:41,0,19
2016-05-03 17:21:33,2,17
2016-05-03 17:22:46,3,16
2016-05-03 17:28:11,3,16
2016-05-03 17:28:27,2,17
2016-05-03 17:38:31,2,17
2016-05-03 17:46:49,3,16
2016-05-03 17:49:51,4,15
2016-05-03 17:53:20,5,14
2016-05-03 18:02:09,4,15
2016-05-03 18:05:51,4,15
2016-05-03 18:06:15,3,16
2016-05-03 18:10:01,3,16
2016-05-03 18:11:00,1,18
2016-05-03 18:21:04,1,18
2016-05-03 18:31:07,1,18
2016-05-03 18:39:25,0,19
2016-05-03 18:46:08,1,18
2016-05-03 18:46:32,0,19
2016-05-03 18:51:46,0,19
2016-05-03 19:01:45,0,19
2016-05-03 19:11:50,0,19
2016-05-03 19:21:53,0,19
2016-05-03 19:29:47,0,19
2016-05-03 19:39:50,0,19
2016-05-03 19:49:54,0,19
2016-05-03 19:59:59,0,19
2016-05-03 20:10:02,0,19
2016-05-03 20:20:06,0,19
2016-05-03 20:30:11,0,19
2016-05-03 20:40:16,0,19
2016-05-03 20:50:19,0,19
2016-05-03 20:56:30,0,19
2016-05-03 21:03:46,0,19
2016-05-03 21:04:41,0,19
2016-05-03 21:05:52,0,19
2016-05-03 21:06:49,0,19
2016-05-03 21:16:53,0,19
2016-05-03 21:26:56,0,19
2016-05-03 21:37:00,0,19
2016-05-03 21:47:05,0,19
2016-05-03 21:57:08,0,19
2016-05-03 22:07:12,0,19
2016-05-03 22:12:09,1,18
2016-05-03 22:22:13,1,18
2016-05-03 22:27:02,2,17
2016-05-03 22:37:06,2,17
2016-05-03 22:47:10,2,17
2016-05-03 22:57:14,2,17
2016-05-03 23:07:17,2,17
2016-05-03 23:17:21,2,17
2016-05-03 23:19:23,2,17
2016-05-03 23:20:55,2,17
2016-05-03 23:21:20,1,18
2016-05-03 23:31:23,1,18
2016-05-03 23:41:27,1,18
2016-05-03 23:44:38,2,17
2016-05-03 23:54:41,2,17
2016-05-04 00:04:45,2,17
2016-05-04 00:14:49,2,17
2016-05-04 00:15:46,2,17
2016-05-04 00:18:09,1,18
2016-05-04 00:20:03,0,19
2016-05-04 00:30:06,0,19
2016-05-04 00:40:10,0,19
2016-05-04 00:50:14,0,19
2016-05-04 01:00:18,0,19
2016-05-04 01:10:21,0,19
2016-05-04 01:20:25,0,19
2016-05-04 01:22:57,0,19
2016-05-04 01:24:08,0,19
2016-05-04 01:24:39,0,19
2016-05-04 01:34:43,0,19
2016-05-04 01:44:46,0,19
2016-05-04 01:54:50,0,19
2016-05-04 02:04:54,0,19
2016-05-04 02:14:57,0,19
2016-05-04 02:25:01,0,19
2016-05-04 02:35:04,0,19
2016-05-04 02:45:07,0,19
2016-05-04 02:55:11,0,19
2016-05-04 03:05:15,0,19
2016-05-04 03:15:18,0,19
2016-05-04 03:25:22,0,19
2016-05-04 03:35:26,0,19
2016-05-04 03:45:30,0,19
2016-05-04 03:55:33,0,19
2016-05-04 04:05:37,0,19
2016-05-04 04:16:15,0,19
2016-05-04 04:23:34,0,19
2016-05-04 04:33:39,0,19
2016-05-04 04:43:42,0,19
2016-05-04 04:53:46,0,19
2016-05-04 05:03:50,0,19
2016-05-04 05:13:54,0,19
2016-05-04 05:23:58,0,19
2016-05-04 05:28:26,0,18
2016-05-04 05:38:30,0,18
2016-05-04 05:48:59,1,16
2016-05-04 05:49:28,2,16
2016-05-04 05:59:32,2,16
2016-05-04 06:03:05,2,16
2016-05-04 06:03:41,1,18
2016-05-04 06:13:45,1,18
2016-05-04 06:23:48,1,18
2016-05-04 06:32:05,1,18
2016-05-04 06:32:29,0,19
2016-05-04 06:42:32,0,19
2016-05-04 06:52:36,0,19
2016-05-04 07:02:40,0,19
2016-05-04 07:12:43,0,19
2016-05-09 23:04:24,1,19
2016-05-09 23:14:28,1,19
2016-05-09 23:24:32,1,19
2016-05-09 23:34:36,1,19
2016-05-09 23:44:39,1,19
2016-05-09 23:54:43,1,19
2016-05-10 00:04:47,1,19
2016-05-10 00:08:13,0,20
2016-05-10 00:18:16,0,20
2016-05-10 00:28:20,0,20
2016-05-10 00:38:24,0,20
2016-05-10 00:48:28,0,20
2016-05-10 00:58:31,0,20
2016-05-10 01:08:35,0,20
2016-05-10 01:18:39,0,20
2016-05-10 01:28:43,0,20
2016-05-10 01:38:46,0,20
2016-05-10 01:48:50,0,20
2016-05-10 01:58:54,0,20
2016-05-10 02:08:58,0,20
2016-05-10 02:19:01,0,20
2016-05-10 02:29:05,0,20
2016-05-10 02:39:09,0,20
2016-05-10 02:49:13,0,20
2016-05-10 02:59:16,0,20
2016-05-10 03:09:20,0,20
2016-05-10 03:19:24,0,20
2016-05-10 03:29:27,0,20
2016-05-10 03:39:31,0,20
2016-05-10 03:49:35,0,20
2016-05-10 03:59:38,0,20
2016-05-10 04:09:42,0,20
2016-05-10 04:16:16,0,20
2016-05-10 04:22:13,0,20
2016-05-10 04:22:17,0,20
2016-05-10 04:32:21,0,20
2016-05-10 04:42:24,0,20
2016-05-10 04:52:28,0,20
2016-05-10 06:06:30,0,20
2016-05-10 06:16:33,0,20
2016-05-10 06:26:37,0,20
2016-05-10 06:35:05,0,20
2016-05-10 06:45:08,0,20
2016-05-10 06:55:11,0,20
2016-05-10 07:05:15,0,20
2016-05-10 07:15:19,0,20
2016-05-10 07:25:22,0,20
2016-05-10 07:35:26,0,20
2016-05-10 07:45:30,0,20
2016-05-10 07:55:34,0,20
2016-05-10 07:59:04,1,19
2016-05-10 08:00:03,4,16
2016-05-10 08:00:49,6,14
2016-05-10 08:02:39,7,13
2016-05-10 08:05:38,6,14
2016-05-10 08:10:11,8,12
2016-05-10 08:18:08,7,13
2016-05-10 08:26:38,6,14
2016-05-10 08:33:59,5,15
2016-05-10 08:34:48,6,14
2016-05-10 08:39:08,6,14
2016-05-10 08:39:52,5,15
2016-05-10 08:49:56,5,15
2016-05-10 08:59:59,5,15
2016-05-10 09:10:03,5,15
2016-05-10 09:12:23,6,14
2016-05-10 09:22:27,6,14
2016-05-10 09:32:30,6,14
2016-05-10 09:39:10,5,15
2016-05-10 09:40:56,5,15
2016-05-10 09:50:59,5,15
2016-05-10 10:01:03,5,15
2016-05-10 10:03:24,6,14
2016-05-10 10:13:27,7,13
2016-05-10 10:23:40,7,13
2016-05-10 10:33:44,7,13
2016-05-10 10:36:31,8,12
2016-05-10 10:46:35,8,12
2016-05-10 10:52:09,9,11
2016-05-10 11:02:13,9,11
2016-05-10 11:12:17,9,11
2016-05-10 11:22:21,9,11
2016-05-10 11:30:09,8,12
2016-05-10 11:40:13,8,12
2016-05-10 11:50:16,8,12
2016-05-10 12:00:20,8,12
2016-05-10 12:05:59,8,12
2016-05-10 12:07:12,8,12
2016-05-10 12:08:01,6,14
2016-05-10 12:08:37,5,15
2016-05-10 12:18:40,5,15
2016-05-10 12:28:43,5,15
2016-05-10 12:38:47,5,15
2016-05-10 12:48:51,5,15
2016-05-10 12:58:55,5,15
2016-05-10 13:08:58,5,15
2016-05-10 13:19:02,5,15
2016-05-10 13:25:11,6,14
2016-05-10 13:35:14,6,14
2016-05-10 13:45:18,6,14
2016-05-10 13:55:21,6,14
2016-05-10 14:05:25,6,14
2016-05-10 14:15:29,6,14
2016-05-10 14:25:33,6,14
2016-05-10 14:35:37,6,14
2016-05-10 14:45:40,6,14
2016-05-10 14:55:52,6,14
2016-05-10 15:05:55,6,14
2016-05-10 15:15:59,6,14
2016-05-10 15:26:02,6,14
2016-05-10 15:34:51,5,15
2016-05-10 15:44:55,5,15
2016-05-10 15:54:58,5,15
2016-05-10 16:01:44,6,14
2016-05-10 16:08:07,6,14
2016-05-10 16:08:25,5,15
2016-05-10 16:18:33,5,15
2016-05-10 16:28:37,5,15
2016-05-10 16:38:41,5,15
2016-05-10 16:49:48,5,15
2016-05-10 16:52:11,4,16
2016-05-10 16:52:13,3,17
2016-05-10 16:58:00,2,18
2016-05-10 17:00:07,3,17
2016-05-10 17:11:06,3,17
2016-05-10 17:23:30,4,16
2016-05-10 17:28:04,3,17
2016-05-10 17:31:45,4,16
2016-05-10 17:35:35,3,17
2016-05-10 17:45:39,3,17
2016-05-10 17:48:20,4,16
2016-05-10 17:50:41,5,15
2016-05-10 17:53:56,6,14
2016-05-10 18:04:01,6,14
2016-05-10 18:10:52,7,13
2016-05-10 18:20:55,7,13
2016-05-10 18:31:00,7,13
2016-05-10 18:31:56,6,14
2016-05-10 18:42:00,6,14
2016-05-10 18:52:05,6,14
2016-05-10 19:02:07,7,13
2016-05-10 19:07:58,6,14
2016-05-10 19:08:58,7,13
2016-05-10 19:14:49,7,13
2016-05-10 19:16:07,4,16
2016-05-10 19:23:33,4,16
2016-05-10 19:24:17,3,17
2016-05-10 19:34:21,3,17
2016-05-10 19:44:25,3,17
2016-05-10 19:54:29,3,17
2016-05-10 19:58:03,3,17
2016-05-10 19:58:37,2,18
2016-05-10 20:01:33,2,18
2016-05-10 20:02:15,1,19
2016-05-10 20:12:18,1,19
2016-05-10 20:18:49,1,19
2016-05-10 20:28:53,1,19
2016-05-10 20:30:53,2,18
2016-05-10 20:40:56,2,18
2016-05-10 20:51:00,2,18
2016-05-10 20:56:08,1,19
2016-05-10 21:06:12,1,19
2016-05-10 21:16:15,1,19
2016-05-10 21:26:19,1,19
2016-05-10 21:27:53,2,18
2016-05-10 21:35:09,2,18
2016-05-10 21:35:39,1,19
2016-05-10 21:45:43,1,19
2016-05-10 21:51:41,2,18
2016-05-10 22:01:44,2,18
2016-05-10 22:10:09,2,18
2016-05-10 22:20:13,2,18
2016-05-10 22:30:17,2,18
2016-05-10 22:40:20,2,18
2016-05-10 22:50:24,2,18
2016-05-10 23:00:28,2,18
2016-05-10 23:10:32,2,18
2016-05-10 23:16:02,2,18
2016-05-10 23:24:57,3,17
2016-05-10 23:34:11,3,17
2016-05-10 23:34:13,4,16
2016-05-10 23:44:17,4,16
2016-05-10 23:51:56,5,15
2016-05-11 00:02:00,5,15
2016-05-11 00:12:04,5,15
2016-05-11 00:17:55,6,14
2016-05-11 00:27:59,6,14
2016-05-11 00:38:05,6,14
2016-05-11 00:48:09,6,14
2016-05-11 00:58:15,6,14
2016-05-11 01:08:18,6,14
2016-05-11 01:18:23,6,14
2016-05-11 01:28:27,6,14
2016-05-11 01:38:32,6,14
2016-05-11 01:48:35,6,14
2016-05-11 01:58:39,6,14
2016-05-11 02:08:43,6,14
2016-05-11 02:18:47,6,14
2016-05-11 02:20:01,8,12
2016-05-11 02:30:04,8,12
2016-05-11 02:40:14,8,12
2016-05-11 02:50:19,8,12
2016-05-11 03:00:23,8,12
2016-05-11 03:10:27,8,12
2016-05-11 03:20:06,9,10
2016-05-11 03:24:58,9,10
2016-05-11 03:25:54,9,10
2016-05-11 03:31:05,9,10
2016-05-11 03:31:41,9,10
2016-05-11 03:37:08,9,10
2016-05-11 03:37:29,9,10
2016-05-11 03:43:01,9,10
2016-05-11 03:43:18,9,10
2016-05-11 03:48:09,9,10
2016-05-11 03:49:04,9,10
2016-05-11 03:54:10,9,10
2016-05-11 03:54:52,9,10
2016-05-11 04:00:03,9,10
2016-05-11 04:00:39,9,10
2016-05-11 04:06:11,9,10
2016-05-11 04:06:27,9,10
2016-05-11 04:11:59,9,10
2016-05-11 04:12:15,9,10
2016-05-11 04:15:17,9,10
2016-05-11 04:22:02,9,10
2016-05-11 04:23:10,9,10
2016-05-11 04:23:51,9,10
2016-05-11 04:29:03,9,10
2016-05-11 04:29:39,9,10
2016-05-11 04:35:10,9,10
2016-05-11 04:35:26,9,10
2016-05-11 04:40:58,9,10
2016-05-11 04:41:13,9,10
2016-05-11 04:46:08,10,9
2016-05-11 04:47:02,10,9
2016-05-11 04:48:47,10,9
2016-05-11 04:52:12,10,9
2016-05-11 04:52:49,10,9
2016-05-11 04:58:00,10,9
2016-05-11 04:58:37,10,9
2016-05-11 05:04:09,10,9
2016-05-11 05:04:24,10,9
2016-05-11 05:10:11,10,9
2016-05-11 05:10:12,10,9
2016-05-11 05:15:04,10,9
2016-05-11 05:16:00,10,9
2016-05-11 05:21:11,10,9
2016-05-11 05:21:47,10,9
2016-05-11 05:26:59,10,9
2016-05-11 05:27:35,10,9
2016-05-11 05:33:07,10,9
2016-05-11 05:33:22,10,9
2016-05-11 05:39:10,10,9
2016-05-11 05:44:01,10,9
2016-05-11 05:44:57,10,9
2016-05-11 05:50:09,10,9
2016-05-11 05:50:45,10,9
2016-05-11 05:55:57,10,9
2016-05-11 05:56:32,10,9
2016-05-11 06:02:05,10,9
2016-05-11 06:02:20,10,9
2016-05-11 06:08:08,10,9
2016-05-11 06:13:00,10,9
2016-05-11 06:13:55,10,9
2016-05-11 06:19:07,10,9
2016-05-11 06:19:42,10,9
2016-05-11 06:25:10,10,9
2016-05-11 06:25:30,10,9
2016-05-11 06:31:03,10,9
2016-05-11 06:31:18,10,9
2016-05-11 06:36:09,10,9
2016-05-11 06:37:06,10,9
2016-05-11 06:42:11,10,9
2016-05-11 06:42:53,10,9
2016-05-11 06:48:05,10,9
2016-05-11 06:48:41,10,9
2016-05-11 06:54:08,10,9
2016-05-11 06:54:28,10,9
2016-05-11 07:00:01,10,9
2016-05-11 07:00:16,10,9
2016-05-11 07:05:08,10,9
2016-05-11 07:06:04,10,9
2016-05-11 07:11:10,10,9
2016-05-11 07:11:51,10,9
2016-05-11 07:17:03,10,9
2016-05-11 07:17:39,10,9
2016-05-11 07:23:11,10,9
2016-05-11 07:23:26,10,9
2016-05-11 07:28:58,11,8
2016-05-11 07:29:13,11,8
2016-05-11 07:34:05,11,8
2016-05-11 07:35:02,11,8
2016-05-11 07:40:07,11,8
2016-05-11 07:40:49,11,8
2016-05-11 07:46:01,11,8
2016-05-11 07:46:37,11,8
2016-05-11 07:52:09,11,8
2016-05-11 07:52:25,11,8
2016-05-11 07:58:11,11,8
2016-05-11 08:03:04,11,8
2016-05-11 08:04:00,12,7
2016-05-11 08:05:14,13,6
2016-05-11 08:09:10,13,6
2016-05-11 08:09:47,13,6
2016-05-11 08:10:27,14,5
2016-05-11 08:14:59,14,5
2016-05-11 08:15:34,14,5
2016-05-11 08:18:46,13,6
2016-05-11 08:21:06,13,6
2016-05-11 08:21:22,13,6
2016-05-11 08:27:10,13,6
2016-05-11 08:27:50,12,7
2016-05-11 08:32:01,12,7
2016-05-11 08:33:10,12,7
2016-05-11 08:33:35,11,8
2016-05-11 08:38:09,11,8
2016-05-11 08:38:45,11,8
2016-05-11 08:44:11,11,8
2016-05-11 08:44:33,11,8
2016-05-11 08:50:05,11,8
2016-05-11 08:50:20,11,8
2016-05-13 13:47:33,14,6
2016-05-13 13:57:37,14,6
2016-05-13 14:07:43,14,6
2016-05-13 14:17:47,14,6
2016-05-13 14:27:52,14,6
2016-05-13 14:32:11,14,6
2016-05-13 14:32:54,14,6
2016-05-13 14:37:53,15,5
2016-05-13 14:47:56,15,5
2016-05-13 14:58:00,15,5
2016-05-13 15:08:07,14,6
2016-05-13 15:18:11,14,6
2016-05-13 15:28:15,14,6
2016-05-13 15:33:01,13,7
2016-05-13 15:38:00,14,6
2016-05-13 15:48:03,14,6
2016-05-13 15:54:01,14,6
2016-05-13 15:54:43,15,5
2016-05-13 16:04:47,15,5
2016-05-13 16:14:51,15,5
2016-05-13 16:24:55,15,5
2016-05-13 16:25:40,16,4
2016-05-13 16:34:59,17,3
2016-05-13 16:45:09,16,4
2016-05-13 16:55:13,16,4
2016-05-13 17:01:51,17,3
2016-05-13 17:12:29,17,3
2016-05-13 17:17:46,17,3
2016-05-13 17:27:50,17,3
2016-05-13 17:37:53,17,3
2016-05-13 17:46:50,16,4
2016-05-13 17:54:57,18,2
2016-05-13 18:05:01,18,2
2016-05-13 18:15:05,18,2
2016-05-13 18:22:06,17,3
2016-05-13 18:32:09,17,3
2016-05-13 18:36:07,17,3
2016-05-13 18:36:48,16,4
2016-05-13 18:47:00,16,4
2016-05-13 18:47:42,15,5
2016-05-13 18:57:45,15,5
2016-05-13 19:07:49,15,5
2016-05-13 19:08:53,14,6
2016-05-13 19:15:59,13,7
2016-05-13 19:26:02,13,7
2016-05-13 19:36:06,13,7
2016-05-13 19:46:10,13,7
2016-05-13 19:56:14,13,7
2016-05-13 19:58:30,14,6
2016-05-13 20:07:08,14,6
2016-05-13 20:07:29,13,7
2016-05-13 20:17:43,13,7
2016-05-13 20:27:47,13,7
2016-05-13 20:33:47,14,6
2016-05-13 20:37:34,15,5
2016-05-13 20:47:37,15,5
2016-05-13 20:57:41,15,5
2016-05-13 21:00:15,16,4
2016-05-13 21:10:18,16,4
2016-05-13 21:20:22,16,4
2016-05-13 21:30:26,16,4
2016-05-13 21:34:20,16,4
2016-05-13 21:44:23,16,4
2016-05-13 21:54:26,16,4
2016-05-13 22:04:29,16,4
2016-05-13 22:14:32,16,4
2016-05-13 22:24:36,16,4
2016-05-13 22:34:39,16,4
2016-05-13 22:40:47,17,3
2016-05-13 22:50:51,17,3
2016-05-13 23:00:55,17,3
2016-05-13 23:10:58,17,3
2016-05-13 23:21:01,17,3
2016-05-13 23:31:05,17,3
2016-05-13 23:31:54,17,3
2016-05-13 23:32:30,16,4
2016-05-13 23:40:30,17,3
2016-05-13 23:50:33,17,3
2016-05-14 00:00:38,17,3
2016-05-14 00:10:41,17,3
2016-05-14 00:20:45,17,3
2016-05-14 00:22:33,19,1
2016-05-14 00:32:36,19,1
2016-05-14 00:42:40,19,1
2016-05-14 00:52:45,19,1
2016-05-14 01:00:02,20,0
2016-05-14 01:10:06,20,0
2016-05-14 01:20:10,20,0
2016-05-14 01:30:13,20,0
2016-05-14 01:40:17,20,0
2016-05-14 01:50:20,20,0
2016-05-14 02:00:23,20,0
2016-05-14 02:10:27,20,0
2016-05-14 02:20:30,20,0
2016-05-14 02:30:33,20,0
2016-05-14 02:40:37,20,0
2016-05-14 02:50:41,20,0
2016-05-14 03:00:44,20,0
2016-05-14 03:10:48,20,0
2016-05-14 03:20:52,20,0
2016-05-14 03:30:56,20,0
2016-05-14 03:40:59,20,0
2016-05-14 03:51:02,20,0
2016-05-14 03:57:21,20,0
2016-05-14 04:07:24,20,0
2016-05-14 04:15:16,20,0
2016-05-14 04:22:50,20,0
2016-05-14 04:32:53,20,0
2016-05-14 04:42:57,20,0
2016-05-14 04:53:01,20,0
2016-05-14 05:03:04,20,0
2016-05-14 05:13:08,20,0
2016-05-14 05:23:11,20,0
2016-05-14 05:33:15,20,0
2016-05-14 05:43:18,20,0
2016-05-14 05:53:22,20,0
2016-05-14 06:03:26,20,0
2016-05-14 06:13:30,20,0
2016-05-14 06:23:33,20,0
2016-05-14 06:33:37,20,0
2016-05-14 06:43:41,20,0
2016-05-14 06:53:44,20,0
2016-05-14 07:03:48,20,0
2016-05-14 07:13:52,20,0
2016-05-14 07:24:11,20,0
2016-05-14 07:34:15,20,0
2016-05-14 07:44:18,20,0
2016-05-14 07:54:22,20,0
2016-05-14 08:04:26,20,0
2016-05-14 08:14:30,20,0
2016-05-14 08:24:33,20,0
2016-05-14 08:34:37,20,0
2016-05-14 08:44:41,20,0
2016-05-14 08:54:44,20,0
2016-05-14 09:04:48,20,0
2016-05-14 09:14:52,20,0
2016-05-14 09:24:56,20,0
2016-05-14 09:35:00,20,0
2016-05-14 09:45:03,20,0
2016-05-14 09:55:07,20,0
2016-05-14 10:05:11,20,0
2016-05-14 10:05:49,20,0
2016-05-14 10:06:44,17,2
2016-05-14 10:07:32,17,3
2016-05-14 10:17:36,17,3
2016-05-14 10:27:39,17,3
2016-05-14 10:37:43,17,3
2016-05-14 10:43:52,17,3
2016-05-14 10:44:16,16,4
2016-05-14 10:54:20,16,4
2016-05-14 11:04:24,16,4
2016-05-14 11:14:28,16,4
2016-05-14 11:20:11,16,4
2016-05-14 11:20:15,15,5
2016-05-14 11:30:19,15,5
2016-05-14 11:40:23,15,5
2016-05-14 11:50:26,15,5
2016-05-14 11:59:40,16,4
2016-05-14 12:09:44,16,4
2016-05-14 12:19:48,16,4
2016-05-14 12:23:42,17,3
2016-05-14 12:33:46,17,3
2016-05-14 12:43:49,17,3
2016-05-14 12:53:53,17,3
2016-05-14 13:03:43,16,4
2016-05-14 13:13:46,16,4
2016-05-14 13:24:04,16,4
2016-05-14 13:34:08,16,4
2016-05-14 13:39:58,17,3
2016-05-14 13:41:38,18,2
2016-05-14 13:51:41,18,2
2016-05-14 14:01:45,18,2
2016-05-14 14:11:49,18,2
2016-05-14 14:21:53,18,2
2016-05-14 14:27:57,17,3
2016-05-14 14:38:00,17,3
2016-05-14 14:48:04,17,3
2016-05-14 14:58:08,17,3
2016-05-14 15:08:11,17,3
2016-05-14 15:16:43,19,1
2016-05-14 15:23:50,18,2
2016-05-14 15:33:54,18,2
2016-05-14 15:43:57,18,2
2016-05-14 15:49:25,19,1
2016-05-14 15:59:29,19,1
2016-05-14 16:09:32,19,1
2016-05-14 16:19:36,19,1
2016-05-14 16:29:40,19,1
2016-05-14 16:32:27,20,0
2016-05-14 16:38:39,19,1
2016-05-14 16:48:43,19,1
2016-05-14 16:49:55,19,1
2016-05-14 16:50:39,18,2
2016-05-14 16:52:55,18,2
2016-05-14 16:53:27,17,3
2016-05-14 17:03:31,17,3
2016-05-14 17:11:07,19,1
2016-05-14 17:12:06,17,3
2016-05-14 17:12:39,16,4
2016-05-16 00:40:41,15,5
2016-05-16 00:50:45,15,5
2016-05-16 01:00:50,15,5
2016-05-16 01:04:03,16,4
2016-05-16 01:11:10,17,3
2016-05-16 01:11:29,18,2
2016-05-16 01:21:33,18,2
2016-05-16 01:22:44,18,2
2016-05-16 01:23:28,17,3
2016-05-16 01:24:23,18,2
2016-05-16 01:26:54,18,2
2016-05-16 01:27:27,17,3
2016-05-16 01:37:31,17,3
2016-05-16 01:48:08,18,2
2016-05-16 01:58:12,18,2
2016-05-16 01:59:45,18,2
2016-05-16 02:00:28,17,3
2016-05-16 02:10:32,17,3
2016-05-16 02:20:36,17,3
2016-05-16 02:30:40,17,3
2016-05-16 02:40:44,17,3
2016-05-16 02:43:43,18,2
2016-05-16 02:53:47,18,2
2016-05-16 03:03:51,18,2
2016-05-16 03:10:50,19,1
2016-05-16 03:17:43,18,2
2016-05-16 03:27:46,18,2
2016-05-16 03:37:50,18,2
2016-05-16 03:47:54,18,2
2016-05-16 03:53:05,18,2
2016-05-16 03:55:30,18,2
2016-05-16 04:03:44,18,2
2016-05-16 04:04:18,17,3
2016-05-16 04:05:41,17,3
2016-05-16 04:06:35,16,4
2016-05-16 04:15:25,16,4
2016-05-16 04:19:45,16,4
2016-05-16 04:29:50,16,4
2016-05-16 04:39:53,16,4
2016-05-16 04:49:57,16,4
2016-05-16 05:00:02,16,4
2016-05-16 05:10:05,16,4
2016-05-16 05:20:09,16,4
2016-05-16 05:30:13,16,4
2016-05-16 05:40:18,16,4
2016-05-16 05:50:21,16,4
2016-05-16 06:00:25,16,4
2016-05-16 06:10:30,16,4
2016-05-16 06:20:35,16,4
2016-05-16 06:30:39,16,4
2016-05-16 06:40:43,16,4
2016-05-16 06:50:47,16,4
2016-05-16 07:00:51,16,4
2016-05-16 07:10:55,16,4
2016-05-16 07:20:59,16,4
2016-05-16 07:31:02,16,4
2016-05-16 07:41:06,16,4
2016-05-16 07:51:10,16,4
2016-05-16 08:01:14,16,4
2016-05-16 08:11:18,16,4
2016-05-16 08:21:22,16,4
2016-05-16 08:31:26,16,4
2016-05-16 08:41:31,16,4
2016-05-16 08:47:10,15,5
2016-05-16 08:57:13,15,5
2016-05-16 09:07:18,15,5
2016-05-16 09:17:22,15,5
2016-05-16 09:27:26,15,5
2016-05-16 09:37:30,15,5
2016-05-16 09:47:35,15,5
2016-05-16 09:57:40,15,5
2016-05-16 10:07:44,15,5
2016-05-16 10:17:49,15,5
2016-05-16 10:27:53,15,5
2016-05-16 10:37:58,15,5
2016-05-16 10:48:03,15,5
2016-05-16 10:58:07,15,5
2016-05-16 11:08:12,15,5
2016-05-16 11:12:09,16,4
2016-05-16 11:12:32,15,5
2016-05-16 11:22:36,15,5
2016-05-16 11:32:41,15,5
2016-05-16 11:33:52,15,5
2016-05-16 11:34:19,14,6
2016-05-16 11:44:23,14,6
2016-05-16 11:54:26,14,6
2016-05-16 12:04:29,14,6
2016-05-16 12:11:10,15,5
2016-05-16 12:12:07,14,6
2016-05-16 12:22:11,14,6
2016-05-16 12:32:15,14,6
2016-05-16 12:39:12,14,6
2016-05-16 12:40:05,13,7
2016-05-16 12:40:33,12,8
2016-05-16 12:50:38,12,8
2016-05-16 13:00:42,12,8
2016-05-16 13:10:47,12,8
2016-05-16 13:20:50,12,8
2016-05-16 13:30:55,12,8
2016-05-16 13:33:57,12,8
2016-05-16 13:34:36,11,9
2016-05-16 13:44:41,11,9
2016-05-16 13:54:46,11,9
2016-05-16 14:04:51,11,9
2016-05-16 14:14:56,11,9
2016-05-16 14:25:00,11,9
2016-05-16 14:35:04,11,9
2016-05-16 14:40:02,11,9
2016-05-16 14:40:51,11,9
2016-05-16 14:42:20,10,10
2016-05-16 14:52:24,10,10
2016-05-16 15:02:28,10,10
2016-05-16 15:12:31,10,10
2016-05-16 15:22:35,10,10
2016-05-16 15:32:39,10,10
2016-05-16 15:42:43,10,10
2016-05-16 15:52:46,10,10
2016-05-16 15:59:14,11,9
2016-05-16 16:09:19,11,9
2016-05-16 16:19:21,11,9
2016-05-16 16:29:25,11,9
2016-05-16 16:39:29,11,9
2016-05-16 16:46:00,12,8
2016-05-16 16:46:55,10,10
2016-05-16 16:56:58,10,10
2016-05-16 16:58:07,12,8
2016-05-16 17:04:04,12,8
2016-05-16 17:04:39,11,9
2016-05-16 17:14:42,11,9
2016-05-16 17:24:46,11,9
2016-05-16 17:35:11,11,9
2016-05-16 17:35:13,12,8
2016-05-16 17:45:17,12,8
2016-05-16 17:47:55,12,8
2016-05-16 17:48:44,12,8
2016-05-16 17:49:43,11,9
2016-05-16 17:57:41,11,9
2016-05-16 17:58:15,10,10
2016-05-16 18:08:19,10,10
2016-05-16 18:18:23,10,10
2016-05-16 18:22:43,10,10
2016-05-16 18:23:18,9,11
2016-05-16 18:33:44,10,10
2016-05-16 18:44:02,11,9
2016-05-16 18:44:31,12,8
2016-05-16 18:54:35,12,8
2016-05-16 19:01:05,13,7
2016-05-16 19:03:50,14,6
2016-05-16 19:13:54,14,6
2016-05-16 19:23:57,14,6
2016-05-16 19:27:56,15,5
2016-05-16 19:32:11,15,5
2016-05-16 19:32:13,14,6
2016-05-16 19:42:17,14,6
2016-05-16 19:50:00,14,6
2016-05-16 19:53:47,13,7
2016-05-16 20:02:11,12,8
2016-05-16 20:12:37,11,9
2016-05-16 20:22:42,11,9
2016-05-16 20:32:47,11,9
2016-05-16 20:42:51,11,9
2016-05-16 20:52:55,11,9
2016-05-16 21:02:58,11,9
2016-05-16 21:13:02,11,9
2016-05-16 21:23:07,11,9
2016-05-16 21:31:16,12,8
2016-05-16 21:41:21,12,8
2016-05-16 21:51:24,12,8
2016-05-16 22:01:29,12,8
2016-05-16 22:11:33,12,8
2016-05-16 22:21:36,12,8
2016-05-16 22:31:40,12,8
2016-05-16 22:41:44,12,8
2016-05-16 22:51:48,12,8
2016-05-16 23:01:51,12,8
2016-05-16 23:08:12,14,6
2016-05-16 23:08:23,14,6
2016-05-16 23:17:45,13,7
2016-05-16 23:27:49,13,7
2016-05-16 23:37:54,13,7
2016-05-16 23:47:58,13,7
2016-05-16 23:57:32,14,6
2016-05-17 00:00:58,15,5
2016-05-17 00:11:02,15,5
2016-05-17 00:21:05,15,5
2016-05-17 00:31:09,15,5
2016-05-17 00:41:13,15,5
2016-05-17 00:51:18,15,5
2016-05-17 01:01:42,15,5
2016-05-17 02:43:07,15,5
2016-05-17 02:53:11,15,5
2016-05-17 03:03:14,15,5
2016-05-17 03:13:18,15,5
2016-05-17 03:23:22,15,5
2016-05-17 03:33:26,15,5
2016-05-17 03:43:30,15,5
2016-05-17 03:53:34,15,5
2016-05-17 04:03:37,15,5
2016-05-17 04:13:41,15,5
2016-05-17 04:16:15,15,5
2016-05-17 04:23:43,15,5
2016-05-17 04:27:06,17,3
2016-05-17 04:27:35,19,1
2016-05-17 04:37:39,19,1
2016-05-17 04:47:42,19,1
2016-05-17 04:57:46,19,1
2016-05-17 05:07:50,19,1
2016-05-17 05:17:54,19,1
2016-05-17 05:27:58,19,1
2016-05-17 05:38:01,19,1
2016-05-17 05:48:05,19,1
2016-05-17 05:54:43,18,2
2016-05-17 06:04:48,18,2
2016-05-17 06:14:52,18,2
2016-05-17 06:24:56,18,2
2016-05-17 06:35:00,18,2
2016-05-17 06:45:04,18,2
2016-05-17 06:55:07,18,2
2016-05-17 07:05:11,18,2
2016-05-17 07:15:15,18,2
2016-05-17 07:25:37,19,1
2016-05-17 07:35:40,19,1
2016-05-17 07:37:46,20,0
2016-05-17 07:47:50,20,0
2016-05-17 07:54:43,19,1
2016-05-17 08:04:47,19,1
2016-05-17 08:06:09,19,1
2016-05-17 08:06:11,20,0
2016-05-17 08:16:17,20,0
2016-05-17 08:26:21,20,0
2016-05-17 08:33:04,20,0
2016-05-17 08:34:02,20,0
2016-05-17 08:40:59,20,0
2016-05-17 08:41:28,19,1
2016-05-17 08:42:55,19,1
2016-05-17 08:43:42,13,4
2016-05-17 08:44:59,13,7
2016-05-17 08:55:03,13,7
2016-05-17 09:05:08,13,7
2016-05-17 09:15:52,14,6
2016-05-17 09:21:03,14,6
2016-05-17 09:21:49,13,7
2016-05-17 09:23:04,14,6
2016-05-17 09:28:00,15,5
2016-05-17 09:33:55,15,5
2016-05-17 09:34:29,14,6
2016-05-17 09:44:33,14,6
2016-05-17 09:48:25,15,5
2016-05-17 09:54:42,14,6
2016-05-17 09:56:54,14,6
2016-05-17 09:58:06,13,7
2016-05-17 09:58:31,12,8
2016-05-17 10:01:09,13,7
2016-05-17 10:11:13,13,7
2016-05-17 10:18:10,12,8
2016-05-17 10:18:56,12,8
2016-05-17 10:19:32,11,9
2016-05-17 10:29:37,11,9
2016-05-17 10:39:41,11,9
2016-05-17 10:49:45,11,9
2016-05-17 10:59:49,11,9
2016-05-17 11:05:06,12,8
2016-05-17 11:13:02,11,9
2016-05-17 11:23:05,11,9
2016-05-17 11:27:01,11,9
2016-05-17 11:28:05,10,9
2016-05-17 11:28:26,10,9
2016-05-17 11:29:57,10,10
2016-05-17 11:40:03,10,10
2016-05-17 11:50:08,10,10
2016-05-17 12:00:12,10,10
2016-05-17 12:04:33,11,9
2016-05-17 12:11:08,13,7
2016-05-17 12:17:10,13,7
2016-05-17 12:17:12,14,6
2016-05-17 12:24:02,15,5
2016-05-17 12:33:02,16,4
2016-05-17 12:43:06,16,4
2016-05-17 12:45:17,16,4
2016-05-17 12:55:21,16,4
2016-05-17 13:05:25,16,4
2016-05-17 13:15:57,17,3
2016-05-17 13:18:11,17,3
2016-05-17 13:18:35,16,4
2016-05-17 13:28:40,16,4
2016-05-17 13:32:00,16,4
2016-05-17 13:32:28,15,5
2016-05-17 13:42:32,15,5
2016-05-17 13:52:35,15,5
2016-05-17 14:02:56,16,4
2016-05-17 14:05:23,16,4
2016-05-17 14:06:32,16,4
2016-05-17 14:08:09,15,5
2016-05-17 14:09:03,14,6
2016-05-17 14:19:52,14,6
2016-05-17 14:26:07,14,6
2016-05-17 14:36:10,13,7
2016-05-17 14:46:01,13,7
2016-05-17 14:47:11,12,7
2016-05-17 14:48:04,13,7
2016-05-17 14:49:00,12,7
2016-05-17 14:49:30,11,8
2016-05-17 14:59:34,12,8
2016-05-17 15:09:38,12,8
2016-05-17 15:12:11,11,9
2016-05-17 15:22:14,11,9
2016-05-17 15:23:52,10,10
2016-05-17 15:29:02,9,11
2016-05-17 15:34:37,10,10
2016-05-17 15:44:42,10,10
2016-05-17 15:54:46,10,10
2016-05-17 15:57:07,11,9
2016-05-17 15:57:24,12,8
2016-05-17 16:01:52,12,8
2016-05-17 16:02:25,11,9
2016-05-17 16:12:29,11,9
2016-05-17 16:15:58,11,9
2016-05-17 16:16:31,10,10
2016-05-17 16:17:58,10,10
2016-05-17 16:18:19,9,11
2016-05-17 16:27:43,9,11
2016-05-17 16:28:17,8,12
2016-05-17 16:33:59,8,12
2016-05-17 16:35:10,8,12
2016-05-17 16:35:13,9,11
2016-05-17 16:36:57,9,11
2016-05-17 16:37:18,8,12
2016-05-17 16:43:05,8,12
2016-05-17 16:43:42,7,13
2016-05-17 16:45:09,7,13
2016-05-17 16:45:36,6,14
2016-05-17 16:51:40,6,14
2016-05-17 16:52:16,5,15
2016-05-17 16:57:10,5,15
2016-05-17 16:57:12,6,14
2016-05-17 17:08:10,6,14
2016-05-17 17:17:20,6,14
2016-05-17 17:21:59,5,15
2016-05-17 17:24:49,5,15
2016-05-17 17:25:14,4,16
2016-05-17 17:27:49,5,15
2016-05-17 17:29:37,5,15
2016-05-17 17:30:15,4,16
2016-05-17 17:35:11,3,17
2016-05-17 17:38:12,2,17
2016-05-17 17:38:57,2,17
2016-05-17 17:39:36,1,18
2016-05-17 17:49:40,2,18
2016-05-17 17:51:05,2,18
2016-05-17 17:52:06,1,18
2016-05-17 17:53:42,0,19
2016-05-17 17:56:44,0,19
2016-05-17 17:57:24,0,20
2016-05-17 18:00:25,1,19
2016-05-17 18:10:29,1,19
2016-05-17 18:19:02,0,20
2016-05-17 18:29:05,0,20
2016-05-17 18:39:09,0,20
2016-05-17 18:48:11,1,19
2016-05-17 18:48:49,2,18
2016-05-17 18:49:15,1,19
2016-05-17 18:55:11,1,19
2016-05-17 18:55:13,0,20
2016-05-17 19:05:16,0,20
2016-05-17 19:14:05,1,19
2016-05-17 19:23:00,0,20
2016-05-17 19:33:04,0,20
2016-05-17 19:43:07,0,20
2016-05-17 19:53:09,0,20
2016-05-17 20:03:13,0,20
2016-05-17 20:13:16,0,20
2016-05-17 20:23:20,0,20
2016-05-17 20:33:23,0,20
2016-05-17 20:43:26,0,20
2016-05-17 20:53:30,0,20
2016-05-17 21:03:33,0,20
2016-05-17 21:13:36,0,20
2016-05-17 21:21:59,0,20
2016-05-17 21:32:01,0,20
2016-05-17 21:42:04,0,20
2016-05-17 21:52:08,0,20
2016-05-17 22:02:11,0,20
2016-05-17 22:11:53,1,19
2016-05-17 22:21:57,1,19
2016-05-17 22:32:00,1,19
2016-05-17 22:42:04,1,19
2016-05-17 22:52:07,1,19
2016-05-17 23:02:11,1,19
2016-05-17 23:10:02,2,18
2016-05-17 23:20:05,2,18
2016-05-17 23:30:09,2,18
2016-05-17 23:40:13,2,18
2016-05-17 23:50:16,2,18
2016-05-18 00:00:20,2,18
2016-05-18 00:02:53,1,19
2016-05-18 00:12:57,1,19
2016-05-18 00:16:01,1,19
2016-05-18 00:16:38,1,19
2016-05-18 00:26:42,1,19
2016-05-18 00:36:45,1,19
2016-05-18 00:46:49,1,19
2016-05-18 00:56:53,1,19
2016-05-18 01:01:52,3,17
2016-05-18 01:11:56,3,17
2016-05-18 01:21:59,3,17
2016-05-18 01:32:03,3,17
2016-05-18 01:42:07,3,17
2016-05-18 01:52:11,3,17
2016-05-18 02:02:15,3,17
2016-05-18 02:12:18,3,17
2016-05-18 02:22:22,3,17
2016-05-18 02:32:26,3,17
2016-05-18 02:42:29,3,17
2016-05-18 02:52:33,3,17
2016-05-18 03:02:37,3,17
2016-05-18 03:12:40,3,17
2016-05-18 03:22:44,3,17
2016-05-18 03:32:48,3,17
2016-05-18 03:42:52,3,17
2016-05-18 03:52:55,3,17
2016-05-18 03:55:58,4,16
2016-05-18 04:06:02,4,16
2016-05-18 04:15:17,4,16
2016-05-18 04:22:06,4,16
2016-05-18 04:22:20,4,16
2016-05-18 04:32:24,4,16
2016-05-18 04:42:28,4,16
2016-05-18 04:52:31,4,16
2016-05-18 05:02:35,4,16
2016-05-18 05:12:39,4,16
2016-05-18 05:22:43,4,16
2016-05-18 05:32:47,4,16
2016-05-18 05:42:50,4,16
2016-05-18 05:53:05,3,17
2016-05-18 06:03:08,3,17
2016-05-18 06:13:12,3,17
2016-05-18 06:23:16,3,17
2016-05-18 06:33:19,3,17
2016-05-18 06:43:23,3,17
2016-05-18 06:53:27,3,17
2016-05-25 14:15:03,12,7
2016-05-25 14:23:28,13,6
2016-05-25 14:33:32,13,6
2016-05-25 14:43:41,14,5
2016-05-25 14:53:45,14,5
2016-05-25 16:13:07,13,6
2016-05-25 16:20:54,13,6
2016-05-25 16:21:23,12,7
2016-05-25 16:26:05,14,5
2016-05-25 16:33:21,15,4
2016-05-25 16:42:52,14,5
2016-05-25 16:44:53,15,4
2016-05-25 16:54:56,15,4
2016-05-25 17:05:22,15,4
2016-05-25 17:26:50,15,4
2016-05-25 17:34:58,15,4
2016-05-25 17:35:36,14,5
2016-05-25 17:43:30,15,4
2016-05-25 17:48:53,14,5
2016-05-25 17:52:47,15,4
2016-05-25 17:54:28,15,4
2016-05-25 17:55:57,16,3
2016-05-25 17:56:49,16,3
2016-05-25 18:00:05,15,4
2016-05-25 18:02:04,15,4
2016-05-25 18:02:52,14,5
2016-05-25 18:04:41,15,4
2016-05-25 18:08:06,15,4
2016-05-25 18:08:43,14,5
2016-05-25 18:18:05,13,6
2016-05-25 18:18:49,14,5
2016-05-25 18:19:58,14,5
2016-05-25 18:30:02,14,5
2016-05-25 18:40:05,14,5
2016-05-25 18:41:40,14,5
2016-05-25 18:42:57,12,7
2016-05-25 18:53:01,12,7
2016-05-25 18:58:59,12,7
2016-05-25 18:59:34,11,8
2016-05-25 19:09:37,11,8
2016-05-25 19:13:41,11,8
2016-05-25 19:14:18,10,9
2016-05-25 19:16:52,10,9
2016-05-25 19:17:29,9,10
2016-05-25 19:27:33,9,10
2016-05-25 19:33:53,10,9
2016-05-25 19:43:57,10,9
2016-05-25 19:52:07,11,8
2016-05-25 20:02:11,11,8
2016-05-25 20:04:27,12,7
2016-05-25 20:14:30,12,7
2016-05-25 20:24:34,12,7
2016-05-25 20:32:53,13,6
2016-05-25 20:42:57,13,6
2016-05-25 20:53:01,13,6
2016-05-25 21:03:05,13,6
2016-05-25 21:13:08,13,6
2016-05-25 21:23:17,13,6
2016-05-25 21:33:22,13,6
2016-05-25 21:43:27,13,6
2016-05-25 21:53:32,13,6
2016-05-25 21:56:08,14,5
2016-05-25 21:56:57,14,5
2016-05-25 22:01:09,14,5
2016-05-25 22:01:37,13,6
2016-05-25 22:10:01,13,6
2016-05-25 22:10:28,12,7
2016-05-25 22:13:07,13,6
2016-05-25 22:23:11,13,6
2016-05-25 22:33:15,13,6
2016-05-25 22:43:19,13,6
2016-05-25 22:53:22,13,6
2016-05-25 23:03:26,13,6
2016-05-25 23:09:39,14,5
2016-05-25 23:19:43,14,5
2016-05-25 23:29:47,14,5
2016-05-25 23:39:50,14,5
2016-05-25 23:49:54,14,5
2016-05-25 23:59:58,14,5
2016-05-26 00:10:02,14,5
2016-05-26 00:20:06,14,5
2016-05-26 00:23:03,14,5
2016-05-26 00:23:56,13,6
2016-05-26 00:34:00,13,6
2016-05-26 00:44:03,13,6
2016-05-26 00:53:05,14,5
2016-05-26 00:59:11,14,5
2016-05-26 01:00:05,13,6
2016-05-26 01:00:32,12,7
2016-05-26 01:10:36,12,7
2016-05-26 01:20:40,12,7
2016-05-26 01:30:44,12,7
2016-05-26 01:40:48,12,7
2016-05-26 01:45:21,13,6
2016-05-26 01:46:59,13,6
2016-05-26 01:57:02,13,6
2016-05-26 02:07:07,13,6
2016-05-26 02:17:11,13,6
2016-05-26 02:20:52,14,5
2016-05-26 02:30:56,14,5
2016-05-26 02:40:59,14,5
2016-05-26 02:43:45,15,4
2016-05-26 02:44:31,17,2
2016-05-26 02:54:35,17,2
2016-05-26 02:55:44,17,2
2016-05-26 02:56:34,16,3
2016-05-26 03:06:38,16,3
2016-05-26 03:11:49,17,2
2016-05-26 03:21:53,17,2
2016-05-26 03:31:57,17,2
2016-05-28 00:21:37,12,8
2016-05-28 01:00:18,14,6
2016-05-28 11:08:58,15,5
2016-05-28 11:29:06,15,5
2016-05-28 11:39:09,15,5
2016-05-28 11:50:10,15,5
2016-05-28 12:11:34,15,5
2016-05-28 12:41:45,15,5
2016-05-28 12:51:50,15,5
2016-05-28 13:10:10,15,5
2016-05-28 13:10:41,14,6
2016-05-28 13:18:29,15,5
2016-05-28 13:38:36,15,5
2016-05-28 13:47:15,14,6
2016-05-28 13:57:19,14,6
2016-05-28 14:07:23,14,6
2016-05-28 14:17:27,14,6
2016-05-28 14:27:31,14,6
2016-05-28 14:37:35,14,6
2016-05-28 14:42:46,15,5
2016-05-28 14:52:49,15,5
2016-05-28 15:02:54,15,5
2016-05-28 15:12:58,15,5
2016-05-28 15:18:25,16,4
2016-05-28 15:22:44,16,4
2016-05-28 15:25:37,16,4
2016-05-28 15:29:18,15,5
2016-05-28 15:57:35,14,6
2016-05-28 16:03:49,13,7
2016-05-28 16:10:07,12,8
2016-05-28 16:10:32,11,9
2016-05-28 16:34:44,14,6
2016-05-28 16:38:56,13,7
2016-05-28 16:47:25,14,6
2016-05-28 16:57:28,14,6
2016-05-28 16:58:50,15,5
2016-05-28 17:10:11,15,5
2016-05-28 17:21:23,15,5
2016-05-28 17:34:13,14,6
2016-05-28 17:44:17,14,6
2016-05-28 17:54:20,14,6
2016-05-28 18:04:24,14,6
2016-05-28 18:08:40,15,5
2016-05-28 18:18:44,15,5
2016-05-28 18:28:48,15,5
2016-05-28 18:36:12,16,4
2016-05-28 18:36:22,16,4
2016-05-28 18:55:34,15,5
2016-05-28 18:59:26,16,4
2016-05-28 19:09:29,16,4
2016-05-28 19:16:09,15,5
2016-05-28 19:26:13,15,5
2016-05-28 19:33:14,16,4
2016-05-28 19:41:19,15,5
2016-05-28 19:51:21,15,5
2016-05-28 19:53:05,14,6
2016-05-28 20:03:09,14,6
2016-05-28 20:08:08,13,7
2016-05-28 20:09:25,11,9
2016-05-28 20:19:29,11,9
2016-05-28 20:40:14,11,9
2016-05-28 20:50:17,11,9
2016-05-28 21:00:22,11,9
2016-05-28 21:10:25,11,9
2016-05-28 21:20:29,11,9
2016-05-28 21:57:19,10,10
2016-05-28 22:06:07,11,9
2016-05-28 22:26:14,11,9
2016-05-28 22:36:18,11,9
2016-05-28 22:46:21,11,9
2016-05-28 22:56:25,11,9
2016-05-28 23:06:28,11,9
2016-05-28 23:16:32,11,9
2016-05-28 23:26:35,11,9
2016-05-28 23:36:39,11,9
2016-05-28 23:46:43,11,9
2016-05-28 23:56:46,11,9
2016-05-29 00:06:52,11,9
2016-05-29 00:16:56,11,9
2016-05-29 00:27:00,11,9
2016-05-29 00:32:11,11,9
2016-05-29 00:49:59,13,7
2016-05-29 01:00:03,13,7
2016-05-29 01:10:06,13,7
2016-05-29 01:10:38,12,8
2016-05-29 01:18:37,13,7
2016-05-29 01:28:40,13,7
2016-05-29 01:38:43,13,7
2016-05-29 01:48:46,13,7
2016-05-29 01:58:50,13,7
2016-05-29 02:08:54,13,7
2016-05-29 02:18:41,12,8
2016-05-29 02:28:44,12,8
2016-05-29 02:38:47,12,8
2016-05-29 02:48:51,12,8
2016-05-29 02:58:55,12,8
2016-05-29 03:08:59,12,8
2016-05-29 03:19:02,12,8
2016-05-29 03:29:06,12,8
2016-05-29 03:34:28,14,6
2016-05-29 03:44:32,14,6
2016-05-29 03:54:36,14,6
2016-05-29 04:04:40,14,6
2016-05-29 04:08:04,15,5
2016-05-29 04:16:15,15,5
2016-05-29 04:22:10,15,5
2016-05-29 04:52:20,15,5
2016-05-29 05:02:24,15,5
2016-05-29 05:12:26,15,5
2016-05-29 05:22:30,15,5
2016-05-29 05:33:12,16,4
2016-05-29 05:43:15,16,4
2016-05-29 05:53:19,16,4
2016-05-29 06:13:27,16,4
2016-05-29 06:23:31,16,4
2016-05-29 06:33:34,16,4
2016-05-29 06:43:37,16,4
2016-05-29 06:53:41,16,4
2016-05-29 07:03:44,16,4
2016-05-29 07:13:48,16,4
2016-05-29 07:44:01,16,4
2016-05-29 07:54:05,16,4
2016-05-29 08:04:09,16,4
2016-05-29 08:14:13,16,4
2016-05-29 08:24:16,16,4
2016-05-29 08:34:20,16,4
2016-05-29 08:44:24,16,4
2016-05-29 08:54:28,16,4
2016-05-29 09:04:31,16,4
2016-05-29 09:14:35,16,4
2016-05-29 09:24:39,16,4
2016-05-29 09:34:43,16,4
2016-05-29 09:44:46,16,4
2016-05-29 09:54:50,16,4
2016-05-29 10:04:54,16,4
2016-05-29 10:14:58,16,4
2016-05-29 10:25:01,16,4
2016-05-29 10:35:05,16,4
2016-05-29 10:45:08,16,4
2016-05-29 10:55:12,16,4
2016-05-29 11:05:16,16,4
2016-05-29 11:15:20,16,4
2016-05-29 11:25:23,16,4
2016-05-29 11:35:27,16,4
2016-05-29 11:45:31,16,4
2016-05-29 11:55:34,16,4
2016-05-29 12:05:37,16,4
2016-05-29 12:11:31,15,5
2016-05-29 12:21:34,15,5
2016-05-29 12:31:38,15,5
2016-05-29 12:39:11,16,4
2016-05-29 12:59:19,16,4
2016-05-29 13:09:22,16,4
2016-05-29 13:19:26,16,4
2016-05-29 13:29:30,16,4
2016-05-29 13:32:09,16,4
2016-05-29 13:32:11,15,5
2016-05-29 13:39:33,14,6
2016-05-29 13:49:36,14,6
2016-05-29 13:59:40,14,6
2016-05-29 14:09:43,14,6
2016-05-29 14:19:47,14,6
2016-05-29 14:28:02,14,6
2016-05-29 14:28:26,13,7
2016-05-29 14:38:30,13,7
2016-05-29 14:48:34,13,7
2016-05-29 14:51:38,12,8
2016-05-29 15:11:46,12,8
2016-05-29 15:21:50,12,8
2016-05-29 15:31:53,12,8
2016-05-29 15:38:57,11,9
2016-05-29 15:49:00,11,9
2016-05-29 15:59:37,12,8
2016-05-29 16:13:06,13,7
2016-05-29 16:23:21,13,7
2016-05-29 16:48:56,12,8
2016-05-29 16:50:29,12,8
2016-05-29 16:53:11,11,9
2016-05-29 16:54:49,10,10
2016-05-29 17:07:51,11,9
2016-05-29 17:08:36,10,10
2016-05-29 17:10:51,9,11
2016-05-29 17:14:15,10,10
2016-05-29 17:17:43,9,11
2016-05-29 17:26:04,10,10
2016-05-29 17:26:37,10,10
2016-05-29 17:36:41,10,10
2016-05-29 17:46:44,10,10
2016-05-29 17:56:47,10,10
2016-05-29 18:01:16,11,9
2016-05-29 18:11:20,11,9
2016-05-29 18:21:24,11,9
2016-05-29 18:31:27,11,9
2016-05-29 18:41:30,11,9
2016-05-29 18:51:33,11,9
2016-05-29 19:01:37,11,9
2016-05-29 19:05:02,12,8
2016-05-29 19:13:47,14,6
2016-05-29 19:15:56,14,6
2016-05-29 19:36:03,14,6
2016-05-29 19:37:01,15,5
2016-05-29 19:47:04,15,5
2016-05-29 19:57:08,15,5
2016-05-29 20:03:42,16,4
2016-05-29 20:04:39,15,5
2016-05-29 20:14:42,15,5
2016-05-30 00:54:32,18,2
2016-05-30 01:04:35,18,2
2016-05-30 01:14:39,18,2
2016-05-30 01:34:46,18,2
2016-05-30 01:44:50,18,2
2016-05-30 01:54:54,18,2
2016-05-30 02:04:57,18,2
2016-05-30 02:15:01,18,2
2016-05-30 02:25:05,18,2
2016-05-30 02:35:09,18,2
2016-05-30 02:37:11,19,1
2016-05-30 02:47:14,19,1
2016-05-30 02:57:17,19,1
2016-05-30 03:07:21,19,1
2016-05-30 03:17:24,19,1
2016-05-30 03:27:28,19,1
2016-05-30 03:37:31,19,1
2016-05-30 03:47:34,19,1
2016-05-30 03:57:38,19,1
2016-05-30 04:07:42,19,1
2016-05-30 04:19:46,19,1
2016-05-30 04:29:48,19,1
2016-05-30 04:39:52,19,1
2016-05-30 04:49:56,19,1
2016-05-30 05:00:00,19,1
2016-05-30 05:10:03,19,1
2016-05-30 05:20:07,19,1
2016-05-30 05:29:58,13,7
2016-05-30 05:34:10,11,9
2016-05-30 05:44:16,10,10
2016-05-30 05:55:06,9,11
2016-05-30 06:35:21,9,11
2016-05-30 06:55:28,9,11
2016-05-30 07:01:10,10,10
2016-05-30 07:11:13,10,10
2016-05-30 07:21:17,10,10
2016-05-30 07:31:21,10,10
2016-05-30 07:41:25,10,10
2016-05-30 07:43:54,9,11
2016-05-30 07:53:58,9,11
2016-05-30 08:09:36,9,11
2016-05-30 08:19:39,9,11
2016-05-30 08:24:03,9,11
2016-05-30 08:34:40,8,12
2016-05-30 08:39:04,8,12
2016-05-30 08:42:08,9,11
2016-05-30 08:46:46,8,12
2016-05-30 08:56:50,8,12
2016-05-30 09:06:53,8,12
2016-05-30 09:16:57,8,12
2016-05-30 09:24:35,9,11
2016-05-30 09:34:38,9,11
2016-05-30 09:44:42,9,11
2016-05-30 09:54:45,9,11
2016-05-30 09:58:16,10,10
2016-05-30 10:05:41,11,9
2016-05-30 10:15:45,11,9
2016-05-30 10:25:48,11,9
2016-05-30 10:35:52,11,9
2016-05-30 10:36:30,12,8
2016-05-30 10:46:33,12,8
2016-05-30 10:55:26,14,6
2016-05-30 11:05:29,14,6
2016-05-30 11:46:01,12,8
2016-05-30 11:47:26,12,8
2016-05-30 11:50:01,12,8
2016-05-30 11:59:42,11,9
2016-05-30 12:05:50,10,10
2016-05-30 12:15:54,10,10
2016-05-30 12:25:56,10,10
2016-05-30 12:57:38,11,9
2016-05-30 13:07:42,11,9
2016-05-30 13:14:42,12,8
2016-05-30 13:24:15,13,7
2016-05-30 13:34:18,13,7
2016-05-30 13:38:15,14,6
2016-05-30 13:48:18,14,6
2016-05-30 13:56:10,14,6
2016-05-30 13:58:57,14,6
2016-05-30 14:04:05,15,5
2016-05-30 14:07:41,14,6
2016-05-30 14:17:44,14,6
2016-05-30 14:36:14,15,5
2016-05-30 14:46:18,15,5
2016-05-30 14:57:18,14,6
2016-05-30 15:17:42,14,6
2016-05-30 15:27:46,14,6
2016-05-30 15:37:49,14,6
2016-05-30 15:52:38,13,7
2016-05-30 16:02:41,13,7
2016-05-30 16:12:45,13,7
2016-05-30 16:23:48,13,7
2016-05-30 16:24:22,12,8
2016-05-30 16:27:01,11,9
2016-05-30 16:41:38,12,8
2016-05-30 16:42:49,11,9
2016-05-30 16:47:58,11,9
2016-05-30 16:48:27,10,10
2016-05-30 16:59:42,9,11
2016-05-30 17:09:46,9,11
2016-05-30 17:19:49,9,11
2016-05-30 17:29:52,9,11
2016-05-30 17:31:13,8,12
2016-05-30 17:34:11,8,12
2016-05-30 17:40:39,9,11
2016-05-30 17:45:38,8,12
2016-05-30 17:55:27,9,11
2016-05-30 18:11:16,9,11
2016-05-30 18:29:00,9,11
2016-05-30 18:36:27,10,10
2016-05-30 18:48:51,11,9
2016-05-30 18:58:54,11,9
2016-05-30 19:00:52,12,8
2016-05-30 19:10:55,12,8
2016-05-30 19:20:59,12,8
2016-05-30 19:23:58,12,8
2016-05-30 19:29:06,10,10
2016-05-30 19:39:10,10,10
2016-05-30 19:49:14,10,10
2016-05-30 19:59:17,10,10
2016-05-30 20:02:28,11,9
2016-05-30 20:12:32,11,9
2016-05-30 20:18:11,10,10
2016-05-30 20:25:35,11,9
2016-05-30 20:35:38,11,9
2016-05-30 20:45:42,11,9
2016-05-30 20:48:05,13,7
2016-05-30 21:08:12,13,7
2016-05-30 21:18:16,13,7
2016-05-30 21:28:19,13,7
2016-05-30 21:38:23,13,7
2016-05-30 21:48:27,13,7
2016-05-30 21:58:31,13,7
2016-05-30 22:08:35,13,7
2016-05-30 22:18:38,13,7
2016-05-30 22:35:52,13,7
2016-05-30 22:36:21,13,7
2016-05-30 23:11:21,13,7
2016-05-30 23:21:24,13,7
2016-05-30 23:31:28,13,7
2016-05-30 23:41:32,13,7
2016-05-30 23:51:35,13,7
2016-05-31 00:01:39,13,7
2016-05-31 00:11:43,13,7
2016-05-31 00:21:47,13,7
2016-05-31 00:31:50,13,7
2016-05-31 00:41:54,13,7
2016-05-31 00:51:58,13,7
2016-05-31 01:01:25,14,6
2016-05-31 01:11:28,14,6
2016-05-31 01:21:32,14,6
2016-05-31 01:31:35,14,6
2016-05-31 01:51:43,14,6
2016-05-31 02:01:46,14,6
2016-05-31 02:11:50,14,6
2016-05-31 02:21:54,14,6
2016-05-31 02:42:01,14,6
2016-05-31 02:52:05,14,6
2016-05-31 03:02:09,14,6
2016-05-31 03:12:13,14,6
2016-05-31 03:22:17,14,6
2016-05-31 03:32:20,14,6
2016-05-31 03:42:24,14,6
2016-05-31 03:52:28,14,6
2016-05-31 04:02:32,14,6
2016-05-31 04:18:34,14,6
2016-05-31 05:08:53,14,6
2016-05-31 05:18:57,14,6
2016-05-31 05:59:12,14,6
2016-05-31 06:37:54,13,7
2016-05-31 06:58:01,13,7
2016-05-31 06:58:41,14,6
2016-05-31 07:08:44,14,6
2016-05-31 07:18:47,14,6
2016-05-31 07:28:51,14,6
2016-05-31 07:38:01,13,7
2016-05-31 07:41:44,13,7
2016-05-31 07:42:14,12,8
2016-05-31 07:48:07,12,8
2016-05-31 07:50:13,12,8
2016-05-31 08:00:17,12,8
2016-05-31 08:03:11,13,7
2016-05-31 08:15:20,14,6
2016-05-31 08:25:35,13,7
2016-05-31 08:27:00,12,8
2016-05-31 08:54:09,11,9
2016-05-31 09:05:52,12,8
2016-05-31 09:07:59,11,9
2016-05-31 09:18:03,11,9
2016-05-31 09:28:06,11,9
2016-05-31 09:44:52,10,10
2016-05-31 09:55:29,11,9
2016-05-31 10:05:33,11,9
2016-05-31 10:15:37,11,9
2016-05-31 10:25:41,11,9
2016-05-31 10:35:45,11,9
2016-05-31 10:38:07,10,10
2016-05-31 10:42:52,11,9
2016-05-31 10:53:36,10,10
2016-05-31 11:05:32,13,7
2016-05-31 11:07:12,14,6
2016-05-31 11:17:16,14,6
2016-05-31 11:27:20,14,6
2016-05-31 11:30:11,13,7
2016-05-31 11:30:13,12,8
2016-05-31 11:37:43,13,7
2016-05-31 11:47:47,13,7
2016-05-31 11:57:51,13,7
2016-05-31 12:07:54,13,7
2016-05-31 12:17:58,13,7
2016-05-31 12:28:02,13,7
2016-05-31 12:38:06,13,7
2016-05-31 12:41:40,13,7
2016-05-31 12:42:18,12,8
2016-05-31 12:52:21,12,8
2016-05-31 13:02:25,12,8
2016-05-31 13:12:29,12,8
2016-05-31 13:22:33,12,8
2016-05-31 13:32:19,11,9
2016-05-31 13:39:24,12,8
2016-05-31 13:49:27,12,8
2016-05-31 13:59:31,12,8
2016-05-31 14:04:12,11,9
2016-05-31 14:14:15,11,9
2016-05-31 14:24:19,11,9
2016-05-31 14:34:23,11,9
2016-05-31 14:44:26,11,9
2016-05-31 14:54:30,11,9
2016-05-31 14:58:15,12,8
2016-05-31 15:09:01,11,9
2016-05-31 15:17:24,12,8
2016-05-31 15:27:28,12,8
2016-05-31 15:37:32,12,8
2016-05-31 15:39:35,12,8
2016-05-31 15:40:21,11,9
2016-05-31 15:49:42,11,9
2016-05-31 15:50:56,11,9
2016-05-31 15:57:10,12,8
2016-05-31 16:07:14,12,8
2016-05-31 16:17:17,12,8
2016-05-31 16:27:21,12,8
2016-05-31 16:39:14,13,7
2016-05-31 16:43:05,12,8
2016-05-31 16:52:00,11,9
2016-05-31 16:52:42,10,10
2016-05-31 16:59:57,10,10
2016-05-31 17:00:32,9,11
2016-05-31 17:11:06,9,11
2016-05-31 17:35:43,10,10
2016-05-31 17:45:49,10,10
2016-05-31 17:47:29,11,9
2016-05-31 17:49:58,11,9
2016-05-31 18:16:50,14,6
2016-05-31 18:26:53,14,6
2016-05-31 18:30:47,13,7
2016-05-31 18:40:51,13,7
2016-05-31 18:43:39,12,8
2016-05-31 18:53:43,12,8
2016-05-31 19:17:49,12,8
2016-05-31 19:18:23,11,9
2016-05-31 19:25:53,10,10
2016-05-31 19:33:25,10,10
2016-05-31 19:43:30,10,10
2016-05-31 19:53:34,10,10
2016-05-31 19:54:38,11,9
2016-05-31 20:13:36,12,8
2016-05-31 20:23:40,12,8
2016-05-31 20:33:44,12,8
2016-05-31 20:38:46,13,7
2016-05-31 20:43:35,12,8
2016-05-31 20:45:38,11,9
2016-05-31 20:55:42,11,9
2016-05-31 21:03:51,12,8
2016-05-31 21:04:31,11,9
2016-05-31 21:14:34,11,9
2016-05-31 21:18:41,10,10
2016-05-31 21:28:45,10,10
2016-05-31 21:38:49,10,10
2016-05-31 21:48:53,10,10
2016-05-31 21:58:57,10,10
2016-05-31 22:09:01,10,10
2016-05-31 22:11:57,10,10
2016-05-31 22:12:22,9,11
2016-05-31 22:22:26,9,11
2016-05-31 22:25:03,10,10
2016-05-31 22:35:02,11,9
2016-05-31 22:45:06,11,9
2016-05-31 22:55:09,11,9
2016-05-31 23:05:13,11,9
2016-05-31 23:15:17,11,9
2016-05-31 23:25:21,11,9
2016-05-31 23:30:36,10,10
2016-05-31 23:40:39,10,10
2016-05-31 23:50:43,10,10
2016-05-31 23:53:06,9,11
2016-06-01 00:03:10,9,11
2016-06-01 00:13:14,9,11
2016-06-01 00:23:18,9,11
2016-06-01 00:31:01,10,10
2016-06-01 00:41:05,10,10
2016-06-01 00:51:09,10,10
2016-06-01 01:01:12,10,10
2016-06-01 01:11:16,10,10
2016-06-01 01:21:20,10,10
2016-06-01 01:29:10,10,10
2016-06-01 01:30:53,11,9
2016-06-01 01:40:56,11,9
2016-06-01 02:01:04,11,9
2016-06-01 02:11:08,11,9
2016-06-01 02:18:23,12,8
2016-06-01 02:19:50,12,8
2016-06-01 02:29:54,12,8
2016-06-01 02:34:10,13,7
2016-06-01 02:44:13,13,7
2016-06-01 02:47:20,14,6
2016-06-01 02:59:55,14,6
2016-06-01 03:00:20,13,7
2016-06-01 03:10:24,13,7
2016-06-01 03:21:03,13,7
2016-06-01 03:21:27,12,8
2016-06-01 03:31:31,12,8
2016-06-01 03:41:34,12,8
2016-06-01 03:51:38,12,8
2016-06-01 04:01:42,12,8
2016-06-01 04:11:46,12,8
2016-06-01 04:24:06,12,8
2016-06-01 04:34:10,12,8
2016-06-01 04:44:14,12,8
2016-06-01 04:54:18,12,8
2016-06-01 05:34:32,12,8
2016-06-01 05:54:40,12,8
2016-06-01 06:04:44,12,8
2016-06-01 06:14:48,12,8
2016-06-01 06:24:52,12,8
2016-06-01 06:34:55,12,8
2016-06-01 06:44:59,12,8
2016-06-01 06:55:03,12,8
2016-06-01 07:01:17,13,7
2016-06-01 07:11:20,13,7
2016-06-01 07:21:24,13,7
2016-06-01 07:31:28,13,7
2016-06-01 07:41:32,13,7
2016-06-01 07:45:08,13,7
2016-06-01 07:45:48,12,8
2016-06-01 07:55:14,11,9
2016-06-01 07:57:01,11,9
2016-06-01 07:57:31,10,10
2016-06-01 08:07:35,10,10
2016-06-01 08:17:38,10,10
2016-06-01 08:27:42,10,10
2016-06-01 08:37:46,10,10
2016-06-01 08:43:12,9,11
2016-06-01 08:51:15,10,10
2016-06-01 08:57:47,10,10
2016-06-01 08:58:18,9,11
2016-06-01 09:08:22,9,11
2016-06-01 09:12:08,8,12
2016-06-01 09:22:12,8,12
2016-06-01 09:32:16,8,12
2016-06-01 09:42:19,8,12
2016-06-01 09:47:34,6,14
2016-06-01 09:52:22,8,12
2016-06-01 10:04:10,7,12
2016-06-01 10:05:10,7,12
2016-06-01 10:10:23,8,11
2016-06-01 10:20:27,9,11
2016-06-01 10:30:30,9,11
2016-06-01 10:40:34,9,11
2016-06-01 10:50:38,9,11
2016-06-01 11:00:42,9,11
2016-06-01 11:10:46,9,11
2016-06-01 11:20:50,9,11
2016-06-01 11:30:54,9,11
2016-06-01 11:40:58,9,11
2016-06-01 12:01:06,9,11
2016-06-01 12:09:03,9,11
2016-06-01 12:20:03,7,13
2016-06-01 12:30:07,7,13
2016-06-01 12:33:56,6,14
2016-06-01 12:54:04,6,14
2016-06-01 13:04:07,6,14
2016-06-01 13:14:11,6,14
2016-06-01 13:24:15,6,14
2016-06-01 13:34:19,6,14
2016-06-01 13:44:23,6,14
2016-06-01 13:54:27,6,14
2016-06-01 14:06:03,5,15
2016-06-01 14:16:07,5,15
2016-06-01 14:23:35,5,15
2016-06-01 14:33:39,5,15
2016-06-01 14:44:05,6,14
2016-06-01 14:54:09,6,14
2016-06-01 15:04:13,6,14
2016-06-01 15:14:17,6,14
2016-06-01 15:24:21,6,14
2016-06-01 15:34:24,6,14
2016-06-01 15:44:28,6,14
2016-06-01 15:54:32,6,14
2016-06-01 16:04:37,6,14
2016-06-01 16:14:42,6,14
2016-06-01 16:19:57,7,13
2016-06-01 16:23:49,7,13
2016-06-01 16:25:26,7,13
2016-06-01 16:26:15,6,14
2016-06-01 16:36:25,6,14
2016-06-01 16:47:01,5,15
2016-06-01 16:50:17,6,14
2016-06-01 17:00:21,6,14
2016-06-01 17:28:58,6,14
2016-06-01 17:35:26,7,13
2016-06-01 17:41:32,6,14
2016-06-01 17:51:36,6,14
2016-06-01 18:01:40,6,14
2016-06-01 18:08:11,7,13
2016-06-01 18:09:48,6,14
2016-06-01 18:11:35,6,14
2016-06-01 18:12:53,5,15
2016-06-01 18:19:26,6,14
2016-06-01 18:29:29,6,14
2016-06-01 18:31:58,5,15
2016-06-01 18:33:33,6,14
2016-06-01 18:40:20,7,13
2016-06-01 18:42:24,8,12
2016-06-01 18:59:48,7,13
2016-06-01 19:04:48,8,12
2016-06-01 19:15:00,8,12
2016-06-01 19:22:48,9,11
2016-06-01 19:32:51,9,11
2016-06-01 19:38:08,10,10
2016-06-01 19:48:11,10,10
2016-06-01 19:58:15,10,10
2016-06-01 20:08:19,10,10
2016-06-01 20:18:22,10,10
2016-06-01 20:32:36,11,9
2016-06-01 20:34:54,12,8
2016-06-01 20:44:57,12,8
2016-06-01 20:55:01,12,8
2016-06-01 21:15:20,12,8
2016-06-01 21:19:43,13,7
2016-06-01 21:25:46,13,7
2016-06-01 21:28:11,12,8
2016-06-01 21:28:48,13,7
2016-06-01 21:38:51,13,7
2016-06-01 21:48:55,13,7
2016-06-01 21:58:58,13,7
2016-06-01 22:09:02,13,7
2016-06-01 22:21:42,13,7
2016-06-01 22:31:45,13,7
2016-06-01 22:38:09,13,7
2016-06-01 22:38:52,11,9
2016-06-01 22:48:56,11,9
2016-06-01 22:59:00,11,9
2016-06-01 23:09:03,11,9
2016-06-01 23:19:07,11,9
2016-06-01 23:31:06,12,8
2016-06-01 23:41:09,12,8
2016-06-01 23:51:13,12,8
2016-06-02 00:01:16,12,8
2016-06-02 00:11:20,12,8
2016-06-02 00:30:56,12,8
2016-06-02 00:41:00,12,8
2016-06-02 01:01:07,12,8
2016-06-02 01:11:11,12,8
2016-06-02 01:14:26,13,7
2016-06-02 01:24:29,13,7
2016-06-02 01:34:32,13,7
2016-06-02 01:44:36,13,7
2016-06-02 01:54:40,13,7
2016-06-02 02:04:44,13,7
2016-06-02 02:14:47,13,7
2016-06-02 02:24:51,13,7
2016-06-02 02:34:55,13,7
2016-06-02 02:44:59,13,7
2016-06-02 02:55:02,13,7
2016-06-02 03:05:06,13,7
2016-06-02 03:15:10,13,7
2016-06-02 03:25:14,13,7
2016-06-02 03:32:15,14,6
2016-06-02 03:42:19,14,6
2016-06-02 03:52:22,14,6
2016-06-02 04:02:26,14,6
2016-06-02 04:05:44,16,4
2016-06-02 04:22:29,16,4
2016-06-02 04:32:32,16,4
2016-06-02 04:42:36,16,4
2016-06-02 04:52:39,16,4
2016-06-02 04:56:37,18,2
2016-06-02 05:06:41,18,2
2016-06-02 05:16:45,18,2
2016-06-02 05:26:48,18,2
2016-06-02 05:36:51,18,2
2016-06-02 05:46:54,18,2
2016-06-02 05:56:58,18,2
2016-06-02 06:07:01,18,2
2016-06-02 06:17:04,18,2
2016-06-02 06:27:08,18,2
2016-06-02 06:37:11,18,2
2016-06-02 06:47:15,18,2
2016-06-02 06:57:19,18,2
2016-06-02 07:01:59,19,1
2016-06-02 07:12:02,19,1
2016-06-02 07:22:05,19,1
2016-06-02 07:32:09,19,1
2016-06-02 07:42:12,19,1
2016-06-02 07:52:16,19,1
2016-06-02 07:58:13,18,2
2016-06-02 08:25:10,19,1
2016-06-02 08:36:03,18,2
2016-06-02 08:57:59,19,1
2016-06-02 08:58:40,18,2
2016-06-02 09:02:51,16,4
2016-06-02 09:15:57,16,4
2016-06-02 09:20:05,14,6
2016-06-02 09:26:00,14,6
2016-06-02 09:26:32,13,7
2016-06-02 09:36:35,13,7
2016-06-02 09:46:39,13,7
2016-06-02 09:56:43,13,7
2016-06-02 10:06:46,13,7
2016-06-02 10:12:30,14,6
2016-06-02 10:35:44,12,8
2016-06-02 10:45:47,12,8
2016-06-02 10:58:49,11,8
2016-06-02 11:07:11,10,9
2016-06-02 11:17:15,10,9
2016-06-02 11:23:21,11,8
2016-06-02 11:33:24,11,8
2016-06-02 12:01:38,10,9
2016-06-02 12:02:24,9,10
2016-06-02 12:04:35,10,9
2016-06-02 12:11:45,9,10
2016-06-02 12:19:51,8,11
2016-06-02 12:23:09,7,12
2016-06-02 12:53:19,7,12
2016-06-02 13:03:23,7,12
2016-06-02 13:13:27,7,12
2016-06-02 13:21:11,8,11
2016-06-02 13:31:14,8,11
2016-06-02 13:49:53,7,12
2016-06-02 14:09:59,7,12
2016-06-02 14:20:03,7,12
2016-06-02 14:30:06,7,12
2016-06-02 14:33:52,7,12
2016-06-02 14:43:55,7,12
2016-06-02 14:53:59,7,12
2016-06-02 14:59:43,7,12
2016-06-02 15:03:52,6,13
2016-06-02 15:04:31,5,14
2016-06-02 15:14:34,5,14
2016-06-02 15:20:28,6,13
2016-06-02 15:34:58,5,14
2016-06-02 15:45:02,5,14
2016-06-02 15:55:05,5,14
2016-06-02 16:01:45,6,13
2016-06-02 16:21:54,6,13
2016-06-02 16:23:53,6,13
2016-06-02 16:24:17,5,14
2016-06-02 16:34:21,5,14
2016-06-02 17:08:44,4,15
2016-06-02 17:29:43,4,15
2016-06-02 17:39:47,4,15
2016-06-02 17:49:50,4,15
2016-06-02 17:59:54,4,15
2016-06-02 18:09:58,4,15
2016-06-02 18:19:18,3,16
2016-06-02 18:25:12,2,17
2016-06-02 18:29:22,1,18
2016-06-02 18:32:00,0,19
2016-06-02 19:02:25,0,19
2016-06-02 19:21:47,0,19
2016-06-02 19:22:49,1,18
2016-06-02 19:32:24,0,19
2016-06-02 19:35:21,0,19
2016-06-02 19:51:26,0,19
2016-06-02 20:01:30,0,19
2016-06-02 20:11:33,0,19
2016-06-02 20:27:08,1,18
2016-06-02 20:37:12,1,18
2016-06-02 20:47:16,1,18
2016-06-02 20:57:20,1,18
2016-06-02 21:17:27,1,18
2016-06-02 21:37:36,1,18
2016-06-02 21:47:40,1,18
2016-06-02 21:57:44,1,18
2016-06-02 22:07:48,1,18
2016-06-02 22:11:04,2,17
2016-06-02 22:21:09,2,17
2016-06-02 22:31:13,2,17
2016-06-02 22:41:17,2,17
2016-06-02 22:51:20,2,17
2016-06-02 23:01:24,2,17
2016-06-02 23:11:28,2,17
2016-06-02 23:21:32,2,17
2016-06-02 23:31:36,2,17
2016-06-02 23:41:40,2,17
2016-06-02 23:48:09,2,17
2016-06-02 23:48:28,1,18
2016-06-02 23:51:41,0,19
2016-06-03 00:01:44,0,19
2016-06-03 00:11:48,0,19
2016-06-03 00:21:52,0,19
2016-06-03 00:31:55,0,19
2016-06-03 00:41:59,0,19
2016-06-03 00:52:03,0,19
2016-06-03 00:55:08,2,17
2016-06-03 01:02:27,3,16
2016-06-03 01:06:02,4,15
2016-06-03 01:09:46,6,13
2016-06-03 01:19:49,6,13
2016-06-03 01:26:20,5,14
2016-06-03 01:30:40,6,13
2016-06-03 01:33:00,7,12
2016-06-03 01:33:20,7,12
2016-06-03 01:37:05,7,12
2016-06-03 02:05:51,6,13
2016-06-03 02:15:55,6,13
2016-06-03 02:25:58,6,13
2016-06-03 02:31:59,7,12
2016-06-03 02:42:03,7,12
2016-06-03 02:47:27,8,11
2016-06-03 02:58:48,12,6
2016-06-03 03:06:01,13,5
2016-06-03 03:16:05,13,5
2016-06-03 03:19:51,14,4
2016-06-03 03:29:39,16,2
2016-06-03 03:39:43,16,2
2016-06-03 03:49:47,16,2
2016-06-03 03:59:50,16,2
2016-06-03 04:09:54,16,2
2016-06-03 04:16:16,16,2
2016-06-03 04:22:05,16,2
2016-06-03 04:32:08,16,2
2016-06-03 04:42:12,16,2
2016-06-03 04:52:15,16,2
2016-06-03 05:48:52,18,0
2016-06-03 05:59:17,17,1
2016-06-03 06:09:22,17,1
2016-06-03 06:19:26,17,1
2016-06-03 06:29:30,17,1
2016-06-03 06:49:38,17,1
2016-06-03 06:58:54,18,0
2016-06-03 07:08:58,18,0
2016-06-03 07:19:02,18,0
2016-06-03 07:29:05,18,0
2016-06-03 07:39:09,18,0
2016-06-03 07:49:14,18,0
2016-06-03 07:55:45,17,1
2016-06-03 08:05:50,17,1
2016-06-03 08:13:53,18,0
2016-06-03 08:16:09,16,2
2016-06-03 08:18:01,16,2
2016-06-03 08:31:03,17,1
2016-06-03 08:45:40,18,0
2016-06-03 08:51:34,17,1
2016-06-03 08:56:51,16,2
2016-06-03 09:25:48,17,1
2016-06-03 09:35:52,17,1
2016-06-03 09:42:58,16,2
2016-06-03 09:53:02,16,2
2016-06-03 10:03:06,16,2
2016-06-03 10:13:10,16,2
2016-06-03 10:17:48,15,3
2016-06-03 10:48:00,15,3
2016-06-03 10:48:34,16,2
2016-06-03 11:08:42,16,2
2016-06-03 11:18:46,16,2
2016-06-03 11:27:12,17,1
2016-06-03 11:37:17,17,1
2016-06-03 12:01:45,17,1
2016-06-03 12:02:15,16,2
2016-06-03 12:08:45,15,3
2016-06-03 12:18:48,15,3
2016-06-03 12:28:52,15,3
2016-06-03 12:33:17,14,4
2016-06-03 12:35:57,13,5
2016-06-03 12:39:16,12,6
2016-06-03 12:49:20,12,6
2016-06-03 12:59:24,12,6
2016-06-03 13:02:51,11,7
2016-06-03 13:16:12,12,6
2016-06-03 13:26:15,12,6
2016-06-03 13:30:07,13,5
2016-06-03 13:30:30,14,4
2016-06-03 13:37:38,16,4
2016-06-03 13:43:41,17,3
2016-06-03 14:03:50,17,3
2016-06-03 14:13:53,17,3
2016-06-03 14:17:02,18,2
2016-06-03 14:45:49,17,3
2016-06-03 15:01:17,16,4
2016-06-03 15:05:17,15,5
2016-06-03 15:09:11,16,4
2016-06-03 15:19:15,16,4
2016-06-03 15:25:49,15,5
2016-06-03 15:26:57,16,4
2016-06-03 15:37:01,16,4
2016-06-03 15:47:05,16,4
2016-06-03 15:57:08,16,4
2016-06-03 16:04:57,15,5
2016-06-03 16:14:48,16,4
2016-06-03 16:24:52,16,4
2016-06-03 16:31:59,15,5
2016-06-03 16:35:51,15,5
2016-06-03 16:36:24,14,6
2016-06-03 16:46:28,14,6
2016-06-03 16:50:04,14,6
2016-06-03 16:50:33,13,7
2016-06-03 17:00:38,13,7
2016-06-03 17:11:58,13,7
2016-06-03 17:26:55,13,7
2016-06-03 17:31:34,12,8
2016-06-03 17:34:01,12,8
2016-06-03 17:36:04,11,9
2016-06-03 17:44:13,10,10
2016-06-03 17:53:58,9,11
2016-06-03 17:54:24,8,12
2016-06-03 18:03:40,7,13
2016-06-03 18:13:47,7,13
2016-06-03 18:26:55,8,12
2016-06-03 18:29:36,7,13
2016-06-03 18:39:40,7,13
2016-06-03 18:49:43,7,13
2016-06-03 19:02:23,7,13
2016-06-03 19:07:45,8,12
2016-06-03 19:32:04,6,14
2016-06-03 19:33:41,7,13
2016-06-03 19:37:12,8,12
2016-06-03 19:43:42,7,13
2016-06-03 20:02:35,8,12
2016-06-03 20:12:39,8,12
2016-06-03 20:22:42,8,12
2016-06-03 20:32:46,8,12
2016-06-03 20:42:50,8,12
2016-06-03 20:48:57,10,10
2016-06-03 20:56:56,11,9
2016-06-03 21:01:53,10,10
2016-06-03 21:07:39,9,11
2016-06-03 21:13:44,10,10
2016-06-03 21:17:09,11,9
2016-06-03 21:24:00,10,10
2016-06-03 21:34:03,10,10
2016-06-03 21:44:07,10,10
2016-06-03 21:54:11,10,10
2016-06-03 22:04:14,10,10
2016-06-03 22:14:18,10,10
2016-06-03 22:17:56,10,10
2016-06-03 22:18:22,9,11
2016-06-03 22:28:26,9,11
2016-06-03 22:33:27,10,10
2016-06-03 22:43:30,10,10
2016-06-03 22:46:09,11,9
2016-06-03 22:52:03,11,9
2016-06-03 23:02:35,10,10
2016-06-03 23:08:01,12,8
2016-06-03 23:18:05,12,8
2016-06-03 23:28:18,12,8
2016-06-03 23:40:13,11,9
2016-06-03 23:50:16,11,9
2016-06-04 00:00:20,11,9
2016-06-04 00:10:53,11,9
2016-06-04 00:22:51,9,11
2016-06-04 00:32:55,9,11
2016-06-04 00:42:59,9,11
2016-06-04 00:48:08,10,10
2016-06-04 00:49:52,10,10
2016-06-04 00:51:27,11,9
2016-06-04 00:56:50,13,7
2016-06-04 01:06:53,13,7
2016-06-04 01:16:57,13,7
2016-06-04 01:27:01,13,7
2016-06-04 01:28:52,12,8
2016-06-04 01:38:55,12,8
2016-06-04 01:43:10,11,9
2016-06-04 01:53:13,11,9
2016-06-04 02:03:17,11,9
2016-06-04 02:13:20,11,9
2016-06-04 02:23:24,11,9
2016-06-04 02:33:28,11,9
2016-06-04 02:43:32,11,9
2016-06-04 02:53:35,11,9
2016-06-04 03:03:16,12,8
2016-06-04 03:13:19,12,8
2016-06-04 03:23:23,12,8
2016-06-04 03:31:40,14,6
2016-06-04 03:41:44,14,6
2016-06-04 03:48:58,13,7
2016-06-04 03:59:02,13,7
2016-06-04 04:09:05,13,7
2016-06-04 04:15:24,13,7
2016-06-04 04:22:14,14,6
2016-06-04 04:32:18,14,6
2016-06-04 04:41:59,13,7
2016-06-04 04:52:02,13,7
2016-06-04 05:02:05,13,7
2016-06-04 05:12:09,13,7
2016-06-04 05:26:51,13,7
2016-06-04 05:27:23,13,7
2016-06-04 05:37:26,13,7
2016-06-04 05:47:30,13,7
2016-06-04 05:57:34,13,7
2016-06-04 06:07:37,13,7
2016-06-04 06:17:40,13,7
2016-06-04 06:27:43,13,7
2016-06-04 06:37:47,13,7
2016-06-04 06:47:51,13,7
2016-06-04 06:57:55,13,7
2016-06-04 07:07:59,13,7
2016-06-04 07:18:02,13,7
2016-06-04 07:28:06,13,7
2016-06-04 07:38:09,13,7
2016-06-04 07:48:13,13,7
2016-06-04 07:58:16,13,7
2016-06-04 08:08:20,13,7
2016-06-04 08:18:23,13,7
2016-06-04 08:28:27,13,7
2016-06-04 08:38:30,13,7
2016-06-04 08:42:06,12,8
2016-06-04 08:52:09,12,8
2016-06-04 09:02:13,12,8
2016-06-04 09:12:17,12,8
2016-06-04 09:22:20,12,8
2016-06-04 09:34:38,11,9
2016-06-04 09:45:34,12,8
2016-06-04 09:55:38,12,8
2016-06-04 10:05:41,12,8
2016-06-04 10:15:45,12,8
2016-06-04 10:22:57,13,7
2016-06-04 10:28:25,13,7
2016-06-04 10:31:39,12,8
2016-06-04 10:37:32,12,8
2016-06-04 10:40:11,10,9
2016-06-04 10:41:55,10,10
2016-06-04 10:51:59,10,10
2016-06-04 11:02:38,11,9
2016-06-04 11:04:57,10,10
2016-06-04 11:15:01,10,10
2016-06-04 11:25:04,10,10
2016-06-04 11:31:42,11,9
2016-06-04 11:33:08,12,8
2016-06-04 11:42:06,12,8
2016-06-04 11:42:54,12,8
2016-06-04 11:47:11,11,9
2016-06-04 11:57:15,11,9
2016-06-04 12:07:28,11,9
2016-06-04 12:17:32,11,9
2016-06-04 12:27:35,11,9
2016-06-04 12:37:16,10,10
2016-06-04 12:47:20,10,10
2016-06-04 12:53:53,11,9
2016-06-04 13:03:56,11,9
2016-06-04 13:14:00,11,9
2016-06-04 13:25:35,9,11
2016-06-04 13:35:39,9,11
2016-06-04 13:44:31,10,10
2016-06-04 14:01:03,9,11
2016-06-04 14:11:06,9,11
2016-06-04 14:18:05,9,11
2016-06-04 14:19:35,8,12
2016-06-04 14:25:58,6,14
2016-06-04 14:28:47,8,12
2016-06-04 14:38:50,8,12
2016-06-04 14:48:54,8,12
2016-06-04 14:58:58,8,12
2016-06-04 15:09:01,8,12
2016-06-04 15:19:04,8,12
2016-06-04 15:21:40,9,11
2016-06-04 15:31:52,9,11
2016-06-04 15:41:07,10,10
2016-06-04 15:43:49,9,11
2016-06-04 15:52:03,9,11
2016-06-04 15:53:00,7,13
2016-06-04 16:03:44,6,14
2016-06-04 16:10:47,5,15
2016-06-04 16:22:03,5,15
2016-06-04 16:22:57,3,17
2016-06-04 16:33:00,3,17
2016-06-04 16:44:48,4,16
2016-06-04 16:54:52,4,16
2016-06-04 17:05:30,4,16
2016-06-04 17:26:22,5,15
2016-06-04 17:30:05,4,16
2016-06-04 17:30:37,3,17
2016-06-04 17:40:41,3,17
2016-06-04 17:48:24,4,16
2016-06-04 17:58:28,4,16
2016-06-04 18:09:11,5,15
2016-06-04 18:20:09,6,14
2016-06-04 18:48:08,5,15
2016-06-04 18:58:12,5,15
2016-06-04 18:58:37,4,16
2016-06-04 19:03:06,5,15
2016-06-04 19:13:10,5,15
2016-06-04 19:16:18,6,14
2016-06-04 19:22:03,7,13
2016-06-04 19:32:06,7,13
2016-06-04 19:42:10,7,13
2016-06-04 19:52:14,7,13
2016-06-04 20:00:53,8,12
2016-06-04 20:05:26,7,13
2016-06-04 20:06:42,6,14
2016-06-04 20:16:46,6,14
2016-06-04 20:26:50,6,14
2016-06-04 20:36:54,6,14
2016-06-04 20:48:12,6,14
2016-06-04 20:59:51,6,14
2016-06-04 21:19:58,6,14
2016-06-04 21:30:02,6,14
2016-06-04 21:50:09,6,14
2016-06-04 21:52:00,6,14
2016-06-04 21:52:31,5,15
2016-06-04 22:01:23,6,14
2016-06-04 22:10:20,5,15
2016-06-04 22:13:08,4,16
2016-06-04 22:19:44,3,17
2016-06-04 22:29:47,3,17
2016-06-04 22:39:51,3,17
2016-06-04 22:43:56,5,15
2016-06-04 22:54:00,5,15
2016-06-04 23:24:11,5,15
2016-06-04 23:34:15,5,15
2016-06-04 23:44:18,5,15
2016-06-04 23:59:55,6,14
2016-06-05 00:09:59,6,14
2016-06-05 00:29:15,5,15
2016-06-05 00:32:23,6,14
2016-06-05 00:42:27,6,14
2016-06-05 00:52:31,6,14
2016-06-05 01:02:35,6,14
2016-06-05 01:28:37,7,13
2016-06-05 01:35:11,7,13
2016-06-05 01:37:11,8,12
2016-06-05 01:37:23,8,12
2016-06-05 01:47:27,8,12
2016-06-05 01:57:30,8,12
2016-06-05 02:07:34,8,12
2016-06-05 02:17:38,8,12
2016-06-05 02:27:42,8,12
2016-06-05 02:47:49,8,12
2016-06-05 02:57:53,8,12
2016-06-05 03:07:57,8,12
2016-06-05 03:38:08,8,12
2016-06-05 03:48:12,8,12
2016-06-05 03:58:16,8,12
2016-06-05 04:08:20,8,12
2016-06-05 04:21:58,8,12
2016-06-05 04:32:02,8,12
2016-06-05 04:42:06,8,12
2016-06-05 04:52:10,8,12
2016-06-05 05:02:13,8,12
2016-06-05 05:32:24,8,12
2016-06-05 05:42:28,8,12
2016-06-05 05:52:32,8,12
2016-06-05 06:02:36,8,12
2016-06-05 06:12:40,8,12
2016-06-05 06:22:43,8,12
2016-06-05 06:32:47,8,12
2016-06-05 06:42:51,8,12
2016-06-05 06:52:55,8,12
2016-06-05 07:03:00,8,12
2016-06-05 07:13:04,8,12
2016-06-05 07:23:07,8,12
2016-06-05 07:33:11,8,12
2016-06-05 07:43:15,8,12
2016-06-05 07:53:19,8,12
2016-06-05 08:03:23,8,12
2016-06-05 08:13:26,8,12
2016-06-05 08:23:30,8,12
2016-06-05 08:33:34,8,12
2016-06-05 08:43:38,8,12
2016-06-05 08:53:41,8,12
2016-06-05 09:03:45,8,12
2016-06-05 09:23:53,8,12
2016-06-05 09:33:57,8,12
2016-06-05 09:42:34,7,13
2016-06-05 09:49:09,6,14
2016-06-05 09:59:13,6,14
2016-06-05 10:09:16,6,14
2016-06-05 10:22:20,7,13
2016-06-05 10:31:52,6,14
2016-06-05 10:52:32,5,15
2016-06-05 11:32:47,5,15
2016-06-05 11:42:51,5,15
2016-06-05 11:52:55,5,15
2016-06-05 12:02:59,5,15
2016-06-05 12:13:03,5,15
2016-06-05 12:23:07,5,15
2016-06-05 12:33:10,5,15
2016-06-05 12:43:14,5,15
2016-06-05 12:53:18,5,15
2016-06-05 12:57:10,6,14
2016-06-05 13:00:04,6,14
2016-06-05 13:01:10,4,16
2016-06-05 13:04:11,4,16
2016-06-05 13:05:24,4,16
2016-06-05 13:06:22,4,16
2016-06-05 13:16:26,4,16
2016-06-05 13:26:30,4,16
2016-06-05 13:35:43,5,15
2016-06-05 13:45:47,5,15
2016-06-05 13:55:50,5,15
2016-06-05 14:05:54,5,15
2016-06-05 14:26:01,5,15
2016-06-05 14:36:05,5,15
2016-06-05 14:46:08,5,15
2016-06-05 14:46:32,7,13
2016-06-05 14:53:08,8,12
2016-06-05 15:03:12,8,12
2016-06-05 15:13:15,8,12
2016-06-05 15:23:19,8,12
2016-06-05 15:31:49,9,11
2016-06-05 15:40:48,10,10
2016-06-05 15:50:52,10,10
2016-06-05 16:00:56,10,10
2016-06-05 16:10:59,10,10
2016-06-05 16:21:03,10,10
2016-06-05 16:31:23,10,10
2016-06-05 16:41:27,10,10
2016-06-05 16:51:30,10,10
2016-06-05 17:01:34,10,10
2016-06-05 17:12:06,10,10
2016-06-05 17:23:06,11,9
2016-06-05 17:33:10,11,9
2016-06-05 17:48:24,9,11
2016-06-05 17:58:28,9,11
2016-06-05 18:08:38,9,11
2016-06-05 18:18:41,9,11
2016-06-05 18:30:04,8,12
2016-06-05 18:30:33,7,13
2016-06-05 18:40:37,7,13
2016-06-05 18:50:07,6,14
2016-06-05 18:53:52,8,12
2016-06-05 18:59:59,9,11
2016-06-05 19:10:02,9,11
2016-06-05 19:20:06,9,11
2016-06-05 19:30:09,9,11
2016-06-05 19:40:13,9,11
2016-06-05 19:42:43,10,10
2016-06-05 19:52:47,10,10
2016-06-05 20:02:51,10,10
2016-06-05 20:12:54,10,10
2016-06-05 20:29:05,9,11
2016-06-05 20:39:09,9,11
2016-06-05 20:44:07,9,11
2016-06-05 20:50:52,11,9
2016-06-05 21:00:55,11,9
2016-06-05 21:16:25,10,10
2016-06-05 21:25:08,9,11
2016-06-05 21:35:12,9,11
2016-06-05 21:41:40,8,12
2016-06-05 21:59:40,8,12
2016-06-05 22:09:44,8,12
2016-06-05 22:19:48,8,12
2016-06-05 22:29:52,8,12
2016-06-05 22:39:55,8,12
2016-06-05 22:41:58,9,11
2016-06-05 22:50:08,9,11
2016-06-05 22:50:28,8,12
2016-06-05 23:00:31,8,12
2016-06-05 23:10:35,8,12
2016-06-05 23:20:39,8,12
2016-06-05 23:30:42,8,12
2016-06-05 23:40:46,8,12
2016-06-05 23:50:49,8,12
2016-06-06 00:00:52,8,12
2016-06-06 00:10:56,8,12
2016-06-06 00:31:03,8,12
2016-06-06 00:41:07,8,12
2016-06-06 00:51:11,8,12
2016-06-06 00:53:29,9,11
2016-06-06 01:01:37,10,10
2016-06-06 01:11:40,10,10
2016-06-06 01:22:30,11,9
2016-06-06 01:32:34,11,9
2016-06-06 01:52:41,11,9
2016-06-06 02:02:45,11,9
2016-06-06 02:12:49,11,9
2016-06-06 02:23:04,11,9
2016-06-06 02:33:08,11,9
2016-06-06 02:43:12,11,9
2016-06-06 02:53:15,11,9
2016-06-06 02:58:27,12,8
2016-06-06 03:08:31,12,8
2016-06-06 03:18:35,12,8
2016-06-06 03:28:38,12,8
2016-06-06 03:38:42,12,8
2016-06-06 03:48:46,12,8
2016-06-06 03:58:48,13,7
2016-06-06 04:08:51,13,7
2016-06-06 04:22:13,13,7
2016-06-06 04:22:20,13,7
2016-06-06 04:32:23,13,7
2016-06-06 04:42:27,13,7
2016-06-06 04:52:31,13,7
2016-06-06 05:02:35,13,7
2016-06-06 05:12:38,13,7
2016-06-06 05:22:42,13,7
2016-06-06 05:32:46,13,7
2016-06-06 05:42:50,13,7
2016-06-06 05:53:06,12,8
2016-06-06 06:03:09,12,8
2016-06-06 06:13:13,12,8
2016-06-06 06:23:16,12,8
2016-06-06 06:33:20,12,8
2016-06-06 06:43:23,12,8
2016-06-06 06:53:27,12,8
2016-06-06 07:03:31,12,8
2016-06-06 07:13:35,12,8
2016-06-06 07:23:38,12,8
2016-06-06 07:33:41,12,8
2016-06-06 07:43:45,12,8
2016-06-06 07:53:49,12,8
2016-06-06 07:57:28,11,9
2016-06-06 08:07:45,11,9
2016-06-06 08:10:03,10,10
2016-06-06 08:10:30,9,11
2016-06-06 08:23:18,10,10
2016-06-06 08:40:50,9,11
2016-06-06 08:46:51,10,10
2016-06-06 09:09:45,8,12
2016-06-06 09:39:49,8,12
2016-06-06 09:40:18,7,13
2016-06-06 09:44:36,8,12
2016-06-06 09:49:17,9,11
2016-06-06 09:59:21,9,11
2016-06-06 10:12:11,11,9
2016-06-06 10:22:26,11,9
2016-06-06 10:32:30,11,9
2016-06-06 10:42:34,11,9
2016-06-06 10:53:55,11,9
2016-06-06 11:03:59,11,9
2016-06-06 11:14:02,11,9
2016-06-06 11:24:05,11,9
2016-06-06 11:29:51,11,9
2016-06-06 11:30:50,10,10
2016-06-06 11:52:04,9,11
2016-06-06 12:11:42,8,12
2016-06-06 12:21:45,8,12
2016-06-06 12:31:48,8,12
2016-06-06 12:41:52,8,12
2016-06-06 12:51:30,7,13
2016-06-06 13:01:33,7,13
2016-06-06 13:11:37,7,13
2016-06-06 13:21:41,7,13
2016-06-06 13:29:50,6,14
2016-06-06 14:00:00,6,14
2016-06-06 14:01:33,5,15
2016-06-06 14:03:43,5,15
2016-06-06 14:04:15,4,16
2016-06-06 14:10:32,5,15
2016-06-06 14:20:35,5,15
2016-06-06 14:51:39,4,16
2016-06-06 15:01:43,4,16
2016-06-06 15:11:46,4,16
2016-06-06 15:21:50,4,16
2016-06-06 15:31:54,4,16
2016-06-06 15:41:39,5,15
2016-06-06 15:51:42,6,14
2016-06-06 16:01:45,6,14
2016-06-06 16:11:49,6,14
2016-06-06 16:21:52,6,14
2016-06-06 16:37:43,6,14
2016-06-06 16:39:30,5,15
2016-06-06 16:59:37,5,15
2016-06-06 17:10:04,5,15
2016-06-06 17:31:03,7,13
2016-06-06 17:33:49,8,12
2016-06-06 17:36:12,6,14
2016-06-06 17:39:49,5,15
2016-06-06 17:47:37,4,16
2016-06-06 17:48:15,5,15
2016-06-06 18:08:08,6,14
2016-06-06 18:09:14,5,15
2016-06-06 18:21:04,5,15
2016-06-06 18:31:50,5,15
2016-06-06 18:32:21,4,16
2016-06-06 18:41:14,3,17
2016-06-06 18:46:58,4,16
2016-06-06 18:51:25,3,17
2016-06-06 18:58:04,4,16
2016-06-06 18:59:13,3,17
2016-06-06 19:01:13,3,17
2016-06-06 19:02:43,3,17
2016-06-06 19:06:55,3,17
2016-06-06 19:09:31,1,19
2016-06-06 19:15:35,3,17
2016-06-06 19:19:58,3,17
2016-06-06 19:22:21,1,19
2016-06-06 19:32:11,1,19
2016-06-06 19:32:45,0,20
2016-06-06 19:42:49,0,20
2016-06-06 19:52:52,0,20
2016-06-06 20:02:27,1,19
2016-06-06 20:04:31,2,18
2016-06-06 20:14:35,2,18
2016-06-06 20:23:10,3,17
2016-06-06 20:33:15,3,17
2016-06-06 20:43:19,3,17
2016-06-06 20:53:24,3,17
2016-06-06 21:04:46,1,19
2016-06-06 21:14:49,1,19
2016-06-06 21:21:11,0,20
2016-06-06 21:31:15,0,20
2016-06-06 21:41:19,0,20
2016-06-06 21:51:22,0,20
2016-06-06 22:01:27,0,20
2016-06-06 22:11:32,0,20
2016-06-06 22:21:36,0,20
2016-06-06 22:31:39,0,20
2016-06-06 22:41:43,0,20
2016-06-06 22:45:13,1,19
2016-06-06 22:53:55,2,18
2016-06-06 23:14:03,2,18
2016-06-06 23:24:07,2,18
2016-06-06 23:34:11,2,18
2016-06-06 23:44:15,2,18
2016-06-06 23:47:06,4,16
2016-06-06 23:57:10,4,16
2016-06-07 00:02:38,5,15
2016-06-07 00:12:41,5,15
2016-06-07 00:22:45,5,15
2016-06-07 00:42:53,5,15
2016-06-07 00:51:36,6,14
2016-06-07 01:01:39,6,14
2016-06-07 01:11:43,6,14
2016-06-07 01:13:57,5,15
2016-06-07 01:24:01,5,15
2016-06-07 01:34:05,5,15
2016-06-07 01:44:09,5,15
2016-06-07 01:54:13,5,15
2016-06-07 02:04:16,5,15
2016-06-07 02:14:20,5,15
2016-06-07 02:24:24,5,15
2016-06-07 02:34:28,5,15
2016-06-07 02:44:37,6,14
2016-06-07 02:54:41,6,14
2016-06-07 03:04:44,6,14
2016-06-07 03:14:48,6,14
2016-06-07 03:24:53,6,14
2016-06-07 03:34:56,6,14
2016-06-07 03:45:01,6,14
2016-06-07 03:55:05,6,14
2016-06-07 04:05:09,6,14
2016-06-07 04:07:28,8,12
2016-06-07 04:15:17,8,12
2016-06-07 04:23:43,8,12
2016-06-07 04:33:47,8,12
2016-06-07 05:03:58,8,12
2016-06-07 05:24:07,8,12
2016-06-07 05:53:51,8,12
2016-06-07 05:54:16,7,13
2016-06-07 06:04:19,7,13
2016-06-07 06:14:24,7,13
2016-06-07 06:44:36,7,13
2016-06-07 07:02:57,8,12
2016-06-07 07:13:01,8,12
2016-06-07 07:23:05,8,12
2016-06-07 07:33:10,8,12
2016-06-07 07:43:14,8,12
2016-06-07 07:48:07,8,12
2016-06-07 07:48:35,7,13
2016-06-07 07:55:24,6,14
2016-06-07 08:00:03,7,13
2016-06-07 08:00:35,6,14
2016-06-07 08:10:38,6,14
2016-06-07 08:12:39,7,13
2016-06-07 08:22:43,7,13
2016-06-07 08:28:42,6,14
2016-06-07 08:38:45,6,14
2016-06-07 08:57:40,5,15
2016-06-07 09:07:43,5,15
2016-06-07 09:14:41,6,14
2016-06-07 09:34:50,6,14
2016-06-07 09:54:57,6,14
2016-06-07 10:05:01,6,14
2016-06-07 10:08:02,5,15
2016-06-07 10:18:06,5,15
2016-06-07 10:21:34,6,14
2016-06-07 10:28:10,6,14
2016-06-07 10:28:37,5,15
2016-06-07 10:39:06,7,13
2016-06-07 10:40:49,8,12
2016-06-07 10:50:54,8,12
2016-06-07 11:00:58,8,12
2016-06-07 11:11:02,8,12
2016-06-07 11:21:06,8,12
2016-06-07 11:31:09,8,12
2016-06-07 12:01:22,8,12
2016-06-07 12:11:25,8,12
2016-06-07 12:13:45,7,13
2016-06-07 12:27:24,7,13
2016-06-07 12:37:28,7,13
2016-06-07 12:47:32,7,13
2016-06-07 13:07:40,7,13
2016-06-07 13:17:43,7,13
2016-06-07 13:22:55,6,14
2016-06-07 13:36:55,6,14
2016-06-07 13:46:58,6,14
2016-06-07 13:55:38,5,15
2016-06-07 14:04:06,6,14
2016-06-07 14:14:10,6,14
2016-06-07 14:17:33,5,15
2016-06-07 14:27:37,5,15
2016-06-07 14:31:16,6,14
2016-06-07 14:38:09,5,15
2016-06-07 14:49:31,6,14
2016-06-07 14:55:57,5,15
2016-06-07 14:56:41,5,15
2016-06-07 15:06:46,5,15
2016-06-07 15:09:13,6,14
2016-06-07 15:12:41,7,13
2016-06-07 15:20:56,6,14
2016-06-07 15:31:00,6,14
2016-06-07 15:41:05,6,14
2016-06-07 15:42:35,7,13
2016-06-07 15:50:23,8,12
2016-06-07 16:01:38,7,13
2016-06-07 16:11:42,7,13
2016-06-07 16:21:46,7,13
2016-06-07 16:24:10,7,13
2016-06-07 16:24:13,8,12
2016-06-07 16:38:08,6,14
2016-06-07 16:41:48,6,14
2016-06-07 16:43:55,6,14
2016-06-07 16:55:27,6,14
2016-06-07 16:59:34,4,16
2016-06-07 17:19:46,3,17
2016-06-07 17:20:55,4,16
2016-06-07 17:23:48,4,16
2016-06-07 17:24:35,3,17
2016-06-07 17:35:02,2,18
2016-06-07 17:52:04,2,18
2016-06-07 17:53:35,1,19
2016-06-07 17:56:16,2,18
2016-06-07 18:06:21,2,18
2016-06-07 18:16:24,2,18
2016-06-07 18:23:31,1,19
2016-06-07 18:33:35,1,19
2016-06-07 18:45:00,0,20
2016-06-07 18:55:06,0,20
2016-06-07 19:05:14,1,19
2016-06-07 19:07:39,2,18
2016-06-07 19:17:44,2,18
2016-06-07 19:27:48,2,18
2016-06-07 19:32:43,1,19
2016-06-07 19:43:52,1,19
2016-06-07 19:46:00,0,20
2016-06-07 20:16:12,0,20
2016-06-07 20:26:16,0,20
2016-06-07 20:36:21,0,20
2016-06-07 20:41:18,1,19
2016-06-07 20:51:22,1,19
2016-06-07 21:00:01,2,18
2016-06-07 21:10:04,2,18
2016-06-07 21:20:08,2,18
2016-06-07 21:30:12,2,18
2016-06-07 21:34:27,3,17
2016-06-07 21:44:31,3,17
2016-06-07 21:54:35,3,17
2016-06-07 22:04:38,3,17
2016-06-07 22:12:50,4,16
2016-06-07 22:22:54,4,16
2016-06-07 22:31:21,6,14
2016-06-07 22:36:06,5,15
2016-06-07 22:36:26,4,16
2016-06-07 22:52:00,3,17
2016-06-07 23:02:04,3,17
2016-06-07 23:05:23,1,19
2016-06-07 23:15:26,1,19
2016-06-07 23:22:08,2,18
2016-06-07 23:23:53,3,17
2016-06-07 23:30:26,4,16
2016-06-07 23:40:30,4,16
2016-06-07 23:56:41,6,14
2016-06-08 00:06:44,6,14
2016-06-08 00:16:49,6,14
2016-06-08 00:26:09,8,12
2016-06-08 00:30:59,9,11
2016-06-08 00:41:03,9,11
2016-06-08 00:51:07,9,11
2016-06-08 01:01:11,9,11
2016-06-08 01:11:15,9,11
2016-06-08 01:21:19,9,11
2016-06-08 01:31:23,9,11
2016-06-08 01:41:27,9,11
2016-06-08 01:45:34,8,12
2016-06-08 01:46:19,9,11
2016-06-08 01:53:36,10,10
2016-06-08 02:03:39,10,10
2016-06-08 02:13:43,10,10
2016-06-08 02:23:47,10,10
2016-06-08 02:33:50,10,10
2016-06-08 02:43:54,10,10
2016-06-08 02:53:58,10,10
2016-06-08 02:56:01,11,9
2016-06-08 02:56:15,12,8
2016-06-08 03:06:20,12,8
2016-06-08 03:16:23,12,8
2016-06-08 03:26:27,12,8
2016-06-08 03:36:31,12,8
2016-06-08 03:46:35,12,8
2016-06-08 03:56:38,12,8
2016-06-08 04:07:22,14,6
2016-06-08 05:10:09,16,4
2016-06-08 06:06:17,17,3
2016-06-08 06:16:21,17,3
2016-06-08 06:26:24,17,3
2016-06-08 06:36:29,17,3
2016-06-08 06:46:33,17,3
2016-06-08 06:56:37,17,3
2016-06-08 07:12:59,16,4
2016-06-08 07:23:03,16,4
2016-06-08 07:25:51,16,4
2016-06-08 07:26:22,15,5
2016-06-08 07:36:25,15,5
2016-06-08 07:46:29,15,5
2016-06-08 07:55:13,14,6
2016-06-08 07:58:27,15,5
2016-06-08 08:07:14,16,4
2016-06-08 08:09:47,16,4
2016-06-08 08:10:20,15,5
2016-06-08 08:20:24,15,5
2016-06-08 08:29:03,16,4
2016-06-08 08:39:23,15,5
2016-06-08 08:57:27,16,4
2016-06-08 09:07:31,16,4
2016-06-08 09:09:46,17,3
2016-06-08 09:13:38,16,4
2016-06-08 09:19:13,14,6
2016-06-08 09:31:25,13,7
2016-06-08 09:35:34,12,8
2016-06-08 09:45:38,12,8
2016-06-08 09:55:56,12,8
2016-06-08 09:56:27,11,9
2016-06-08 09:59:44,12,8
2016-06-08 10:07:25,11,9
2016-06-08 10:17:29,11,9
2016-06-08 10:23:24,11,9
2016-06-08 10:33:34,11,9
2016-06-08 10:35:25,9,11
2016-06-08 10:39:40,10,10
2016-06-08 10:40:16,9,11
2016-06-08 10:50:20,9,11
2016-06-08 11:00:24,9,11
2016-06-08 11:16:34,10,10
2016-06-08 11:25:07,9,11
2016-06-08 11:41:07,10,10
2016-06-08 11:47:57,10,10
2016-06-08 11:49:20,10,10
2016-06-08 11:51:45,9,11
2016-06-08 11:55:40,9,11
2016-06-08 11:56:16,8,12
2016-06-08 12:07:53,9,11
2016-06-08 12:09:53,7,13
2016-06-08 12:19:55,8,12
2016-06-08 12:20:43,7,13
2016-06-08 12:37:26,6,14
2016-06-08 12:43:53,5,15
2016-06-08 12:53:57,5,15
2016-06-08 12:55:41,4,16
2016-06-08 13:00:46,5,15
2016-06-08 13:10:50,5,15
2016-06-08 13:20:54,5,15
2016-06-08 13:27:18,6,14
2016-06-08 13:28:43,7,13
2016-06-08 13:38:47,7,13
2016-06-08 13:48:52,7,13
2016-06-08 13:53:43,7,13
2016-06-08 13:54:40,6,14
2016-06-08 14:04:45,6,14
2016-06-08 14:14:49,6,14
2016-06-08 14:18:45,7,13
2016-06-08 14:22:49,8,12
2016-06-08 14:33:07,9,11
2016-06-08 14:43:42,9,11
2016-06-08 14:44:28,8,12
2016-06-08 14:51:51,9,11
2016-06-08 15:10:46,10,10
2016-06-08 15:20:49,10,10
2016-06-08 15:30:54,10,10
2016-06-08 15:38:49,11,9
2016-06-08 15:48:20,12,8
2016-06-08 15:58:25,12,8
2016-06-08 16:00:48,13,7
2016-06-08 16:10:52,13,7
2016-06-08 16:19:55,13,7
2016-06-08 16:32:03,12,8
2016-06-08 16:41:24,11,9
2016-06-08 16:51:52,11,9
2016-06-08 16:53:33,11,9
2016-06-08 17:03:39,11,9
2016-06-08 17:06:11,12,8
2016-06-08 17:16:16,12,8
2016-06-08 17:22:54,13,7
2016-06-08 17:32:58,13,7
2016-06-08 17:43:02,13,7
2016-06-08 18:07:32,14,6
2016-06-08 18:09:28,14,6
2016-06-08 18:10:17,13,7
2016-06-08 18:18:07,12,8
2016-06-08 18:19:06,11,9
2016-06-08 18:32:58,10,10
2016-06-08 18:43:02,10,10
2016-06-08 18:53:06,10,10
2016-06-08 19:03:10,10,10
2016-06-08 19:05:28,9,11
2016-06-08 19:10:58,10,10
2016-06-08 19:18:02,11,9
2016-06-08 19:19:29,10,10
2016-06-08 19:25:16,11,9
2016-06-08 19:42:09,10,10
2016-06-08 19:42:59,9,11
2016-06-08 19:47:24,8,12
2016-06-08 19:48:23,9,11
2016-06-08 19:51:45,8,12
2016-06-08 20:08:39,11,9
2016-06-08 20:18:44,11,9
2016-06-08 20:28:47,11,9
2016-06-08 20:38:51,11,9
2016-06-08 20:48:55,11,9
2016-06-08 20:59:00,11,9
2016-06-08 21:08:02,11,9
2016-06-08 21:08:51,9,11
2016-06-08 21:18:01,10,10
2016-06-08 21:18:38,10,10
2016-06-08 21:22:22,9,11
2016-06-08 21:36:58,8,12
2016-06-08 21:39:54,7,13
2016-06-08 22:00:01,7,13
2016-06-08 22:01:35,6,14
2016-06-08 22:21:44,6,14
2016-06-08 22:28:09,5,15
2016-06-08 22:29:34,4,16
2016-06-08 22:31:02,3,17
2016-06-08 22:33:08,1,19
2016-06-08 22:43:12,1,19
2016-06-08 22:55:09,2,18
2016-06-08 22:57:04,3,17
2016-06-08 23:15:23,4,16
2016-06-08 23:26:41,5,15
2016-06-08 23:36:45,5,15
2016-06-08 23:46:49,5,15
2016-06-08 23:56:52,5,15
2016-06-09 00:00:03,4,16
2016-06-09 00:00:28,3,17
2016-06-09 00:10:31,3,17
2016-06-09 00:18:39,4,16
2016-06-09 00:28:42,4,16
2016-06-09 00:58:54,4,16
2016-06-09 01:08:59,4,16
2016-06-09 01:19:03,4,16
2016-06-09 01:28:04,5,15
2016-06-09 01:36:10,6,14
2016-06-09 01:37:05,7,13
2016-06-09 01:47:09,7,13
2016-06-09 01:57:12,7,13
2016-06-09 02:07:18,7,13
2016-06-09 02:11:15,8,12
2016-06-09 02:12:45,10,10
2016-06-09 02:22:49,10,10
2016-06-09 02:32:53,10,10
2016-06-09 02:36:07,9,11
2016-06-09 02:36:53,8,12
2016-06-09 02:43:10,7,13
2016-06-09 02:44:41,6,14
2016-06-09 02:49:57,9,11
2016-06-09 02:50:42,10,10
2016-06-09 02:54:32,11,9
2016-06-09 03:04:36,11,9
2016-06-09 03:14:39,11,9
2016-06-09 03:24:43,11,9
2016-06-09 03:34:47,11,9
2016-06-09 03:44:51,11,9
2016-06-09 03:54:54,11,9
2016-06-09 04:04:58,11,9
2016-06-09 04:07:27,12,8
2016-06-09 04:23:46,12,8
2016-06-09 04:27:35,12,8
2016-06-09 04:37:38,12,8
2016-06-09 04:47:42,12,8
2016-06-09 04:57:46,12,8
2016-06-09 05:07:49,12,8
2016-06-09 05:17:53,12,8
2016-06-09 05:27:57,12,8
2016-06-09 05:38:01,12,8
2016-06-09 05:48:04,12,8
2016-06-09 05:51:17,11,9
2016-06-09 06:01:20,11,9
2016-06-09 06:11:24,11,9
2016-06-09 06:21:28,11,9
2016-06-09 06:31:31,11,9
2016-06-09 06:41:35,11,9
2016-06-09 06:47:58,12,8
2016-06-09 06:58:02,12,8
2016-06-09 07:01:34,13,7
2016-06-09 07:48:47,12,8
2016-06-09 08:01:32,10,10
2016-06-09 08:03:47,9,11
2016-06-09 08:13:58,9,11
2016-06-09 08:24:02,9,11
2016-06-09 08:24:41,10,10
2016-06-09 08:33:13,11,9
2016-06-09 08:43:16,11,9
2016-06-09 08:51:50,11,9
2016-06-09 08:52:16,10,10
2016-06-09 09:02:53,9,11
2016-06-09 09:17:33,10,10
2016-06-09 09:27:37,10,10
2016-06-09 09:34:11,9,11
2016-06-09 09:44:14,9,11
2016-06-09 09:54:18,9,11
2016-06-09 10:02:37,8,12
2016-06-09 10:12:41,8,12
2016-06-09 10:22:45,8,12
2016-06-09 10:33:25,9,11
2016-06-09 10:50:01,7,13
2016-06-09 10:51:27,6,14
2016-06-09 10:54:47,5,15
2016-06-09 11:18:57,6,14
2016-06-09 11:26:04,6,14
2016-06-09 11:27:35,4,16
2016-06-09 11:37:38,4,16
2016-06-09 11:56:06,4,16
2016-06-09 11:56:35,3,17
2016-06-09 11:58:44,4,16
2016-06-09 12:08:48,4,16
2016-06-09 12:10:47,3,17
2016-06-09 12:27:27,2,18
2016-06-09 13:04:03,3,17
2016-06-09 13:07:45,2,18
2016-06-09 13:17:48,2,18
2016-06-09 13:21:46,1,19
2016-06-09 13:37:53,2,18
2016-06-09 13:38:37,3,17
2016-06-09 13:58:44,3,17
2016-06-09 14:18:52,3,17
2016-06-09 14:21:50,3,17
2016-06-09 14:22:23,2,18
2016-06-09 14:27:51,1,19
2016-06-09 14:37:54,1,19
2016-06-09 14:39:01,2,18
2016-06-09 14:44:11,3,17
2016-06-09 14:48:38,2,18
2016-06-09 14:58:40,2,18
2016-06-09 15:09:48,1,19
2016-06-09 15:17:50,1,19
2016-06-09 15:18:21,0,20
2016-06-09 15:25:43,1,19
2016-06-09 15:35:46,1,19
2016-06-09 15:45:48,1,19
2016-06-09 15:46:51,0,20
2016-06-09 15:56:55,0,20
2016-06-09 16:06:59,0,20
2016-06-09 16:17:02,0,20
2016-06-09 16:27:11,1,19
2016-06-09 16:29:50,2,18
2016-06-09 16:30:28,3,17
2016-06-09 16:40:31,3,17
2016-06-09 16:44:08,4,16
2016-06-09 16:56:00,4,16
2016-06-09 16:56:29,3,17
2016-06-09 17:07:50,3,17
2016-06-09 17:30:19,3,17
2016-06-09 17:40:23,3,17
2016-06-09 17:44:09,3,17
2016-06-09 17:45:55,2,18
2016-06-09 17:46:14,1,19
2016-06-09 17:56:19,1,19
2016-06-09 18:06:23,1,19
2016-06-09 18:10:55,2,18
2016-06-09 18:31:51,0,20
2016-06-09 18:41:55,0,20
2016-06-09 18:51:59,0,20
2016-06-09 19:00:14,1,19
2016-06-09 19:10:18,1,19
2016-06-09 19:19:44,2,18
2016-06-09 19:23:54,2,18
2016-06-09 19:24:19,1,19
2016-06-09 19:34:08,3,17
2016-06-09 19:47:33,2,18
2016-06-09 19:57:37,2,18
2016-06-09 20:07:42,2,18
2016-06-09 20:24:48,1,19
2016-06-09 20:34:51,1,19
2016-06-09 20:41:40,0,20
2016-06-09 21:01:47,0,20
2016-06-09 21:04:17,1,19
2016-06-09 21:16:25,3,17
2016-06-09 21:26:28,3,17
2016-06-09 21:36:32,3,17
2016-06-09 21:46:36,3,17
2016-06-09 22:06:43,3,17
2016-06-09 22:16:47,3,17
2016-06-09 22:46:59,3,17
2016-06-09 22:58:55,2,18
2016-06-09 23:08:58,2,18
2016-06-09 23:16:53,0,20
2016-06-09 23:20:15,1,19
2016-06-09 23:29:26,2,18
2016-06-09 23:39:32,2,18
2016-06-09 23:43:28,3,17
2016-06-09 23:45:51,5,15
2016-06-09 23:55:42,4,16
2016-06-10 00:07:34,4,16
2016-06-10 00:09:57,3,17
2016-06-10 00:17:32,5,15
2016-06-10 00:27:36,5,15
2016-06-10 00:37:41,5,15
2016-06-10 00:47:45,5,15
2016-06-10 00:54:28,6,14
2016-06-10 01:02:48,7,13
2016-06-10 01:12:52,7,13
2016-06-10 01:22:55,7,13
2016-06-10 01:32:11,7,13
2016-06-10 01:42:24,8,12
2016-06-10 01:52:29,8,12
2016-06-10 02:02:32,8,12
2016-06-10 02:04:46,9,11
2016-06-10 02:12:01,11,9
2016-06-10 02:22:21,12,8
2016-06-10 02:32:25,12,8
2016-06-10 02:42:29,12,8
2016-06-10 03:14:54,13,7
2016-06-10 03:24:58,13,7
2016-06-10 03:34:49,15,5
2016-06-10 03:44:52,15,5
2016-06-10 03:54:56,15,5
2016-06-10 04:05:00,15,5
2016-06-10 04:19:54,15,5
2016-06-10 04:29:58,15,5
2016-06-10 04:33:56,16,4
2016-06-10 04:54:03,16,4
2016-06-10 05:01:31,17,3
2016-06-10 05:02:47,18,2
2016-06-10 05:16:00,20,0
2016-06-10 05:26:04,20,0
2016-06-10 05:36:10,20,0
2016-06-10 06:06:22,20,0
2016-06-10 06:16:25,20,0
2016-06-10 06:26:29,20,0
2016-06-10 06:36:34,20,0
2016-06-10 06:46:37,20,0
2016-06-10 06:56:41,20,0
2016-06-10 07:07:54,20,0
2016-06-10 07:08:21,19,1
2016-06-10 07:18:25,19,1
2016-06-10 07:28:29,19,1
2016-06-10 07:38:33,19,1
2016-06-10 07:48:37,19,1
2016-06-10 07:53:50,18,2
2016-06-10 08:13:58,18,2
2016-06-10 08:14:18,19,1
2016-06-10 08:20:37,18,2
2016-06-10 08:23:45,19,1
2016-06-10 08:26:08,19,1
2016-06-10 08:26:15,18,2
2016-06-10 08:36:20,18,2
2016-06-10 08:46:39,19,1
2016-06-10 08:58:09,18,1
2016-06-10 08:59:41,17,3
2016-06-10 09:09:45,17,3
2016-06-10 09:31:10,19,1
2016-06-10 09:51:19,19,1
2016-06-10 09:59:50,20,0
2016-06-10 10:19:57,20,0
2016-06-10 10:30:00,20,0
2016-06-10 10:50:08,20,0
2016-06-10 11:10:15,20,0
2016-06-10 11:17:54,19,1
2016-06-10 11:19:50,19,1
2016-06-10 11:29:54,19,1
2016-06-10 11:37:26,18,2
2016-06-10 11:40:46,20,0
2016-06-10 11:50:51,20,0
2016-06-10 12:00:54,20,0
2016-06-10 12:10:59,20,0
2016-06-10 12:21:04,20,0
2016-06-10 12:31:07,20,0
2016-06-10 12:33:12,19,1
2016-06-10 12:38:51,18,2
2016-06-10 12:48:56,18,2
2016-06-10 12:55:53,17,3
2016-06-10 12:57:53,16,4
2016-06-10 12:59:03,14,6
2016-06-10 13:05:58,15,5
2016-06-10 13:08:02,16,4
2016-06-10 13:28:10,16,4
2016-06-10 13:42:46,18,2
2016-06-10 13:47:47,18,2
2016-06-10 13:50:45,19,1
2016-06-10 14:00:49,19,1
2016-06-10 14:03:21,17,3
2016-06-10 14:13:25,17,3
2016-06-10 14:23:29,17,3
2016-06-10 14:31:32,15,5
2016-06-10 14:41:37,15,5
2016-06-10 14:44:55,14,6
2016-06-10 14:54:59,14,6
2016-06-10 15:00:09,14,6
2016-06-10 15:00:33,13,7
2016-06-10 15:10:38,13,7
2016-06-10 15:20:41,13,7
2016-06-10 15:30:45,13,7
2016-06-10 15:35:20,12,8
2016-06-10 15:45:24,12,8
2016-06-10 15:55:29,12,8
2016-06-10 15:59:31,13,7
2016-06-10 16:09:37,13,7
2016-06-10 16:21:14,12,8
2016-06-10 16:56:45,11,9
2016-06-10 17:19:16,11,9
2016-06-10 17:22:01,12,8
2016-06-10 17:32:04,12,8
2016-06-10 17:35:02,11,9
2016-06-10 17:45:05,11,9
2016-06-10 17:55:08,11,9
2016-06-10 18:05:20,11,9
2016-06-10 18:14:08,12,8
2016-06-10 18:21:11,13,7
2016-06-10 18:31:15,13,7
2016-06-10 18:41:19,13,7
2016-06-10 19:06:28,13,7
2016-06-10 19:20:25,14,6
2016-06-10 19:31:16,15,5
2016-06-10 19:34:12,13,7
2016-06-10 19:44:15,13,7
2016-06-10 19:54:18,13,7
2016-06-10 20:04:21,13,7
2016-06-10 20:07:25,14,6
2016-06-10 20:17:29,14,6
2016-06-10 20:27:32,14,6
2016-06-10 20:37:36,14,6
2016-06-10 20:47:40,14,6
2016-06-10 20:57:43,14,6
2016-06-10 21:07:47,14,6
2016-06-10 21:17:51,14,6
2016-06-10 21:27:55,14,6
2016-06-10 21:37:58,14,6
2016-06-10 21:54:43,13,7
2016-06-10 22:34:59,13,7
2016-06-10 22:43:19,14,6
2016-06-10 23:13:30,14,6
2016-06-10 23:23:34,14,6
2016-06-10 23:43:41,14,6
2016-06-10 23:53:45,14,6
2016-06-10 23:54:18,15,5
2016-06-11 00:04:22,15,5
2016-06-11 00:14:35,16,4
2016-06-11 00:18:07,16,4
2016-06-11 00:38:14,16,4
2016-06-11 00:44:28,18,2
2016-06-11 00:54:31,18,2
2016-06-11 01:01:32,20,0
2016-06-11 01:11:35,20,0
2016-06-11 01:13:42,19,1
2016-06-11 01:14:27,20,0
2016-06-11 01:24:30,20,0
2016-06-11 01:54:42,20,0
2016-06-11 02:04:45,20,0
2016-06-11 02:14:49,20,0
2016-06-11 02:24:53,20,0
2016-06-11 02:34:57,20,0
2016-06-11 02:45:00,20,0
2016-06-11 02:49:50,19,1
2016-06-11 02:59:54,19,1
2016-06-11 03:09:58,19,1
2016-06-11 03:20:01,19,1
2016-06-11 03:30:05,19,1
2016-06-11 03:35:26,19,1
2016-06-11 03:41:55,20,0
2016-06-11 03:51:58,20,0
2016-06-11 04:02:02,20,0
2016-06-11 04:12:06,20,0
2016-06-11 04:22:27,20,0
2016-06-11 04:32:30,20,0
2016-06-11 04:42:34,20,0
2016-06-11 04:52:38,20,0
2016-06-11 05:02:41,20,0
2016-06-11 05:12:45,20,0
2016-06-11 05:22:49,20,0
2016-06-11 05:32:52,20,0
2016-06-11 05:42:56,20,0
2016-06-11 05:52:59,20,0
2016-06-11 06:03:03,20,0
2016-06-11 06:13:06,20,0
2016-06-11 06:23:10,20,0
2016-06-11 06:33:14,20,0
2016-06-11 06:43:17,20,0
2016-06-11 06:53:20,20,0
2016-06-11 06:55:31,20,0
2016-06-11 07:05:35,20,0
2016-06-11 07:15:39,20,0
2016-06-11 07:25:42,20,0
2016-06-11 07:35:46,20,0
2016-06-11 07:45:50,20,0
2016-06-11 07:55:54,20,0
2016-06-11 08:05:57,20,0
2016-06-11 08:16:01,20,0
2016-06-11 08:26:05,20,0
2016-06-11 08:36:08,20,0
2016-06-11 08:46:12,20,0
2016-06-11 08:56:16,20,0
2016-06-11 09:06:20,20,0
2016-06-11 09:16:23,20,0
2016-06-11 09:26:27,20,0
2016-06-11 09:36:31,20,0
2016-06-11 09:46:35,20,0
2016-06-11 09:56:38,20,0
2016-06-11 10:06:42,20,0
2016-06-11 10:16:46,20,0
2016-06-11 10:26:50,20,0
2016-06-11 10:34:46,19,1
2016-06-11 10:44:49,19,1
2016-06-11 10:53:19,20,0
2016-06-11 11:03:22,20,0
2016-06-11 11:13:26,20,0
2016-06-11 11:24:58,20,0
2016-06-11 11:35:01,20,0
2016-06-11 11:54:57,19,1
2016-06-11 12:03:56,11,8
2016-06-11 12:14:00,11,8
2016-06-11 12:22:02,10,9
2016-06-11 12:22:23,9,10
2016-06-11 12:24:52,8,11
2016-06-11 12:34:56,8,11
2016-06-11 12:44:59,8,11
2016-06-11 12:55:21,7,12
2016-06-11 13:05:25,7,12
2016-06-11 13:15:28,7,12
2016-06-11 13:18:44,6,13
2016-06-11 13:34:10,8,11
2016-06-11 13:44:14,8,11
2016-06-11 13:47:21,7,12
2016-06-11 13:57:25,7,12
2016-06-11 14:03:52,8,11
2016-06-11 14:04:26,7,12
2016-06-11 14:14:30,7,12
2016-06-11 14:24:34,7,12
2016-06-11 14:31:00,6,13
2016-06-11 14:32:35,7,12
2016-06-11 14:42:39,7,12
2016-06-11 14:54:03,8,11
2016-06-11 15:04:06,8,11
2016-06-11 15:09:59,9,10
2016-06-11 15:20:01,9,10
2016-06-11 15:30:05,9,10
2016-06-11 15:39:44,7,12
2016-06-11 15:41:20,6,13
2016-06-11 15:44:10,5,14
2016-06-11 15:47:07,5,14
2016-06-11 15:58:59,4,15
2016-06-11 16:21:15,2,17
2016-06-11 16:31:18,2,17
2016-06-11 16:52:36,5,14
2016-06-11 17:02:39,5,14
2016-06-11 17:14:00,5,14
2016-06-11 17:32:34,6,13
2016-06-11 17:37:25,4,15
2016-06-11 17:47:27,4,15
2016-06-11 17:53:22,3,16
2016-06-11 18:13:29,3,16
2016-06-11 18:19:06,4,15
2016-06-11 18:39:14,4,15
2016-06-11 18:49:18,4,15
2016-06-11 18:59:22,4,15
2016-06-11 19:09:26,4,15
2016-06-11 19:19:29,4,15
2016-06-11 19:29:33,4,15
2016-06-11 19:39:37,4,15
2016-06-11 19:48:58,3,16
2016-06-11 19:51:16,4,15
2016-06-11 20:01:20,4,15
2016-06-11 20:02:38,5,14
2016-06-11 20:05:04,5,14
2016-06-11 20:15:08,5,14
2016-06-11 20:19:55,5,14
2016-06-11 20:20:16,4,15
2016-06-11 20:29:56,5,14
2016-06-11 20:37:09,6,13
2016-06-11 20:42:05,5,14
2016-06-11 20:46:51,4,15
2016-06-11 20:51:18,5,14
2016-06-11 20:53:41,4,15
2016-06-11 21:00:10,3,16
2016-06-11 21:10:14,3,16
2016-06-11 21:20:18,3,16
2016-06-11 21:36:55,2,17
2016-06-11 22:27:13,2,17
2016-06-11 22:34:48,3,16
2016-06-11 22:44:44,4,15
2016-06-11 22:54:48,4,15
2016-06-11 22:58:05,3,16
2016-06-11 22:58:56,4,15
2016-06-11 23:10:37,5,14
2016-06-11 23:20:41,5,14
2016-06-11 23:37:02,5,14
2016-06-11 23:41:32,6,13
2016-06-11 23:51:36,6,13
2016-06-11 23:54:47,7,12
2016-06-12 00:03:59,7,12
2016-06-12 00:04:19,6,13
2016-06-12 00:14:23,6,13
2016-06-12 00:24:26,6,13
2016-06-12 00:34:30,6,13
2016-06-12 01:04:44,6,13
2016-06-12 01:27:23,8,11
2016-06-12 01:37:27,8,11
2016-06-12 01:47:31,8,11
2016-06-12 01:57:36,8,11
2016-06-12 02:07:41,8,11
2016-06-12 02:17:46,8,11
2016-06-12 02:21:28,9,10
2016-06-12 02:31:32,9,10
2016-06-12 02:41:35,9,10
2016-06-12 02:51:39,9,10
2016-06-12 03:01:43,9,10
2016-06-12 03:03:42,10,9
2016-06-12 03:13:46,10,9
2016-06-12 03:23:51,10,9
2016-06-12 03:33:56,10,9
2016-06-12 03:41:46,11,8
2016-06-12 04:01:55,11,8
2016-06-12 04:11:58,11,8
2016-06-12 04:16:15,11,8
2016-06-12 04:21:57,11,8
2016-06-12 04:30:35,12,7
2016-06-12 04:38:51,11,8
2016-06-12 04:48:55,11,8
2016-06-12 04:58:59,11,8
2016-06-12 05:09:02,11,8
2016-06-12 05:19:06,11,8
2016-06-12 05:29:10,11,8
2016-06-12 05:33:30,13,6
2016-06-12 05:43:34,13,6
2016-06-12 05:53:38,13,6
2016-06-12 06:03:42,13,6
2016-06-12 06:13:46,13,6
2016-06-12 06:23:50,13,6
2016-06-12 06:27:18,15,4
2016-06-12 06:37:22,15,4
2016-06-12 06:47:25,15,4
2016-06-12 06:57:29,15,4
2016-06-12 07:07:33,15,4
2016-06-12 07:17:37,15,4
2016-06-12 07:27:40,15,4
2016-06-12 07:37:43,15,4
2016-06-12 07:46:35,14,5
2016-06-12 07:56:39,14,5
2016-06-12 08:16:49,14,5
2016-06-12 08:26:53,14,5
2016-06-12 08:30:01,14,5
2016-06-12 08:31:37,14,5
2016-06-12 08:33:09,13,6
2016-06-12 08:43:13,13,6
2016-06-12 08:53:17,13,6
2016-06-12 09:13:24,13,6
2016-06-12 09:23:28,13,6
2016-06-12 09:33:32,13,6
2016-06-12 09:43:36,13,6
2016-06-12 09:53:40,13,6
2016-06-12 10:23:51,13,6
2016-06-12 10:33:55,13,6
2016-06-12 10:43:59,13,6
2016-06-12 10:47:24,15,4
2016-06-12 10:52:05,14,5
2016-06-12 11:02:09,14,5
2016-06-12 11:22:16,14,5
2016-06-12 11:32:21,14,5
2016-06-12 11:42:24,14,5
2016-06-12 11:52:28,14,5
2016-06-12 12:02:34,14,5
2016-06-12 12:05:09,13,6
2016-06-12 12:15:15,13,6
2016-06-12 12:25:20,13,6
2016-06-12 12:35:24,13,6
2016-06-12 12:45:28,13,6
2016-06-12 12:55:32,13,6
2016-06-12 13:05:35,13,6
2016-06-12 13:15:40,13,6
2016-06-12 13:25:46,13,6
2016-06-12 13:35:49,13,6
2016-06-12 13:45:53,13,6
2016-06-12 14:06:00,13,6
2016-06-12 14:16:05,13,6
2016-06-12 14:36:14,13,6
2016-06-12 14:46:18,13,6
2016-06-12 14:56:21,13,6
2016-06-12 15:06:26,13,6
2016-06-12 15:15:07,12,7
2016-06-12 15:25:11,12,7
2016-06-12 15:35:15,12,7
2016-06-12 15:45:18,12,7
2016-06-12 16:05:28,13,6
2016-06-12 16:15:32,13,6
2016-06-12 16:23:07,14,5
2016-06-12 16:43:14,14,5
2016-06-12 16:53:18,14,5
2016-06-12 17:03:21,14,5
2016-06-12 17:14:11,14,5
2016-06-12 17:28:58,14,5
2016-06-12 17:39:02,14,5
2016-06-12 17:49:06,14,5
2016-06-12 17:59:10,14,5
2016-06-12 18:09:12,14,5
2016-06-12 18:16:36,15,4
2016-06-12 18:36:42,15,4
2016-06-12 18:46:46,15,4
2016-06-12 18:57:53,15,4
2016-06-12 18:58:25,14,5
2016-06-12 19:01:13,15,4
2016-06-12 19:20:01,19,0
2016-06-12 19:21:36,19,0
2016-06-12 19:37:24,18,1
2016-06-12 19:47:27,18,1
2016-06-12 19:49:49,19,0
2016-06-12 19:59:52,19,0
2016-06-12 20:09:56,19,0
2016-06-12 20:20:00,19,0
2016-06-12 20:29:10,18,1
2016-06-12 20:39:13,18,1
2016-06-12 20:45:43,18,1
2016-06-12 20:46:20,17,2
2016-06-12 20:49:53,16,3
2016-06-12 21:04:51,16,3
2016-06-12 21:12:10,16,3
2016-06-12 21:12:39,15,4
2016-06-12 21:19:21,14,5
2016-06-12 21:29:25,14,5
2016-06-12 22:30:09,15,4
2016-06-12 22:35:35,16,3
2016-06-12 22:45:39,16,3
2016-06-12 22:55:43,16,3
2016-06-12 23:05:47,16,3
2016-06-12 23:15:50,16,3
2016-06-12 23:19:29,15,4
2016-06-12 23:29:46,15,4
2016-06-12 23:39:49,15,4
2016-06-12 23:49:52,15,4
2016-06-12 23:59:55,15,4
2016-06-13 00:09:59,15,4
2016-06-13 00:50:13,15,4
2016-06-13 01:09:33,17,2
2016-06-13 01:19:37,17,2
2016-06-13 01:29:40,17,2
2016-06-13 01:39:44,17,2
2016-06-13 01:49:48,17,2
2016-06-13 01:59:51,17,2
2016-06-13 02:09:57,17,2
2016-06-13 02:20:01,17,2
2016-06-13 02:30:05,17,2
2016-06-13 02:40:08,17,2
2016-06-13 02:50:11,17,2
2016-06-13 03:00:15,17,2
2016-06-13 03:10:19,17,2
2016-06-13 03:19:00,18,1
2016-06-13 03:29:04,18,1
2016-06-13 03:39:06,18,1
2016-06-13 03:49:10,18,1
2016-06-13 03:59:14,18,1
2016-06-13 04:22:10,18,1
2016-06-13 04:22:18,18,1
2016-06-13 04:32:21,18,1
2016-06-13 04:42:24,18,1
2016-06-13 04:52:28,18,1
2016-06-13 05:02:32,18,1
2016-06-13 05:12:36,18,1
2016-06-13 05:22:39,18,1
2016-06-13 05:42:47,18,1
2016-06-13 05:52:51,18,1
2016-06-13 05:54:42,17,2
2016-06-13 05:58:43,18,1
2016-06-13 06:08:52,18,1
2016-06-13 06:18:55,18,1
2016-06-13 06:28:58,18,1
2016-06-13 06:39:02,18,1
2016-06-13 06:59:09,18,1
2016-06-13 07:02:09,19,0
2016-06-13 07:28:38,18,1
2016-06-13 07:38:42,18,1
2016-06-13 07:48:45,18,1
2016-06-13 07:56:08,18,1
2016-06-13 07:56:35,17,2
2016-06-13 08:01:02,18,1
2016-06-13 08:09:36,17,2
2016-06-13 08:30:09,18,1
2016-06-13 08:40:11,18,1
2016-06-13 08:54:14,19,0
2016-06-13 08:57:10,18,1
2016-06-13 09:27:22,18,1
2016-06-13 09:37:25,18,1
2016-06-13 09:54:00,19,0
2016-06-13 09:59:09,18,1
2016-06-13 10:13:08,19,0
2016-06-13 10:23:22,19,0
2016-06-13 10:33:26,19,0
2016-06-13 10:43:29,19,0
2016-06-13 10:53:33,19,0
2016-06-13 11:03:37,19,0
2016-06-13 11:14:03,19,0
2016-06-13 11:14:44,18,1
2016-06-13 11:24:47,18,1
2016-06-13 11:34:50,18,1
2016-06-13 11:44:53,18,1
2016-06-13 11:54:57,18,1
2016-06-13 12:05:01,18,1
2016-06-13 12:09:58,17,2
2016-06-13 12:11:26,15,4
2016-06-13 12:15:54,15,4
2016-06-13 12:16:15,14,5
2016-06-13 12:26:18,14,5
2016-06-13 12:36:21,14,5
2016-06-13 12:46:25,14,5
2016-06-13 12:59:38,13,6
2016-06-13 13:03:35,12,7
2016-06-13 13:13:38,12,7
2016-06-13 13:19:42,13,6
2016-06-13 13:23:19,12,7
2016-06-13 13:24:46,13,6
2016-06-13 13:36:05,13,6
2016-06-13 14:01:40,11,8
2016-06-13 14:11:44,11,8
2016-06-13 14:21:48,11,8
2016-06-13 14:31:52,11,8
2016-06-13 14:34:05,9,9
2016-06-13 14:44:33,9,10
2016-06-13 14:49:18,8,11
2016-06-13 14:54:44,9,10
2016-06-13 15:04:48,9,10
2016-06-13 15:10:55,10,9
2016-06-13 15:15:36,11,8
2016-06-13 15:25:40,11,8
2016-06-13 15:26:51,13,6
2016-06-13 15:36:54,13,6
2016-06-13 15:46:58,13,6
2016-06-13 15:57:02,13,6
2016-06-13 16:07:05,13,6
2016-06-13 16:11:40,12,7
2016-06-13 16:20:03,11,8
2016-06-13 16:24:01,10,9
2016-06-13 16:34:05,10,9
2016-06-13 16:44:09,10,9
2016-06-13 16:59:55,10,9
2016-06-13 17:00:21,9,10
2016-06-13 17:47:21,11,8
2016-06-13 17:53:35,12,7
2016-06-13 17:56:11,11,8
2016-06-13 17:56:38,10,9
2016-06-13 18:07:09,11,8
2016-06-13 18:23:22,10,9
2016-06-13 18:27:53,9,10
2016-06-13 18:28:37,8,11
2016-06-13 18:37:44,9,10
2016-06-13 18:47:47,9,10
2016-06-13 18:49:17,8,11
2016-06-13 18:59:24,9,10
2016-06-13 19:09:28,9,10
2016-06-13 19:20:05,8,11
2016-06-13 19:20:51,11,8
2016-06-13 19:24:53,11,8
2016-06-13 19:26:19,12,7
2016-06-13 19:36:23,12,7
2016-06-13 19:46:27,12,7
2016-06-13 19:48:41,13,6
2016-06-13 19:58:44,13,6
2016-06-13 20:08:48,13,6
2016-06-13 20:18:52,13,6
2016-06-13 20:27:42,13,6
2016-06-13 20:29:12,11,8
2016-06-13 20:32:10,11,8
2016-06-13 20:42:16,10,9
2016-06-13 20:51:11,11,8
2016-06-13 21:01:15,11,8
2016-06-13 21:17:18,11,8
2016-06-13 21:27:22,11,8
2016-06-13 21:47:29,11,8
2016-06-13 21:51:42,12,7
2016-06-13 22:01:46,12,7
2016-06-13 22:11:50,12,7
2016-06-13 22:22:07,13,6
2016-06-13 22:32:10,13,6
2016-06-13 22:34:11,13,6
2016-06-13 22:34:26,14,5
2016-06-13 22:37:36,15,3
2016-06-13 22:39:28,17,2
2016-06-13 22:47:25,18,1
2016-06-13 22:54:24,18,1
2016-06-13 23:27:53,17,1
2016-06-14 00:07:15,17,1
2016-06-14 00:17:42,16,2
2016-06-14 00:27:46,16,2
2016-06-14 00:35:12,17,1
2016-06-14 00:36:44,17,1
2016-06-14 00:38:34,16,2
2016-06-14 00:49:54,16,2
2016-06-14 00:50:22,15,3
2016-06-14 00:59:55,16,2
2016-06-14 01:00:18,17,1
2016-06-14 01:10:22,17,1
2016-06-14 01:12:46,18,0
2016-06-14 01:22:50,18,0
2016-06-14 01:32:53,18,0
2016-06-14 01:42:57,18,0
2016-06-14 01:53:01,18,0
2016-06-14 02:03:05,18,0
2016-06-14 02:13:08,18,0
2016-06-14 02:53:24,18,0
2016-06-14 03:43:42,18,0
2016-06-14 03:53:46,18,0
2016-06-14 04:13:54,18,0
2016-06-14 04:15:22,18,0
2016-06-14 04:23:44,18,0
2016-06-14 05:14:03,18,0
2016-06-14 05:24:07,18,0
2016-06-14 05:32:11,13,5
2016-06-14 05:32:14,12,6
2016-06-14 05:42:18,12,6
2016-06-14 05:54:11,11,7
2016-06-14 06:09:32,12,6
2016-06-14 06:49:47,12,6
2016-06-14 07:09:54,12,6
2016-06-14 07:19:58,12,6
2016-06-14 07:42:47,11,7
2016-06-14 07:45:36,10,8
2016-06-14 07:46:59,9,9
2016-06-14 07:57:03,9,9
2016-06-14 08:01:37,11,7
2016-06-14 08:06:04,10,8
2016-06-14 08:11:52,11,7
2016-06-14 08:12:26,12,6
2016-06-14 08:17:48,11,7
2016-06-14 08:26:47,10,8
2016-06-14 08:36:51,10,8
2016-06-14 08:44:00,10,8
2016-06-14 08:44:26,9,9
2016-06-14 08:54:29,9,9
2016-06-14 09:00:29,10,8
2016-06-14 09:05:31,11,7
2016-06-14 09:15:35,11,7
2016-06-14 09:19:03,10,8
2016-06-14 09:21:54,11,7
2016-06-14 09:31:16,10,8
2016-06-14 09:41:20,10,8
2016-06-14 09:51:24,10,8
2016-06-14 10:01:28,10,8
2016-06-14 10:05:06,9,9
2016-06-14 10:11:54,10,8
2016-06-14 10:21:58,10,8
2016-06-14 10:32:02,10,8
2016-06-14 10:42:05,10,8
2016-06-14 10:52:09,10,8
2016-06-14 10:53:28,9,9
2016-06-14 11:03:32,9,9
2016-06-14 11:08:01,10,8
2016-06-14 11:08:17,10,8
2016-06-14 11:18:21,10,8
2016-06-14 11:28:25,10,8
2016-06-14 11:58:36,10,8
2016-06-14 12:08:39,10,8
2016-06-14 12:19:44,9,9
2016-06-14 12:21:17,10,8
2016-06-14 12:31:21,10,8
2016-06-14 12:41:25,10,8
2016-06-14 12:51:28,10,8
2016-06-14 13:01:32,10,8
2016-06-14 13:11:36,10,8
2016-06-14 13:21:40,10,8
2016-06-14 13:31:43,10,8
2016-06-14 13:39:31,11,7
2016-06-14 13:49:03,12,6
2016-06-14 13:52:10,12,6
2016-06-14 13:54:04,11,8
2016-06-14 13:54:53,12,8
2016-06-14 14:04:57,12,8
2016-06-14 14:11:29,11,9
2016-06-14 14:13:52,10,10
2016-06-14 14:27:32,11,9
2016-06-14 14:32:21,12,8
2016-06-14 14:42:24,12,8
2016-06-14 14:52:28,12,8
2016-06-14 15:02:30,13,7
2016-06-14 15:22:39,13,7
2016-06-14 15:33:55,12,8
2016-06-14 15:39:36,11,9
2016-06-14 15:46:02,11,9
2016-06-14 15:46:31,10,10
2016-06-14 15:56:34,10,10
2016-06-14 16:06:38,10,10
2016-06-14 16:26:46,10,10
2016-06-14 16:36:49,10,10
2016-06-14 16:39:42,10,10
2016-06-14 16:40:16,9,11
2016-06-14 16:51:39,8,12
2016-06-14 16:57:06,9,11
2016-06-14 17:02:47,8,12
2016-06-14 17:26:11,7,13
2016-06-14 17:27:34,7,13
2016-06-14 17:30:06,6,14
2016-06-14 17:37:51,5,15
2016-06-14 17:38:28,4,16
2016-06-14 17:43:36,5,15
2016-06-14 17:51:38,4,16
2016-06-14 17:55:50,5,15
2016-06-14 17:57:05,4,16
2016-06-14 18:03:45,6,14
2016-06-14 18:13:49,6,14
2016-06-14 18:19:37,7,13
2016-06-14 18:25:00,8,12
2016-06-14 18:35:04,8,12
2016-06-14 18:42:51,9,11
2016-06-14 18:58:06,9,11
2016-06-14 19:00:07,7,13
2016-06-14 19:10:17,7,13
2016-06-14 19:17:55,6,14
2016-06-14 19:19:57,7,13
2016-06-14 19:25:30,8,12
2016-06-14 19:35:33,8,12
2016-06-14 19:45:37,8,12
2016-06-14 19:54:55,9,11
2016-06-14 20:04:59,9,11
2016-06-14 20:15:03,9,11
2016-06-14 20:25:19,9,11
2016-06-14 20:33:25,8,12
2016-06-14 20:37:55,7,13
2016-06-14 20:47:59,7,13
2016-06-14 20:48:35,6,14
2016-06-14 20:53:40,7,13
2016-06-14 20:55:46,8,12
2016-06-14 21:05:50,8,12
2016-06-14 21:26:10,8,12
2016-06-14 21:27:56,8,12
2016-06-14 21:28:23,7,13
2016-06-14 21:40:09,7,13
2016-06-14 21:40:11,9,11
2016-06-14 21:44:47,8,12
2016-06-14 21:50:59,7,13
2016-06-14 22:01:03,7,13
2016-06-14 22:11:07,7,13
2016-06-14 22:21:10,7,13
2016-06-14 22:31:14,7,13
2016-06-14 22:41:18,7,13
2016-06-14 22:51:22,7,13
2016-06-14 23:01:25,7,13
2016-06-14 23:04:34,8,12
2016-06-14 23:14:37,8,12
2016-06-14 23:18:09,9,11
2016-06-14 23:27:48,10,10
2016-06-14 23:37:52,10,10
2016-06-14 23:47:56,10,10
2016-06-14 23:57:59,10,10
2016-06-15 00:08:03,10,10
2016-06-15 00:16:05,11,9
2016-06-15 00:26:08,11,9
2016-06-15 00:36:12,11,9
2016-06-15 00:46:16,11,9
2016-06-15 00:56:19,11,9
2016-06-15 01:06:23,11,9
2016-06-15 01:16:27,11,9
2016-06-15 01:26:31,11,9
2016-06-15 01:36:34,11,9
2016-06-15 01:46:38,11,9
2016-06-15 01:56:42,11,9
2016-06-15 02:06:46,11,9
2016-06-15 02:09:28,12,8
2016-06-15 02:19:32,12,8
2016-06-15 02:29:36,12,8
2016-06-15 02:39:40,12,8
2016-06-15 02:49:44,12,8
2016-06-15 02:59:48,12,8
2016-06-15 03:09:51,12,8
2016-06-15 03:19:55,12,8
2016-06-15 03:29:59,12,8
2016-06-15 03:40:03,12,8
2016-06-15 03:50:06,12,8
2016-06-15 03:57:51,12,8
2016-06-15 04:07:55,12,8
2016-06-15 04:22:09,12,8
2016-06-15 04:42:16,12,8
2016-06-15 04:52:20,12,8
2016-06-15 05:02:23,12,8
2016-06-15 05:12:27,12,8
2016-06-15 05:22:31,12,8
2016-06-15 05:32:35,12,8
2016-06-15 05:42:37,12,8
2016-06-15 05:53:05,11,9
2016-06-15 06:03:08,11,9
2016-06-15 06:13:12,11,9
2016-06-15 06:23:15,11,9
2016-06-15 06:33:19,11,9
2016-06-15 06:43:23,11,9
2016-06-15 06:53:27,11,9
2016-06-15 06:59:27,12,8
2016-06-15 07:09:31,12,8
2016-06-15 07:17:38,11,9
2016-06-15 07:27:41,11,9
2016-06-15 07:37:44,11,9
2016-06-15 07:47:00,10,10
2016-06-15 07:57:04,10,10
2016-06-15 08:00:44,12,8
2016-06-15 08:09:23,11,9
2016-06-15 08:15:32,10,10
2016-06-15 08:25:35,10,10
2016-06-15 08:29:37,11,9
2016-06-15 08:30:25,12,8
2016-06-15 08:35:32,11,9
2016-06-15 08:45:35,11,9
2016-06-15 08:48:47,10,10
2016-06-15 08:58:51,10,10
2016-06-15 09:30:28,11,9
2016-06-15 09:40:32,11,9
2016-06-15 09:51:52,11,9
2016-06-15 09:52:23,10,10
2016-06-15 10:06:00,12,8
2016-06-15 10:26:07,12,8
2016-06-15 10:29:46,11,9
2016-06-15 10:31:07,11,9
2016-06-15 10:41:11,11,9
2016-06-15 10:45:20,13,7
2016-06-15 10:55:23,13,7
2016-06-15 11:05:27,13,7
2016-06-15 11:15:30,13,7
2016-06-15 11:21:48,14,6
2016-06-15 11:27:11,13,7
2016-06-15 11:47:52,12,8
2016-06-15 11:50:11,12,8
2016-06-15 11:50:13,11,9
2016-06-15 11:53:55,12,8
2016-06-15 11:55:21,10,10
2016-06-15 12:05:42,10,10
2016-06-15 12:07:30,8,12
2016-06-15 12:18:06,9,11
2016-06-15 12:28:10,9,11
2016-06-15 12:33:15,8,12
2016-06-15 12:43:18,8,12
2016-06-15 12:53:22,8,12
2016-06-15 13:03:25,8,12
2016-06-15 13:16:40,9,11
2016-06-15 13:28:38,11,9
2016-06-15 13:36:12,12,8
2016-06-15 13:36:39,11,9
2016-06-15 13:39:22,12,8
2016-06-15 13:58:07,11,9
2016-06-15 14:08:10,11,9
2016-06-15 14:18:14,11,9
2016-06-15 14:21:36,10,10
2016-06-15 14:31:40,10,10
2016-06-15 14:38:58,9,11
2016-06-15 14:49:02,9,11
2016-06-15 14:55:24,8,12
2016-06-15 15:05:28,8,12
2016-06-15 15:07:49,9,11
2016-06-15 15:12:52,10,10
2016-06-15 15:22:56,10,10
2016-06-15 15:32:59,10,10
2016-06-15 15:55:40,9,11
2016-06-15 15:57:01,10,10
2016-06-15 16:07:04,10,10
2016-06-15 16:17:08,10,10
2016-06-15 16:27:11,10,10
2016-06-15 16:37:15,10,10
2016-06-15 16:39:49,9,11
2016-06-15 16:42:02,8,12
2016-06-15 16:45:41,9,11
2016-06-15 16:50:43,10,10
2016-06-15 17:00:46,10,10
2016-06-15 17:02:58,11,9
2016-06-15 17:19:24,11,9
2016-06-15 17:21:56,11,9
2016-06-15 17:32:49,10,10
2016-06-15 17:38:55,8,12
2016-06-15 17:48:58,8,12
2016-06-15 17:59:07,9,11
2016-06-15 18:03:59,9,11
2016-06-15 18:05:29,8,12
2016-06-15 18:11:13,9,11
2016-06-15 18:13:31,8,12
2016-06-15 18:23:27,7,13
2016-06-15 18:33:30,7,13
2016-06-15 18:42:40,8,12
2016-06-15 18:52:44,8,12
2016-06-15 18:57:49,7,13
2016-06-15 19:00:56,6,14
2016-06-15 19:05:55,6,14
2016-06-15 19:06:46,5,15
2016-06-15 19:09:45,5,15
2016-06-15 19:10:26,5,15
2016-06-15 19:20:30,5,15
2016-06-15 19:25:54,4,16
2016-06-15 19:31:30,3,17
2016-06-15 19:37:59,3,17
2016-06-15 19:38:29,2,18
2016-06-15 19:42:43,1,19
2016-06-15 19:45:35,0,20
2016-06-15 19:55:38,0,20
2016-06-15 20:02:24,1,19
2016-06-15 20:12:27,1,19
2016-06-15 20:22:38,1,19
2016-06-15 20:29:51,1,19
2016-06-15 20:30:29,0,20
2016-06-15 20:40:33,0,20
2016-06-15 20:50:36,0,20
2016-06-15 21:00:41,0,20
2016-06-15 21:09:38,4,16
2016-06-15 21:19:41,4,16
2016-06-15 21:24:01,3,17
2016-06-15 21:34:04,3,17
2016-06-15 22:04:15,3,17
2016-06-15 22:14:18,3,17
2016-06-15 22:24:21,3,17
2016-06-15 22:34:25,3,17
2016-06-15 22:44:28,3,17
2016-06-15 22:54:31,3,17
2016-06-15 23:11:54,4,16
2016-06-15 23:22:09,4,16
2016-06-15 23:37:13,5,15
2016-06-15 23:47:16,5,15
2016-06-15 23:57:20,5,15
2016-06-16 00:27:31,5,15
2016-06-16 00:37:35,5,15
2016-06-16 00:47:38,5,15
2016-06-16 00:57:42,5,15
2016-06-16 01:07:46,5,15
2016-06-16 01:17:48,5,15
2016-06-16 01:27:52,5,15
2016-06-16 01:37:56,5,15
2016-06-16 01:48:00,5,15
2016-06-16 01:58:03,5,15
2016-06-16 02:08:07,5,15
2016-06-16 02:58:26,5,15
2016-06-16 03:08:29,5,15
2016-06-16 03:18:33,5,15
2016-06-16 03:28:37,5,15
2016-06-16 03:38:40,5,15
2016-06-16 03:48:44,5,15
2016-06-16 03:58:48,5,15
2016-06-16 04:08:52,5,15
2016-06-16 04:22:11,5,15
2016-06-16 04:32:17,5,15
2016-06-16 04:42:21,5,15
2016-06-16 04:52:24,5,15
2016-06-16 05:02:28,5,15
2016-06-16 05:12:32,5,15
2016-06-16 05:22:36,5,15
2016-06-16 05:32:39,5,15
2016-06-16 05:42:43,5,15
2016-06-16 05:52:47,5,15
2016-06-16 06:02:51,5,15
2016-06-16 06:12:55,5,15
2016-06-16 06:22:59,5,15
2016-06-16 06:33:03,5,15
2016-06-16 06:43:06,5,15
2016-06-16 06:53:10,5,15
2016-06-16 07:01:03,6,14
2016-06-16 07:49:46,5,15
2016-06-16 07:59:50,5,15
2016-06-16 08:03:34,6,14
2016-06-16 08:13:37,6,14
2016-06-16 08:23:41,6,14
2016-06-16 08:37:50,6,14
2016-06-16 08:43:42,5,15
2016-06-16 09:01:02,6,14
2016-06-16 09:07:08,5,15
2016-06-16 09:17:11,5,15
2016-06-16 09:27:15,5,15
2016-06-16 09:31:21,6,14
2016-06-16 09:41:24,6,14
2016-06-16 09:51:12,5,15
2016-06-16 10:01:15,5,15
2016-06-16 10:11:18,5,15
2016-06-16 10:21:22,5,15
2016-06-16 10:31:26,5,15
2016-06-16 10:38:10,3,17
2016-06-16 10:38:31,2,18
2016-06-16 10:42:49,4,16
2016-06-16 10:52:52,4,16
2016-06-16 11:00:24,5,15
2016-06-16 11:12:18,5,15
2016-06-16 11:29:19,4,16
2016-06-16 11:31:56,4,16
2016-06-16 11:32:41,2,18
2016-06-16 11:51:46,3,17
2016-06-16 12:05:35,2,18
2016-06-16 12:25:42,2,18
2016-06-16 12:35:46,2,18
2016-06-16 12:45:50,2,18
2016-06-16 12:55:43,1,19
2016-06-16 13:05:45,1,19
2016-06-16 13:07:51,2,18
2016-06-16 13:13:25,1,19
2016-06-16 13:23:39,1,19
2016-06-16 13:31:36,3,17
2016-06-16 13:41:40,3,17
2016-06-16 13:44:53,4,16
2016-06-16 13:54:57,4,16
2016-06-16 13:57:45,3,17
2016-06-16 14:01:36,4,16
2016-06-16 14:11:39,4,16
2016-06-16 14:21:43,4,16
2016-06-16 14:41:51,4,16
2016-06-16 14:51:54,4,16
2016-06-16 15:01:58,4,16
2016-06-16 15:12:02,4,16
2016-06-16 15:19:11,5,15
2016-06-16 15:29:15,5,15
2016-06-16 15:31:48,6,14
2016-06-16 15:41:51,6,14
2016-06-16 15:51:55,6,14
2016-06-16 15:52:56,5,15
2016-06-16 16:00:54,4,16
2016-06-16 16:10:57,4,16
2016-06-16 16:41:51,4,16
2016-06-16 16:42:19,3,17
2016-06-16 16:52:22,3,17
2016-06-16 17:02:26,3,17
2016-06-16 17:12:47,3,17
2016-06-16 17:25:44,4,16
2016-06-16 17:38:09,3,17
2016-06-16 17:40:07,2,18
2016-06-16 17:50:12,2,18
2016-06-16 18:00:17,2,18
2016-06-16 18:03:39,1,19
2016-06-16 18:13:44,1,19
2016-06-16 18:17:30,1,19
2016-06-16 18:18:15,0,20
2016-06-16 18:24:23,1,19
2016-06-16 18:27:55,1,19
2016-06-16 18:28:22,0,20
2016-06-16 18:38:27,0,20
2016-06-16 18:50:07,2,18
2016-06-16 19:03:04,4,16
2016-06-16 19:07:26,5,15
2016-06-16 19:08:59,7,13
2016-06-16 19:14:19,6,14
2016-06-16 19:30:42,4,16
2016-06-16 19:43:03,5,15
2016-06-16 19:53:07,5,15
2016-06-16 20:03:11,5,15
2016-06-16 20:13:16,5,15
2016-06-16 20:19:02,4,16
2016-06-16 20:29:07,4,16
2016-06-16 20:39:13,5,15
2016-06-16 20:59:22,5,15
2016-06-16 21:09:35,5,15
2016-06-16 21:19:40,5,15
2016-06-16 21:33:25,4,16
2016-06-16 21:53:35,4,16
2016-06-16 22:03:39,4,16
2016-06-16 22:13:44,4,16
2016-06-16 22:23:49,4,16
2016-06-16 22:33:53,4,16
2016-06-16 22:43:58,4,16
2016-06-16 22:54:02,4,16
2016-06-16 23:04:06,4,16
2016-06-16 23:14:11,4,16
2016-06-16 23:24:16,4,16
2016-06-16 23:34:19,4,16
2016-06-16 23:54:27,4,16
2016-06-17 00:04:32,4,16
2016-06-17 00:10:40,3,17
2016-06-17 00:16:57,4,16
2016-06-17 00:47:09,4,16
2016-06-17 00:57:13,4,16
2016-06-17 01:17:21,4,16
2016-06-17 01:27:25,4,16
2016-06-17 01:29:45,4,16
2016-06-17 01:30:16,3,17
2016-06-17 02:00:29,3,17
2016-06-17 02:10:33,3,17
2016-06-17 02:20:37,3,17
2016-06-17 02:30:42,3,17
2016-06-17 02:40:45,3,17
2016-06-17 02:50:50,3,17
2016-06-17 03:00:55,3,17
2016-06-17 03:11:00,3,17
2016-06-17 03:21:05,3,17
2016-06-17 03:32:08,4,16
2016-06-17 03:42:12,4,16
2016-06-17 03:56:32,5,15
2016-06-17 04:06:37,5,15
2016-06-17 04:15:25,5,15
2016-06-17 04:23:51,5,15
2016-06-17 04:33:56,5,15
2016-06-17 04:44:00,5,15
2016-06-17 04:54:05,5,15
2016-06-17 05:14:15,5,15
2016-06-17 05:24:20,5,15
2016-06-17 05:34:25,5,15
2016-06-17 05:44:28,5,15
2016-06-17 05:54:33,5,15
2016-06-17 06:04:37,5,15
2016-06-17 06:14:41,5,15
2016-06-17 06:24:46,5,15
2016-06-17 06:34:50,5,15
2016-06-17 06:44:55,5,15
2016-06-17 06:54:59,5,15
2016-06-17 07:15:02,4,16
2016-06-17 07:25:07,4,16
2016-06-17 07:45:17,4,16
2016-06-17 07:50:02,4,16
2016-06-17 07:50:31,3,17
2016-06-17 08:00:36,3,17
2016-06-17 08:10:40,3,17
2016-06-17 08:38:31,3,17
2016-06-17 08:46:33,4,16
2016-06-17 08:48:44,3,17
2016-06-17 08:58:49,3,17
2016-06-17 09:10:48,5,15
2016-06-17 09:18:04,5,15
2016-06-17 09:19:48,3,17
2016-06-17 09:20:20,2,18
2016-06-17 09:36:00,3,17
2016-06-17 09:46:04,3,17
2016-06-17 09:56:08,3,17
2016-06-17 10:06:11,3,17
2016-06-17 10:16:15,3,17
2016-06-17 10:26:20,3,17
2016-06-17 10:36:24,3,17
2016-06-17 10:46:28,3,17
2016-06-17 11:06:38,3,17
2016-06-17 11:27:08,5,15
2016-06-17 11:32:11,5,15
2016-06-17 12:03:40,5,15
2016-06-17 12:13:45,5,15
2016-06-17 12:23:50,5,15
2016-06-17 12:33:53,5,15
2016-06-17 12:38:55,6,14
2016-06-17 12:56:59,6,14
2016-06-17 13:07:03,6,14
2016-06-17 13:17:07,6,14
2016-06-17 13:27:12,6,14
2016-06-17 13:37:17,6,14
2016-06-17 13:47:22,6,14
2016-06-17 13:57:27,6,14
2016-06-17 14:07:48,5,15
2016-06-17 14:31:01,4,16
2016-06-17 14:48:04,5,15
2016-06-17 14:58:09,5,15
2016-06-17 15:08:14,5,15
2016-06-17 15:10:51,5,15
2016-06-17 15:13:46,4,16
2016-06-17 15:33:55,4,16
2016-06-17 15:55:57,3,17
2016-06-17 15:57:01,6,14
2016-06-17 16:07:05,6,14
2016-06-17 16:11:05,5,15
2016-06-17 16:14:57,6,14
2016-06-17 16:19:27,7,13
2016-06-17 16:20:49,5,15
2016-06-17 16:30:54,5,15
2016-06-17 16:41:48,4,16
2016-06-17 16:48:00,3,17
2016-06-17 17:19:33,4,16
2016-06-17 17:23:11,3,17
2016-06-17 17:33:14,3,17
2016-06-17 17:43:18,3,17
2016-06-17 17:50:03,3,17
2016-06-17 17:51:19,2,18
2016-06-17 17:52:50,1,19
2016-06-17 18:02:53,1,19
2016-06-17 18:07:59,1,19
2016-06-17 18:18:03,1,19
2016-06-17 18:19:22,2,18
2016-06-17 18:22:49,1,19
2016-06-17 18:28:22,0,20
2016-06-17 18:38:25,0,20
2016-06-17 18:48:29,0,20
2016-06-17 18:51:50,1,19
2016-06-17 18:52:44,2,18
2016-06-17 19:12:51,2,18
2016-06-17 19:16:13,3,17
2016-06-17 19:22:49,4,16
2016-06-17 19:29:28,5,15
2016-06-17 19:39:32,5,15
2016-06-17 19:49:35,5,15
2016-06-17 19:59:47,6,14
2016-06-17 20:04:16,7,13
2016-06-17 20:14:20,7,13
2016-06-17 20:24:23,7,13
2016-06-17 20:34:27,7,13
2016-06-17 20:44:33,8,12
2016-06-17 20:54:36,8,12
2016-06-17 21:04:38,8,12
2016-06-17 21:13:12,6,14
2016-06-17 21:14:38,5,15
2016-06-17 21:16:42,6,14
2016-06-17 21:23:49,5,15
2016-06-17 21:33:53,5,15
2016-06-17 21:42:50,6,14
2016-06-17 21:52:53,6,14
2016-06-17 22:02:57,6,14
2016-06-17 22:08:09,5,15
2016-06-17 22:28:16,5,15
2016-06-17 22:57:30,10,10
2016-06-17 23:07:34,10,10
2016-06-17 23:17:37,10,10
2016-06-17 23:27:41,10,10
2016-06-17 23:37:45,10,10
2016-06-17 23:57:52,10,10
2016-06-18 00:07:57,10,10
2016-06-18 00:18:01,10,10
2016-06-18 00:48:11,10,10
2016-06-18 00:58:15,10,10
2016-06-18 01:03:43,11,9
2016-06-18 01:13:47,11,9
2016-06-18 01:23:50,11,9
2016-06-18 01:33:54,11,9
2016-06-18 01:43:58,11,9
2016-06-18 01:54:02,11,9
2016-06-18 02:04:05,11,9
2016-06-18 02:07:42,12,8
2016-06-18 02:27:49,12,8
2016-06-18 02:37:53,12,8
2016-06-18 02:47:57,12,8
2016-06-18 02:58:01,12,8
2016-06-18 03:08:05,12,8
2016-06-18 03:15:19,13,7
2016-06-18 03:25:21,13,7
2016-06-18 03:35:25,13,7
2016-06-18 03:45:29,13,7
2016-06-18 03:55:32,13,7
2016-06-18 04:05:36,13,7
2016-06-18 04:15:16,13,7
2016-06-18 04:22:45,13,7
2016-06-18 04:32:49,13,7
2016-06-18 05:03:00,13,7
2016-06-18 06:03:23,13,7
2016-06-18 07:23:52,13,7
2016-06-18 07:43:59,13,7
2016-06-18 07:54:03,13,7
2016-06-18 08:04:06,13,7
2016-06-18 08:24:13,13,7
2016-06-18 08:34:16,13,7
2016-06-18 08:44:19,13,7
2016-06-18 08:54:23,13,7
2016-06-18 09:04:26,13,7
2016-06-18 09:14:28,13,7
2016-06-18 09:24:31,13,7
2016-06-18 09:54:42,13,7
2016-06-18 10:04:45,13,7
2016-06-18 10:14:48,13,7
2016-06-18 10:26:08,14,6
2016-06-18 10:46:16,14,6
2016-06-18 10:56:19,14,6
2016-06-18 11:04:41,15,5
2016-06-18 11:14:44,15,5
2016-06-18 11:24:47,15,5
2016-06-18 11:34:51,15,5
2016-06-18 11:44:54,15,5
2016-06-18 11:47:28,14,6
2016-06-18 11:57:32,14,6
2016-06-18 12:06:18,15,5
2016-06-18 12:10:46,14,6
2016-06-18 12:20:49,14,6
2016-06-18 12:30:53,14,6
2016-06-18 12:40:57,14,6
2016-06-18 12:48:35,15,5
2016-06-18 12:58:38,15,5
2016-06-18 13:04:10,15,5
2016-06-18 13:04:54,14,6
2016-06-18 13:25:00,14,6
2016-06-18 13:35:03,14,6
2016-06-18 13:45:07,14,6
2016-06-18 13:55:10,14,6
2016-06-18 14:05:14,14,6
2016-06-18 14:16:06,15,5
2016-06-18 14:26:09,15,5
2016-06-18 14:46:15,15,5
2016-06-18 14:53:33,14,6
2016-06-18 15:03:36,14,6
2016-06-18 15:09:49,12,8
2016-06-18 15:19:52,12,8
2016-06-18 15:29:56,12,8
2016-06-18 16:12:57,10,10
2016-06-18 16:23:14,10,10
2016-06-18 16:31:07,9,11
2016-06-18 16:41:37,10,10
2016-06-18 16:44:04,9,11
2016-06-18 16:55:04,8,12
2016-06-18 17:05:07,8,12
2016-06-18 17:15:11,8,12
2016-06-18 17:35:19,8,12
2016-06-18 17:45:22,8,12
2016-06-18 17:55:26,8,12
2016-06-18 18:05:29,8,12
2016-06-18 18:08:10,7,13
2016-06-18 18:14:04,6,14
2016-06-18 18:26:42,4,16
2016-06-18 18:36:46,4,16
2016-06-18 18:46:49,4,16
2016-06-18 18:56:53,4,16
2016-06-18 19:07:53,4,16
2016-06-18 19:08:22,3,17
2016-06-18 19:15:59,4,16
2016-06-18 19:26:02,4,16
2016-06-18 19:36:04,4,16
2016-06-18 19:39:17,3,17
2016-06-18 19:43:38,5,15
2016-06-18 19:54:42,6,14
2016-06-18 20:02:51,7,13
2016-06-18 20:13:01,7,13
2016-06-18 20:13:22,6,14
2016-06-18 20:23:25,6,14
2016-06-18 20:29:05,5,15
2016-06-18 20:39:09,5,15
2016-06-18 20:49:13,5,15
2016-06-18 20:59:16,5,15
2016-06-18 21:09:19,5,15
2016-06-18 21:19:23,5,15
2016-06-18 21:29:43,3,17
2016-06-18 21:39:46,3,17
2016-06-18 21:42:08,2,18
2016-06-18 21:52:11,2,18
2016-06-18 22:02:15,2,18
2016-06-18 22:12:18,2,18
2016-06-18 22:22:22,2,18
2016-06-18 22:32:26,2,18
2016-06-18 22:42:30,2,18
2016-06-18 22:52:33,2,18
2016-06-18 23:02:37,2,18
2016-06-18 23:32:48,2,18
2016-06-18 23:42:52,2,18
2016-06-18 23:52:56,2,18
2016-06-18 23:57:31,1,19
2016-06-19 00:07:35,1,19
2016-06-19 00:17:39,1,19
2016-06-19 00:27:42,1,19
2016-06-19 00:37:46,1,19
2016-06-19 00:47:50,1,19
2016-06-19 00:57:54,1,19
2016-06-19 01:07:57,1,19
2016-06-19 01:28:05,1,19
2016-06-19 01:38:09,1,19
2016-06-19 01:48:13,1,19
2016-06-19 01:58:16,1,19
2016-06-19 02:08:20,1,19
2016-06-19 02:18:24,1,19
2016-06-19 02:30:05,0,20
2016-06-19 02:49:26,0,20
2016-06-19 02:59:31,0,20
2016-06-19 03:19:13,1,19
2016-06-19 03:29:17,1,19
2016-06-19 03:40:10,1,19
2016-06-19 04:00:21,2,18
2016-06-19 04:10:26,2,18
2016-06-19 04:22:00,2,18
2016-06-19 04:23:50,1,19
2016-06-19 04:24:22,0,20
2016-06-19 04:34:25,0,20
2016-06-19 04:44:29,0,20
2016-06-19 04:54:34,0,20
2016-06-19 04:56:44,1,19
2016-06-19 05:06:48,1,19
2016-06-19 05:15:02,2,18
2016-06-19 05:25:06,2,18
2016-06-19 05:35:11,2,18
2016-06-19 05:45:16,2,18
2016-06-19 06:05:26,2,18
2016-06-19 06:15:31,2,18
2016-06-19 06:25:35,2,18
2016-06-19 06:35:39,2,18
2016-06-19 06:45:43,2,18
2016-06-19 06:55:47,2,18
2016-06-19 07:13:54,1,19
2016-06-19 07:23:58,1,19
2016-06-19 07:34:02,1,19
2016-06-19 07:44:07,1,19
2016-06-19 07:45:01,2,18
2016-06-19 07:55:05,2,18
2016-06-19 08:05:09,2,18
2016-06-19 08:15:14,2,18
2016-06-19 08:25:19,2,18
2016-06-19 08:35:23,2,18
2016-06-19 08:45:27,2,18
2016-06-19 08:55:32,2,18
2016-06-19 09:05:37,2,18
2016-06-19 09:15:42,2,18
2016-06-19 09:25:47,2,18
2016-06-19 09:35:50,2,18
2016-06-19 09:45:54,2,18
2016-06-19 09:55:59,2,18
2016-06-19 10:09:03,1,19
2016-06-19 10:19:08,1,19
2016-06-19 10:29:13,1,19
2016-06-19 10:39:18,1,19
2016-06-19 10:49:23,1,19
2016-06-19 10:55:37,2,18
2016-06-19 11:05:41,2,18
2016-06-19 11:15:46,2,18
2016-06-19 11:25:50,2,18
2016-06-19 11:45:59,2,18
2016-06-19 11:49:42,3,17
2016-06-19 11:50:36,3,17
2016-06-19 12:00:42,3,17
2016-06-19 12:45:01,2,18
2016-06-19 12:55:05,2,18
2016-06-19 13:05:36,3,17
2016-06-19 13:15:40,3,17
2016-06-19 13:18:22,4,16
2016-06-19 13:28:27,4,16
2016-06-19 13:38:31,4,16
2016-06-19 13:48:36,4,16
2016-06-19 13:58:40,4,16
2016-06-19 14:08:04,4,16
2016-06-19 14:18:33,3,17
2016-06-19 14:28:38,3,17
2016-06-19 14:38:42,3,17
2016-06-19 14:48:45,3,17
2016-06-19 14:58:49,3,17
2016-06-19 15:03:16,2,18
2016-06-19 15:13:20,2,18
2016-06-19 15:43:34,2,18
2016-06-19 15:53:39,2,18
2016-06-19 16:03:56,3,17
2016-06-19 16:14:00,3,17
2016-06-19 16:34:08,3,17
2016-06-19 16:44:13,3,17
2016-06-19 16:54:18,3,17
2016-06-19 17:03:11,2,18
2016-06-19 17:13:15,2,18
2016-06-19 17:23:20,2,18
2016-06-19 17:24:46,1,19
2016-06-19 17:34:50,1,19
2016-06-19 17:44:54,1,19
2016-06-19 18:05:04,1,19
2016-06-19 18:35:18,1,19
2016-06-19 18:45:23,1,19
2016-06-19 18:55:27,1,19
2016-06-19 19:05:31,1,19
2016-06-19 19:15:35,1,19
2016-06-19 19:25:39,1,19
2016-06-19 19:35:44,1,19
2016-06-19 19:55:54,1,19
2016-06-19 20:05:59,1,19
2016-06-19 20:24:01,1,19
2016-06-19 20:24:33,0,20
2016-06-19 20:34:38,0,20
2016-06-19 20:41:38,1,19
2016-06-19 20:51:42,1,19
2016-06-19 20:56:10,1,19
2016-06-19 20:56:12,0,20
2016-06-19 21:06:17,0,20
2016-06-19 21:16:21,0,20
2016-06-19 21:26:25,0,20
2016-06-19 21:36:29,0,20
2016-06-19 21:46:33,0,20
2016-06-19 21:56:36,0,20
2016-06-19 22:06:40,0,20
2016-06-19 22:16:44,0,20
2016-06-19 22:26:49,0,20
2016-06-19 22:36:53,0,20
2016-06-19 22:46:57,0,20
2016-06-19 22:49:40,1,19
2016-06-19 22:59:45,1,19
2016-06-19 23:09:49,1,19
2016-06-19 23:22:12,0,20
2016-06-19 23:25:27,1,19
2016-06-19 23:27:44,2,18
2016-06-19 23:37:48,2,18
2016-06-19 23:47:52,2,18
2016-06-20 00:01:35,4,16
2016-06-20 00:04:49,5,15
2016-06-20 00:14:53,5,15
2016-06-20 00:18:10,6,14
2016-06-20 00:28:15,6,14
2016-06-20 00:39:55,4,16
2016-06-20 00:50:01,4,16
2016-06-20 00:54:28,5,15
2016-06-20 01:04:32,5,15
2016-06-20 01:07:59,7,13
2016-06-20 01:15:55,8,12
2016-06-20 01:26:00,8,12
2016-06-20 01:36:05,8,12
2016-06-20 01:46:10,8,12
2016-06-20 01:56:09,9,10
2016-06-20 01:56:11,10,9
2016-06-20 02:06:16,10,9
2016-06-20 02:13:27,11,8
2016-06-20 02:23:31,11,8
2016-06-20 02:43:41,11,8
2016-06-20 02:53:45,11,8
2016-06-20 03:03:50,11,8
2016-06-20 03:13:55,11,8
2016-06-20 03:24:00,11,8
2016-06-20 03:34:05,11,8
2016-06-20 03:44:10,11,8
2016-06-20 03:54:15,11,8
2016-06-20 04:04:20,11,8
2016-06-20 04:20:05,11,8
2016-06-20 04:30:11,11,8
2016-06-20 04:40:15,11,8
2016-06-20 04:50:18,11,8
2016-06-20 05:00:23,11,8
2016-06-20 05:10:28,11,8
2016-06-20 05:20:32,11,8
2016-06-20 05:50:44,11,8
2016-06-20 06:00:48,11,8
2016-06-20 06:10:52,11,8
2016-06-20 06:20:56,11,8
2016-06-20 06:31:00,11,8
2016-06-20 06:41:04,11,8
2016-06-20 06:51:08,11,8
2016-06-20 07:01:13,11,8
2016-06-20 07:14:17,12,7
2016-06-20 07:24:21,12,7
2016-06-20 07:34:26,12,7
2016-06-20 07:44:30,12,7
2016-06-20 07:48:57,11,8
2016-06-20 08:00:04,11,8
2016-06-20 08:01:08,11,8
2016-06-20 08:05:28,12,7
2016-06-20 08:17:58,12,7
2016-06-20 08:24:51,11,8
2016-06-20 08:40:42,13,6
2016-06-20 08:43:24,12,7
2016-06-20 08:45:49,13,6
2016-06-20 08:46:15,12,7
2016-06-20 08:56:19,12,7
2016-06-20 09:06:23,12,7
2016-06-20 09:16:28,12,7
2016-06-20 09:41:08,13,6
2016-06-20 09:51:13,13,6
2016-06-20 10:01:18,13,6
2016-06-20 10:03:23,12,7
2016-06-20 10:18:03,11,8
2016-06-20 10:47:46,12,8
2016-06-20 10:48:39,12,8
2016-06-20 10:51:02,12,8
2016-06-20 10:53:19,12,8
2016-06-20 11:13:14,13,7
2016-06-20 11:23:18,13,7
2016-06-20 11:25:56,14,6
2016-06-20 11:28:06,14,6
2016-06-20 11:28:41,13,7
2016-06-20 11:35:48,11,9
2016-06-20 11:42:43,10,10
2016-06-20 11:51:05,11,9
2016-06-20 12:01:11,11,9
2016-06-20 12:08:05,11,9
2016-06-20 12:27:35,10,10
2016-06-20 12:33:25,9,11
2016-06-20 12:36:08,10,10
2016-06-20 12:37:05,11,9
2016-06-20 12:54:12,10,10
2016-06-20 13:05:22,12,8
2016-06-20 13:15:26,12,8
2016-06-20 13:25:33,12,8
2016-06-20 13:35:38,12,8
2016-06-20 13:45:43,12,8
2016-06-20 13:51:52,12,8
2016-06-20 13:52:23,11,9
2016-06-20 14:02:28,11,9
2016-06-20 14:12:32,11,9
2016-06-20 14:15:59,12,8
2016-06-20 14:19:53,13,7
2016-06-20 14:23:42,13,7
2016-06-20 14:24:18,12,8
2016-06-20 14:34:22,12,8
2016-06-20 14:38:02,11,9
2016-06-20 14:49:34,10,10
2016-06-20 14:52:47,11,9
2016-06-20 14:56:08,9,11
2016-06-20 15:06:12,9,11
2016-06-20 15:17:45,9,11
2016-06-20 15:18:28,8,12
2016-06-20 15:43:29,10,10
2016-06-20 15:53:34,10,10
2016-06-20 15:59:54,11,9
2016-06-20 16:02:45,12,8
2016-06-20 16:10:53,13,7
2016-06-20 16:19:05,13,7
2016-06-20 16:36:24,14,6
2016-06-20 16:39:39,13,7
2016-06-20 16:49:43,13,7
2016-06-20 16:51:29,11,9
2016-06-20 17:01:34,11,9
2016-06-20 17:04:02,11,9
2016-06-20 17:04:43,10,10
2016-06-20 17:11:42,10,10
2016-06-20 17:15:32,12,8
2016-06-20 17:17:12,12,8
2016-06-20 17:24:48,11,9
2016-06-20 17:40:10,10,10
2016-06-20 18:00:13,10,10
2016-06-20 18:06:55,9,11
2016-06-20 18:21:47,9,11
2016-06-20 18:23:53,8,12
2016-06-20 18:25:00,7,13
2016-06-20 18:37:27,6,14
2016-06-20 18:48:32,6,14
2016-06-20 18:53:04,5,15
2016-06-20 18:54:59,4,16
2016-06-20 19:00:46,5,15
2016-06-20 19:10:51,5,15
2016-06-20 19:19:28,4,16
2016-06-20 19:29:50,3,17
2016-06-20 19:34:08,3,17
2016-06-20 19:34:17,4,16
2016-06-20 19:44:20,4,16
2016-06-20 19:53:50,5,15
2016-06-20 20:03:54,5,15
2016-06-20 20:13:59,5,15
2016-06-20 20:24:04,5,15
2016-06-20 20:45:47,5,15
2016-06-20 20:55:52,5,15
2016-06-20 21:03:48,4,16
2016-06-20 21:24:11,2,18
2016-06-20 21:24:43,0,20
2016-06-20 21:34:48,0,20
2016-06-20 21:44:53,0,20
2016-06-20 21:54:58,0,20
2016-06-20 22:05:03,0,20
2016-06-20 22:15:08,0,20
2016-06-20 22:25:13,0,20
2016-06-20 22:35:17,0,20
2016-06-20 22:45:06,1,19
2016-06-20 22:55:10,1,19
2016-06-20 23:12:44,2,18
2016-06-20 23:22:49,2,18
2016-06-20 23:32:54,2,18
2016-06-20 23:42:59,2,18
2016-06-20 23:49:08,4,16
2016-06-20 23:50:38,5,15
2016-06-21 00:00:44,5,15
2016-06-21 00:02:36,6,14
2016-06-21 00:12:41,6,14
2016-06-21 00:16:16,7,13
2016-06-21 00:27:03,7,12
2016-06-21 00:30:12,8,12
2016-06-21 00:31:00,8,12
2016-06-21 00:41:04,8,12
2016-06-21 00:43:51,9,11
2016-06-21 00:52:54,10,10
2016-06-21 01:08:46,11,9
2016-06-21 01:18:50,11,9
2016-06-21 01:28:55,11,9
2016-06-21 01:38:59,11,9
2016-06-21 01:44:40,12,8
2016-06-21 02:04:55,12,8
2016-06-21 02:15:00,12,8
2016-06-21 02:25:05,12,8
2016-06-21 02:30:50,15,4
2016-06-21 02:40:54,15,4
2016-06-21 02:50:59,15,4
2016-06-21 03:01:04,15,4
2016-06-21 03:09:31,14,5
2016-06-21 03:19:35,14,5
2016-06-21 03:29:40,14,5
2016-06-21 03:39:45,14,5
2016-06-21 03:49:49,14,5
2016-06-21 03:58:40,15,4
2016-06-21 04:08:45,15,4
2016-06-21 04:19:56,15,4
2016-06-21 04:27:37,16,3
2016-06-21 04:37:41,16,3
2016-06-21 04:47:45,16,3
2016-06-21 04:57:50,16,3
2016-06-21 05:07:54,16,3
2016-06-21 05:17:58,16,3
2016-06-21 05:28:02,16,3
2016-06-21 05:38:07,16,3
2016-06-21 05:48:11,16,3
2016-06-21 05:58:16,16,3
2016-06-21 06:08:20,16,3
2016-06-21 06:18:25,16,3
2016-06-21 06:28:30,16,3
2016-06-21 06:38:34,16,3
2016-06-21 06:48:39,16,3
2016-06-21 06:58:03,16,3
2016-06-21 07:03:06,12,8
2016-06-21 07:13:10,12,8
2016-06-21 07:15:46,11,9
2016-06-21 07:25:51,11,9
2016-06-21 07:28:46,12,8
2016-06-21 07:38:50,12,8
2016-06-21 07:48:55,12,8
2016-06-21 07:53:14,11,9
2016-06-21 07:54:41,12,8
2016-06-21 07:59:43,13,7
2016-06-21 08:09:47,13,7
2016-06-21 08:15:35,14,6
2016-06-21 08:16:53,13,7
2016-06-21 08:20:38,14,6
2016-06-21 08:26:02,15,5
2016-06-21 08:49:55,17,3
2016-06-21 08:57:34,16,4
2016-06-21 09:07:38,16,4
2016-06-21 09:17:43,16,4
2016-06-21 09:27:48,16,4
2016-06-21 09:37:51,16,4
2016-06-21 09:42:04,15,5
2016-06-21 09:45:07,14,6
2016-06-21 09:55:12,14,6
2016-06-21 10:32:16,13,7
2016-06-21 10:36:03,13,7
2016-06-21 10:36:35,12,8
2016-06-21 10:46:40,12,8
2016-06-21 10:56:45,12,8
2016-06-21 11:08:05,12,8
2016-06-21 11:18:09,12,8
2016-06-21 11:28:14,12,8
2016-06-21 11:38:20,12,8
2016-06-21 11:43:57,12,8
2016-06-21 11:44:36,11,9
2016-06-21 11:50:22,12,8
2016-06-21 11:58:48,13,7
2016-06-21 12:20:40,12,8
2016-06-21 12:25:02,11,9
2016-06-21 12:35:06,11,9
2016-06-21 12:55:15,11,9
2016-06-21 13:05:19,11,9
2016-06-21 13:15:06,10,10
2016-06-21 13:25:11,10,10
2016-06-21 13:35:16,10,10
2016-06-21 13:51:17,9,11
2016-06-21 14:08:27,10,10
2016-06-21 14:26:08,9,11
2016-06-21 14:29:57,8,12
2016-06-21 14:40:02,8,12
2016-06-21 14:48:55,9,11
2016-06-21 14:59:00,9,11
2016-06-21 15:09:03,9,11
2016-06-21 15:19:07,9,11
2016-06-21 15:29:12,9,11
2016-06-21 15:40:00,10,10
2016-06-21 15:55:56,11,9
2016-06-21 16:03:46,12,8
2016-06-21 16:18:13,9,11
2016-06-21 16:38:22,9,11
2016-06-21 16:43:22,7,13
2016-06-21 17:03:32,7,13
2016-06-21 17:12:48,5,15
2016-06-21 17:18:07,4,16
2016-06-21 17:42:22,1,19
2016-06-21 17:47:45,2,18
2016-06-21 17:49:10,1,19
2016-06-21 17:59:16,0,20
2016-06-21 18:09:20,0,20
2016-06-21 18:19:25,0,20
2016-06-21 18:29:30,0,20
2016-06-21 18:30:15,1,19
2016-06-21 18:35:37,0,20
2016-06-21 19:36:04,0,20
2016-06-21 19:45:58,0,20
2016-06-21 20:23:00,1,19
2016-06-21 20:27:02,0,20
2016-06-21 20:37:06,0,20
2016-06-21 20:47:11,0,20
2016-06-21 20:57:16,0,20
2016-06-21 21:07:21,0,20
2016-06-21 21:17:26,0,20
2016-06-21 21:27:31,0,20
2016-06-21 21:37:35,0,20
2016-06-21 21:39:33,1,19
2016-06-21 21:59:12,0,20
2016-06-21 22:19:20,0,20
2016-06-21 22:39:28,0,20
2016-06-21 22:49:32,0,20
2016-06-21 22:59:36,0,20
2016-06-21 23:09:41,0,20
2016-06-21 23:33:59,2,18
2016-06-21 23:44:04,2,18
2016-06-21 23:54:09,2,18
2016-06-22 00:04:14,2,18
2016-06-22 00:14:19,2,18
2016-06-22 00:23:19,3,17
2016-06-22 01:23:44,3,17
2016-06-22 01:33:47,3,17
2016-06-22 01:43:52,3,17
2016-06-22 02:04:02,3,17
2016-06-22 02:11:50,4,16
2016-06-22 02:31:58,4,16
2016-06-22 02:34:12,4,16
2016-06-22 02:44:36,6,14
2016-06-22 03:14:47,6,14
2016-06-22 03:16:41,8,12
2016-06-22 03:19:14,10,10
2016-06-22 03:29:18,10,10
2016-06-22 03:34:46,11,9
2016-06-22 03:37:21,13,7
2016-06-22 03:40:02,14,6
2016-06-22 03:41:52,16,4
2016-06-22 03:51:56,16,4
2016-06-22 03:53:30,17,3
2016-06-22 04:03:34,17,3
2016-06-22 04:13:39,17,3
2016-06-22 04:23:38,17,3
2016-06-22 04:33:43,17,3
2016-06-22 04:43:47,17,3
2016-06-22 04:53:52,17,3
2016-06-22 05:03:56,17,3
2016-06-22 05:13:59,17,3
2016-06-22 05:14:40,18,2
2016-06-22 05:20:28,20,0
2016-06-22 05:30:32,20,0
2016-06-22 05:36:01,12,8
2016-06-22 05:46:06,12,8
2016-06-22 05:56:10,12,8
2016-06-22 06:06:16,12,8
2016-06-22 06:16:21,12,8
2016-06-22 06:26:26,12,8
2016-06-22 06:36:31,12,8
2016-06-22 06:46:36,12,8
2016-06-22 06:56:40,12,8
2016-06-22 07:06:45,12,8
2016-06-22 07:17:51,11,9
2016-06-22 07:27:55,11,9
2016-06-22 07:35:54,10,10
2016-06-22 07:47:43,11,9
2016-06-22 07:52:47,11,9
2016-06-22 08:00:40,12,8
2016-06-22 08:12:04,13,7
2016-06-22 08:12:43,12,8
2016-06-22 08:22:47,12,8
2016-06-22 08:24:56,12,8
2016-06-22 08:34:53,13,7
2016-06-22 08:53:01,14,6
2016-06-22 09:03:06,14,6
2016-06-22 09:13:10,14,6
2016-06-22 09:20:05,14,6
2016-06-22 09:20:48,13,7
2016-06-22 09:36:11,12,8
2016-06-22 09:46:15,12,8
2016-06-22 09:56:20,12,8
2016-06-22 10:16:30,12,8
2016-06-22 10:23:27,11,9
2016-06-22 10:33:33,11,9
2016-06-22 10:54:11,11,9
2016-06-22 11:14:24,10,10
2016-06-22 11:26:43,10,10
2016-06-22 11:36:47,10,10
2016-06-22 11:45:36,11,9
2016-06-22 11:55:41,11,9
2016-06-22 12:11:53,11,9
2016-06-22 12:12:26,10,10
2016-06-22 12:21:12,11,9
2016-06-22 12:27:56,11,9
2016-06-22 12:48:04,11,9
2016-06-22 12:58:09,11,9
2016-06-22 13:08:14,11,9
2016-06-22 13:18:18,11,9
2016-06-22 13:28:22,11,9
2016-06-22 13:39:41,12,8
2016-06-22 13:49:46,12,8
2016-06-22 13:59:50,12,8
2016-06-22 14:40:23,14,6
2016-06-22 14:50:27,14,6
2016-06-22 15:00:32,14,6
2016-06-22 15:19:35,14,6
2016-06-22 15:20:53,15,5
2016-06-22 15:30:58,15,5
2016-06-22 15:41:03,15,5
2016-06-22 15:51:08,15,5
2016-06-22 16:11:18,15,5
2016-06-22 16:21:23,15,5
2016-06-22 16:31:50,15,5
2016-06-22 16:32:17,14,6
2016-06-22 16:34:51,15,5
2016-06-22 16:44:56,15,5
2016-06-22 16:50:06,14,6
2016-06-22 16:50:39,13,7
2016-06-22 17:00:43,13,7
2016-06-22 17:09:58,13,7
2016-06-22 17:10:58,13,7
2016-06-22 17:15:09,13,7
2016-06-22 17:23:56,14,6
2016-06-22 17:33:41,13,7
2016-06-22 17:35:07,12,8
2016-06-22 17:45:10,12,8
2016-06-22 17:55:14,12,8
2016-06-22 17:59:49,11,9
2016-06-22 18:09:52,11,9
2016-06-22 18:19:56,11,9
2016-06-22 18:22:44,12,8
2016-06-22 18:25:55,12,8
2016-06-22 18:26:19,11,9
2016-06-22 18:46:26,11,9
2016-06-22 18:49:56,10,10
2016-06-22 19:00:06,11,9
2016-06-22 19:03:54,12,8
2016-06-22 19:13:57,12,8
2016-06-22 19:20:49,11,9
2016-06-22 19:33:24,10,10
2016-06-22 19:48:25,9,11
2016-06-22 19:58:37,8,12
2016-06-22 20:01:58,8,12
2016-06-22 20:13:06,7,13
2016-06-22 20:14:21,8,12
2016-06-22 20:24:24,8,12
2016-06-22 20:34:28,8,12
2016-06-22 20:44:32,8,12
2016-06-22 21:00:09,9,11
2016-06-22 21:19:45,8,12
2016-06-22 21:20:14,7,13
2016-06-22 21:35:00,6,14
2016-06-22 21:42:04,5,15
2016-06-22 22:01:42,4,16
2016-06-22 22:07:53,3,17
2016-06-22 22:13:44,4,16
2016-06-22 22:23:47,4,16
2016-06-22 22:33:09,3,17
2016-06-22 22:43:12,3,17
2016-06-22 22:45:19,2,18
2016-06-22 22:57:05,3,17
2016-06-22 23:07:09,3,17
2016-06-22 23:27:44,3,17
2016-06-22 23:29:59,2,18
2016-06-22 23:32:10,1,19
2016-06-22 23:32:56,0,20
2016-06-22 23:42:59,0,20
2016-06-22 23:53:03,0,20
2016-06-23 00:03:06,0,20
2016-06-23 00:13:10,0,20
2016-06-23 00:23:14,0,20
2016-06-23 00:33:18,0,20
2016-06-23 00:43:21,0,20
2016-06-23 00:53:25,0,20
2016-06-23 01:03:29,0,20
2016-06-23 01:13:33,0,20
2016-06-23 01:23:36,0,20
2016-06-23 01:30:11,3,17
2016-06-23 01:37:44,2,18
2016-06-23 01:38:59,1,19
2016-06-23 01:50:10,4,16
2016-06-23 01:52:06,4,16
2016-06-23 01:52:23,4,16
2016-06-23 01:55:19,7,13
2016-06-23 02:05:22,7,13
2016-06-23 02:08:48,8,12
2016-06-23 02:18:51,8,12
2016-06-23 02:28:55,8,12
2016-06-23 02:38:59,8,12
2016-06-23 02:59:06,8,12
2016-06-23 03:09:10,8,12
2016-06-23 03:19:14,8,12
2016-06-23 03:29:18,8,12
2016-06-23 03:39:21,8,12
2016-06-23 03:43:32,10,10
2016-06-23 03:53:35,10,10
2016-06-23 04:03:39,10,10
2016-06-23 04:13:42,10,10
2016-06-23 04:19:44,10,10
2016-06-23 04:29:47,10,10
2016-06-23 04:33:38,9,11
2016-06-23 04:43:41,9,11
2016-06-23 04:46:59,8,12
2016-06-23 04:50:10,6,14
2016-06-23 05:00:14,6,14
2016-06-23 05:10:17,6,14
2016-06-23 05:20:20,6,14
2016-06-23 05:30:24,6,14
2016-06-23 05:40:27,6,14
2016-06-23 05:50:30,6,14
2016-06-23 06:00:34,6,14
2016-06-23 06:10:38,6,14
2016-06-23 06:20:41,6,14
2016-06-23 06:30:45,6,14
2016-06-23 06:40:49,6,14
2016-06-23 06:50:53,6,14
2016-06-23 07:00:56,6,14
2016-06-23 07:10:59,6,14
2016-06-23 07:19:33,7,13
2016-06-23 07:20:57,6,14
2016-06-23 07:52:41,5,15
2016-06-23 08:02:45,5,15
2016-06-23 08:12:48,5,15
2016-06-23 08:18:01,6,14
2016-06-23 08:22:34,7,13
2016-06-23 08:27:56,6,14
2016-06-23 08:38:00,6,14
2016-06-23 08:46:54,5,15
2016-06-23 08:54:53,6,14
2016-06-23 09:03:36,6,14
2016-06-23 09:33:48,6,14
2016-06-23 09:43:51,6,14
2016-06-23 09:48:06,5,15
2016-06-23 09:58:10,5,15
2016-06-23 10:14:53,6,14
2016-06-23 10:24:57,6,14
2016-06-23 10:35:01,6,14
2016-06-23 10:56:16,7,13
2016-06-23 11:11:55,5,15
2016-06-23 11:21:58,5,15
2016-06-23 11:32:02,5,15
2016-06-23 11:52:10,5,15
2016-06-23 12:01:15,5,15
2016-06-23 12:05:52,4,16
2016-06-23 12:08:24,3,17
2016-06-23 12:17:19,2,18
2016-06-23 12:23:51,2,18
2016-06-23 12:24:21,1,19
2016-06-23 12:35:03,0,20
2016-06-23 12:45:07,0,20
2016-06-23 12:46:52,1,19
2016-06-23 12:56:55,1,19
2016-06-23 13:01:56,2,18
2016-06-23 13:11:59,2,18
2016-06-23 13:17:31,1,19
2016-06-23 13:27:34,1,19
2016-06-23 13:41:35,2,18
2016-06-23 14:11:17,3,17
2016-06-23 14:21:21,3,17
2016-06-23 14:31:24,3,17
2016-06-23 14:41:28,3,17
2016-06-23 14:51:32,3,17
2016-06-23 14:53:01,4,16
2016-06-23 15:03:04,4,16
2016-06-23 15:06:11,4,16
2016-06-23 15:06:13,3,17
2016-06-23 15:16:16,3,17
2016-06-23 15:23:30,4,16
2016-06-23 15:33:33,4,16
2016-06-23 15:53:40,4,16
2016-06-23 16:03:44,4,16
2016-06-23 16:23:51,4,16
2016-06-23 16:33:55,4,16
2016-06-23 16:50:55,3,17
2016-06-23 16:53:29,4,16
2016-06-23 17:03:32,4,16
2016-06-23 17:14:02,4,16
2016-06-23 17:14:23,3,17
2016-06-23 17:24:27,3,17
2016-06-23 17:34:31,3,17
2016-06-23 17:37:47,3,17
2016-06-23 17:38:19,2,18
2016-06-23 17:48:23,2,18
2016-06-23 17:58:26,2,18
2016-06-23 18:08:30,2,18
2016-06-23 18:18:33,2,18
2016-06-23 18:22:52,3,17
2016-06-23 18:32:55,3,17
2016-06-23 18:39:47,6,14
2016-06-23 18:44:04,6,14
2016-06-23 18:44:40,7,13
2016-06-23 18:49:05,8,12
2016-06-23 18:53:25,9,11
2016-06-23 18:58:09,10,10
2016-06-23 18:59:00,9,11
2016-06-23 19:08:09,9,11
2016-06-23 19:10:07,9,11
2016-06-23 19:18:05,9,11
2016-06-23 19:18:27,8,12
2016-06-23 19:20:45,9,11
2016-06-23 19:25:41,9,11
2016-06-23 19:40:17,9,11
2016-06-23 19:50:20,9,11
2016-06-23 20:02:09,10,10
2016-06-23 20:02:30,10,10
2016-06-23 20:22:37,10,10
2016-06-23 20:36:06,11,9
2016-06-23 20:36:27,11,9
2016-06-23 20:46:31,11,9
2016-06-23 20:55:40,12,8
2016-06-23 21:05:43,12,8
2016-06-23 21:12:11,12,8
2016-06-23 21:12:37,11,9
2016-06-23 21:22:40,11,9
2016-06-23 21:32:44,11,9
2016-06-23 21:52:51,11,9
2016-06-23 22:02:55,11,9
2016-06-23 22:12:59,11,9
2016-06-23 22:23:03,11,9
2016-06-23 22:30:50,12,8
2016-06-23 22:35:49,13,7
2016-06-23 22:38:43,14,6
2016-06-23 22:42:56,16,4
2016-06-23 22:53:00,16,4
2016-06-23 23:03:04,16,4
2016-06-23 23:13:07,16,4
2016-06-23 23:23:23,17,3
2016-06-23 23:33:26,17,3
2016-06-23 23:43:30,17,3
2016-06-23 23:48:30,18,2
2016-06-23 23:58:34,18,2
2016-06-24 00:08:37,18,2
2016-06-24 00:18:41,18,2
2016-06-24 00:34:01,18,2
2016-06-24 00:34:37,17,3
2016-06-24 00:41:02,18,2
2016-06-24 00:51:05,18,2
2016-06-24 00:53:35,19,1
2016-06-24 01:03:39,19,1
2016-06-24 01:09:57,20,0
2016-06-24 01:30:15,20,0
2016-06-24 01:51:52,20,0
2016-06-24 01:52:14,19,1
2016-06-24 02:02:17,19,1
2016-06-24 02:12:11,19,1
2016-06-24 02:22:52,20,0
2016-06-24 02:26:05,18,2
2016-06-24 02:36:08,18,2
2016-06-24 02:46:11,18,2
2016-06-24 02:48:29,19,1
2016-06-24 02:59:19,20,0
2016-06-24 03:09:23,20,0
2016-06-24 03:19:26,20,0
2016-06-24 03:26:56,19,1
2016-06-24 05:12:28,20,0
2016-06-24 05:22:31,20,0
2016-06-24 05:32:12,14,6
2016-06-24 05:42:16,14,6
2016-06-24 05:52:19,14,6
2016-06-24 06:02:23,14,6
2016-06-24 06:12:26,14,6
2016-06-24 06:22:30,14,6
2016-06-24 06:32:34,14,6
2016-06-24 06:42:37,14,6
2016-06-24 06:52:41,14,6
2016-06-24 07:02:24,15,5
2016-06-24 07:12:27,15,5
2016-06-24 07:17:41,14,6
2016-06-24 07:27:45,14,6
2016-06-24 07:38:50,14,6
2016-06-24 07:53:57,14,6
2016-06-24 07:55:06,13,7
2016-06-24 08:05:10,13,7
2016-06-24 08:23:10,14,6
2016-06-24 08:25:01,15,5
2016-06-24 08:35:05,15,5
2016-06-24 08:43:53,15,5
2016-06-24 08:47:41,15,5
2016-06-24 09:01:24,12,8
2016-06-24 09:11:27,12,8
2016-06-24 09:21:30,12,8
2016-06-24 09:31:34,12,8
2016-06-24 09:41:38,12,8
2016-06-24 10:11:49,12,8
2016-06-24 10:26:48,13,7
2016-06-24 10:36:52,13,7
2016-06-24 10:46:56,13,7
2016-06-24 10:56:59,13,7
2016-06-24 11:07:03,13,7
2016-06-24 11:17:07,13,7
2016-06-24 11:27:11,13,7
2016-06-24 12:15:48,13,7
2016-06-24 12:23:44,13,7
2016-06-24 12:24:21,12,8
2016-06-24 12:41:02,12,8
2016-06-24 12:51:06,12,8
2016-06-24 13:09:37,13,7
2016-06-24 13:19:41,13,7
2016-06-24 13:29:45,13,7
2016-06-24 13:39:37,12,8
2016-06-24 13:49:40,12,8
2016-06-24 13:59:44,12,8
2016-06-24 14:09:48,12,8
2016-06-24 14:20:55,13,7
2016-06-24 14:41:02,13,7
2016-06-24 14:47:05,12,8
2016-06-24 14:57:08,12,8
2016-06-24 15:07:12,12,8
2016-06-24 15:17:15,12,8
2016-06-24 15:27:19,12,8
2016-06-24 15:37:23,12,8
2016-06-24 15:46:40,14,6
2016-06-24 15:58:02,15,5
2016-06-24 16:05:54,13,7
2016-06-24 16:15:57,13,7
2016-06-24 16:19:44,12,8
2016-06-24 16:45:09,11,9
2016-06-24 16:45:16,12,8
2016-06-24 16:48:00,11,9
2016-06-24 16:53:31,10,10
2016-06-24 17:21:12,11,9
2016-06-24 17:30:08,12,8
2016-06-24 17:41:42,12,8
2016-06-24 17:43:38,11,8
2016-06-24 17:45:00,10,9
2016-06-24 17:55:04,11,9
2016-06-24 17:58:31,12,8
2016-06-24 18:10:59,12,8
2016-06-24 18:13:35,11,9
2016-06-24 18:23:27,10,10
2016-06-24 18:33:32,10,10
2016-06-24 18:43:36,10,10
2016-06-24 18:49:39,11,9
2016-06-24 18:50:38,11,9
2016-06-24 18:55:04,10,10
2016-06-24 19:05:08,10,10
2016-06-24 19:15:13,10,10
2016-06-24 19:19:49,9,11
2016-06-24 19:29:54,9,11
2016-06-24 19:31:56,10,10
2016-06-24 19:41:28,9,11
2016-06-24 19:51:53,8,12
2016-06-24 19:59:55,8,12
2016-06-24 20:00:23,7,13
2016-06-24 20:10:27,7,13
2016-06-24 20:12:33,8,12
2016-06-24 20:15:23,9,11
2016-06-24 20:25:27,9,11
2016-06-24 20:33:50,9,11
2016-06-24 20:34:20,8,12
2016-06-24 20:44:24,8,12
2016-06-24 20:54:29,8,12
2016-06-24 21:03:20,7,13
2016-06-24 21:14:56,5,15
2016-06-24 22:05:18,5,15
2016-06-24 22:15:22,5,15
2016-06-24 22:25:27,5,15
2016-06-24 22:35:33,5,15
2016-06-24 22:45:37,5,15
2016-06-24 22:55:41,5,15
2016-06-24 23:05:45,5,15
2016-06-24 23:15:49,5,15
2016-06-24 23:25:53,5,15
2016-06-24 23:35:56,5,15
2016-06-24 23:46:00,5,15
2016-06-24 23:56:04,5,15
2016-06-25 00:06:07,5,15
2016-06-25 00:16:11,5,15
2016-06-25 00:24:08,6,14
2016-06-25 00:34:12,6,14
2016-06-25 00:44:16,6,14
2016-06-25 00:52:00,7,13
2016-06-25 01:02:04,7,13
2016-06-25 01:12:09,7,13
2016-06-25 01:22:14,7,13
2016-06-25 01:34:29,9,11
2016-06-25 01:54:39,9,11
2016-06-25 02:14:48,9,11
2016-06-25 02:20:08,10,10
2016-06-25 02:40:17,10,10
2016-06-25 02:50:22,10,10
2016-06-25 03:06:43,11,9
2016-06-25 03:16:47,11,9
2016-06-25 03:26:52,11,9
2016-06-25 03:31:02,12,8
2016-06-25 03:36:07,12,8
2016-06-25 03:46:11,12,8
2016-06-25 03:48:41,14,6
2016-06-25 03:58:46,14,6
2016-06-25 04:15:45,15,5
2016-06-25 04:23:42,15,5
2016-06-25 04:28:40,17,3
2016-06-25 04:34:00,17,3
2016-06-25 04:34:57,15,5
2016-06-25 04:45:02,15,5
2016-06-25 04:55:07,15,5
2016-06-25 05:05:12,15,5
2016-06-25 05:15:17,15,5
2016-06-25 05:25:22,15,5
2016-06-25 05:35:27,15,5
2016-06-25 05:45:32,15,5
2016-06-25 05:55:37,15,5
2016-06-25 06:05:41,15,5
2016-06-25 06:15:45,15,5
2016-06-25 06:25:50,15,5
2016-06-25 06:35:55,15,5
2016-06-25 06:39:03,14,6
2016-06-25 06:49:07,14,6
2016-06-25 06:59:13,14,6
2016-06-25 07:09:17,14,6
2016-06-25 07:19:22,14,6
2016-06-25 07:29:27,14,6
2016-06-25 07:35:34,15,5
2016-06-25 07:45:39,15,5
2016-06-25 07:55:44,15,5
2016-06-25 08:05:48,15,5
2016-06-25 08:15:53,15,5
2016-06-25 08:36:04,15,5
2016-06-25 08:46:09,15,5
2016-06-25 08:56:13,15,5
2016-06-25 09:06:18,15,5
2016-06-25 09:16:21,15,5
2016-06-25 09:46:34,15,5
2016-06-25 09:56:38,15,5
2016-06-25 10:06:43,15,5
2016-06-25 10:16:47,15,5
2016-06-25 10:26:52,15,5
2016-06-25 10:36:55,15,5
2016-06-25 10:47:00,15,5
2016-06-25 10:57:05,15,5
2016-06-25 11:07:10,15,5
2016-06-25 11:17:15,15,5
2016-06-25 11:28:24,14,6
2016-06-25 11:48:32,14,6
2016-06-25 12:00:22,15,5
2016-06-25 12:10:27,15,5
2016-06-25 12:20:32,15,5
2016-06-25 12:30:37,15,5
2016-06-25 12:37:01,14,6
2016-06-25 12:41:12,14,6
2016-06-25 12:51:17,14,6
2016-06-25 13:01:22,14,6
2016-06-25 13:11:04,14,6
2016-06-25 13:19:40,13,7
2016-06-25 13:21:53,12,8
2016-06-25 13:51:23,11,9
2016-06-25 13:53:17,10,10
2016-06-25 13:54:53,9,11
2016-06-25 14:04:57,9,11
2016-06-25 14:15:02,9,11
2016-06-25 14:25:07,9,11
2016-06-25 14:35:40,9,11
2016-06-25 14:37:58,7,13
2016-06-25 14:49:23,7,13
2016-06-25 14:59:27,7,13
2016-06-25 15:05:20,8,12
2016-06-25 15:15:25,8,12
2016-06-25 15:25:30,8,12
2016-06-25 15:35:35,8,12
2016-06-25 15:45:40,8,12
2016-06-25 15:55:44,8,12
2016-06-25 16:05:49,8,12
2016-06-25 16:11:55,8,12
2016-06-25 16:12:26,7,13
2016-06-25 16:22:30,7,13
2016-06-25 16:26:11,6,14
2016-06-25 16:36:15,6,14
2016-06-25 16:46:06,6,14
2016-06-25 16:46:41,5,15
2016-06-25 16:56:46,5,15
2016-06-25 17:30:33,7,13
2016-06-25 17:40:36,7,13
2016-06-25 17:50:40,7,13
2016-06-25 18:00:43,7,13
2016-06-25 18:10:47,7,13
2016-06-25 18:20:50,7,13
2016-06-25 18:28:21,9,11
2016-06-25 18:38:25,9,11
2016-06-25 18:48:29,9,11
2016-06-25 18:58:32,9,11
2016-06-25 19:08:42,8,12
2016-06-25 19:18:46,8,12
2016-06-25 19:28:50,8,12
2016-06-25 19:33:13,9,11
2016-06-25 19:43:17,9,11
2016-06-25 19:53:21,9,11
2016-06-25 20:00:19,10,10
2016-06-25 20:10:22,10,10
2016-06-25 20:21:31,11,9
2016-06-25 20:31:34,11,9
2016-06-25 20:41:38,11,9
2016-06-25 20:44:43,10,10
2016-06-25 20:50:52,10,10
2016-06-25 21:00:55,10,10
2016-06-25 21:10:59,10,10
2016-06-25 21:21:02,10,10
2016-06-25 21:28:58,9,11
2016-06-25 21:39:02,9,11
2016-06-25 21:49:05,9,11
2016-06-25 21:59:09,9,11
2016-06-25 22:09:13,9,11
2016-06-25 22:19:17,9,11
2016-06-25 22:29:20,9,11
2016-06-25 22:39:24,9,11
2016-06-25 22:49:27,9,11
2016-06-25 22:59:30,9,11
2016-06-25 23:09:34,9,11
2016-06-25 23:19:38,9,11
2016-06-25 23:29:42,9,11
2016-06-25 23:39:45,9,11
2016-06-25 23:59:50,9,11
2016-06-26 00:04:52,8,12
2016-06-26 00:14:56,8,12
2016-06-26 00:24:59,8,12
2016-06-26 00:35:03,8,12
2016-06-26 00:45:07,8,12
2016-06-26 00:55:11,8,12
2016-06-26 00:55:22,9,11
2016-06-26 01:05:24,9,11
2016-06-26 01:09:08,10,10
2016-06-26 01:19:11,10,10
2016-06-26 01:29:15,10,10
2016-06-26 01:39:18,10,10
2016-06-26 01:49:21,10,10
2016-06-26 01:59:25,10,10
2016-06-26 02:09:28,10,10
2016-06-26 02:16:59,11,9
2016-06-26 02:27:02,11,9
2016-06-26 02:37:06,11,9
2016-06-26 02:47:10,11,9
2016-06-26 02:57:13,11,9
2016-06-26 03:07:17,11,9
2016-06-26 03:17:21,11,9
2016-06-26 03:27:24,11,9
2016-06-26 03:37:28,11,9
2016-06-26 03:57:35,11,9
2016-06-26 04:07:39,11,9
2016-06-26 04:22:11,11,9
2016-06-26 04:32:02,10,10
2016-06-26 06:25:37,9,11
2016-06-26 07:36:04,9,11
2016-06-26 07:46:07,9,11
2016-06-26 07:56:11,9,11
2016-06-26 08:06:15,9,11
2016-06-26 08:16:19,9,11
2016-06-26 08:26:22,9,11
2016-06-26 08:36:26,9,11
2016-06-26 08:46:30,9,11
2016-06-26 08:56:34,9,11
2016-06-26 08:59:25,8,12
2016-06-26 09:08:22,9,11
2016-06-26 09:18:26,9,11
2016-06-26 09:28:30,9,11
2016-06-26 09:38:34,9,11
2016-06-26 09:48:37,9,11
2016-06-26 10:05:57,8,12
2016-06-26 10:39:50,8,12
2016-06-26 10:41:20,8,12
2016-06-26 10:42:52,7,13
2016-06-26 10:52:56,7,13
2016-06-26 10:59:50,6,14
2016-06-26 11:09:53,6,14
2016-06-26 11:19:57,6,14
2016-06-26 11:58:50,5,15
2016-06-26 12:08:53,5,15
2016-06-26 12:15:18,6,14
2016-06-26 12:25:22,6,14
2016-06-26 12:32:37,7,13
2016-06-26 12:42:40,7,13
2016-06-26 12:48:49,6,14
2016-06-26 12:59:38,7,13
2016-06-26 13:06:04,7,13
2016-06-26 13:33:42,4,16
2016-06-26 13:40:11,5,15
2016-06-26 13:40:27,5,15
2016-06-26 13:43:40,4,16
2016-06-26 13:53:43,4,16
2016-06-26 14:03:47,4,16
2016-06-26 14:05:09,3,17
2016-06-26 14:25:15,3,17
2016-06-26 14:27:51,2,18
2016-06-26 14:28:20,1,19
2016-06-26 14:31:16,0,20
2016-06-26 14:41:19,0,20
2016-06-26 14:51:23,0,20
2016-06-26 15:11:31,0,20
2016-06-26 15:35:39,1,19
2016-06-26 15:45:42,1,19
2016-06-26 15:55:46,1,19
2016-06-26 16:05:49,1,19
2016-06-26 16:15:53,1,19
2016-06-26 16:25:57,1,19
2016-06-26 16:36:01,1,19
2016-06-26 17:59:23,1,19
2016-06-26 18:04:02,0,20
2016-06-26 18:05:32,1,19
2016-06-26 18:15:35,1,19
2016-06-26 18:20:55,0,20
2016-06-26 18:37:31,0,20
2016-06-26 18:47:34,0,20
2016-06-26 18:57:38,0,20
2016-06-26 19:05:57,1,19
2016-06-26 19:20:54,2,18
2016-06-26 19:30:58,2,18
2016-06-26 19:41:01,2,18
2016-06-26 19:51:05,2,18
2016-06-26 20:01:09,2,18
2016-06-26 20:10:11,2,18
2016-06-26 21:08:11,3,17
2016-06-26 21:18:04,0,20
2016-06-26 21:18:54,0,20
2016-06-26 21:28:58,0,20
2016-06-26 21:39:01,0,20
2016-06-26 21:49:05,0,20
2016-06-26 22:09:12,0,20
2016-06-26 22:15:06,1,19
2016-06-26 22:25:09,1,19
2016-06-26 22:28:43,2,18
2016-06-26 22:38:46,2,18
2016-06-26 22:48:50,2,18
2016-06-26 23:08:57,2,18
2016-06-26 23:19:01,2,18
2016-06-26 23:33:31,3,17
2016-06-26 23:43:34,3,17
2016-06-26 23:44:53,4,16
2016-06-26 23:54:56,4,16
2016-06-27 00:05:00,4,16
2016-06-27 00:15:03,4,16
2016-06-27 00:25:07,4,16
2016-06-27 00:32:00,5,15
2016-06-27 00:42:04,5,15
2016-06-27 00:52:08,5,15
2016-06-27 01:02:11,5,15
2016-06-27 01:12:15,5,15
2016-06-27 01:22:29,5,15
2016-06-27 01:26:20,6,14
2016-06-27 01:29:25,7,13
2016-06-27 01:39:06,8,12
2016-06-27 01:49:09,8,12
2016-06-27 01:59:12,8,12
2016-06-27 02:09:16,8,12
2016-06-27 02:19:20,8,12
2016-06-27 02:29:24,8,12
2016-06-27 02:39:28,8,12
2016-06-27 02:49:31,8,12
2016-06-27 02:59:35,8,12
2016-06-27 03:09:39,8,12
2016-06-27 03:19:43,8,12
2016-06-27 03:29:46,8,12
2016-06-27 03:39:50,8,12
2016-06-27 03:49:54,8,12
2016-06-27 03:59:57,8,12
2016-06-27 04:10:01,8,12
2016-06-27 04:29:46,8,12
2016-06-27 04:30:34,7,13
2016-06-27 04:40:38,7,13
2016-06-27 04:50:42,7,13
2016-06-27 05:00:46,7,13
2016-06-27 05:10:50,7,13
2016-06-27 05:20:53,7,13
2016-06-27 05:30:57,7,13
2016-06-27 05:41:01,7,13
2016-06-27 05:51:36,6,14
2016-06-27 06:01:40,6,14
2016-06-27 06:11:44,6,14
2016-06-27 06:21:48,6,14
2016-06-27 06:31:52,6,14
2016-06-27 06:41:55,6,14
2016-06-27 06:51:58,6,14
2016-06-27 06:59:35,7,13
2016-06-27 07:09:39,7,13
2016-06-27 07:19:55,7,13
2016-06-27 07:23:49,7,13
2016-06-27 07:24:15,6,14
2016-06-27 07:56:01,6,14
2016-06-27 07:57:25,5,15
2016-06-27 08:07:28,5,15
2016-06-27 08:17:32,5,15
2016-06-27 08:18:53,6,14
2016-06-27 08:21:50,6,14
2016-06-27 08:22:22,5,15
2016-06-27 08:32:25,5,15
2016-06-27 08:49:57,3,17
2016-06-27 09:00:01,3,17
2016-06-27 09:06:56,4,16
2016-06-27 09:17:00,4,16
2016-06-27 09:22:08,3,17
2016-06-27 09:32:11,3,17
2016-06-27 09:40:03,4,16
2016-06-27 09:42:39,5,15
2016-06-27 09:52:58,4,16
2016-06-27 10:03:43,3,17
2016-06-27 10:13:46,3,17
2016-06-27 10:23:50,3,17
2016-06-27 10:33:54,3,17
2016-06-27 10:43:57,3,17
2016-06-27 10:54:01,3,17
2016-06-27 11:14:09,3,17
2016-06-27 11:24:12,3,17
2016-06-27 11:34:16,3,17
2016-06-27 11:44:20,3,17
2016-06-27 11:54:24,3,17
2016-06-27 12:07:49,2,17
2016-06-27 12:17:52,2,17
2016-06-27 12:35:41,1,18
2016-06-27 12:45:45,1,18
2016-06-27 12:55:49,1,18
2016-06-27 13:10:48,2,17
2016-06-27 13:31:00,2,17
2016-06-27 14:06:15,3,16
2016-06-27 14:14:53,2,17
2016-06-27 14:24:58,2,17
2016-06-27 14:28:58,3,16
2016-06-27 14:32:14,4,15
2016-06-27 14:42:18,4,15
2016-06-27 14:49:46,4,15
2016-06-27 14:50:46,2,17
2016-06-27 15:00:50,2,17
2016-06-27 15:10:54,2,17
2016-06-27 15:20:57,2,17
2016-06-27 15:31:01,2,17
2016-06-27 15:41:05,2,17
2016-06-27 15:51:09,2,17
2016-06-27 15:54:10,2,17
2016-06-27 15:55:20,0,19
2016-06-27 15:59:28,1,18
2016-06-27 16:09:31,1,18
2016-06-27 16:25:35,1,18
2016-06-27 16:35:38,1,18
2016-06-27 16:44:11,0,19
2016-06-27 16:46:18,0,19
2016-06-27 16:56:21,0,19
2016-06-27 17:22:13,0,19
2016-06-27 17:32:17,0,19
2016-06-27 17:42:21,0,19
2016-06-27 17:51:04,0,19
2016-06-27 17:52:54,1,18
2016-06-27 17:55:32,0,19
2016-06-27 18:05:35,0,19
2016-06-27 18:15:39,0,19
2016-06-27 18:20:50,0,19
2016-06-27 18:23:12,0,19
2016-06-27 18:30:30,0,19
2016-06-27 18:59:30,1,18
2016-06-27 19:08:38,0,19
2016-06-27 19:16:18,0,19
2016-06-27 19:26:09,0,19
2016-06-27 19:30:14,1,18
2016-06-27 19:55:21,1,18
2016-06-27 20:05:25,1,18
2016-06-27 20:15:29,1,18
2016-06-27 20:25:33,1,18
2016-06-27 20:35:37,1,18
2016-06-27 20:45:40,1,18
2016-06-27 20:55:44,1,18
2016-06-27 21:01:48,0,19
2016-06-27 21:07:23,1,18
2016-06-27 21:17:26,1,18
2016-06-27 21:27:30,1,18
2016-06-27 21:38:12,0,19
2016-06-27 21:48:17,0,19
2016-06-27 21:58:29,1,18
2016-06-27 22:00:30,2,17
2016-06-27 22:09:44,1,18
2016-06-27 22:19:58,1,18
2016-06-27 22:30:02,1,18
2016-06-27 22:40:05,1,18
2016-06-27 22:50:09,1,18
2016-06-27 23:00:13,1,18
2016-06-27 23:05:14,2,17
2016-06-27 23:11:58,1,18
2016-06-27 23:22:02,1,18
2016-06-27 23:23:20,2,17
2016-06-27 23:33:23,2,17
2016-06-27 23:53:30,2,17
2016-06-28 00:03:34,2,17
2016-06-28 00:05:51,3,16
2016-06-28 00:15:55,3,16
2016-06-28 00:25:58,3,16
2016-06-28 00:28:42,2,17
2016-06-28 00:38:45,2,17
2016-06-28 00:48:49,2,17
2016-06-28 00:50:24,3,16
2016-06-28 01:00:28,3,16
2016-06-28 01:04:56,5,14
2016-06-28 01:14:59,5,14
2016-06-28 01:25:03,5,14
2016-06-28 01:35:07,5,14
2016-06-28 01:45:10,5,14
2016-06-28 01:51:45,8,11
2016-06-28 01:53:48,8,11
2016-06-28 02:03:52,8,11
2016-06-28 02:13:56,8,11
2016-06-28 02:24:00,8,11
2016-06-28 02:34:04,8,11
2016-06-28 02:44:07,8,11
2016-06-28 02:54:11,8,11
2016-06-28 03:24:22,8,11
2016-06-28 03:34:26,8,11
2016-06-28 03:49:00,7,12
2016-06-28 03:59:04,7,12
2016-06-28 04:09:08,7,12
2016-06-28 04:19:57,7,12
2016-06-28 04:30:01,7,12
2016-06-28 04:40:05,7,12
2016-06-28 04:50:08,7,12
2016-06-28 05:00:12,7,12
2016-06-28 05:10:15,7,12
2016-06-28 05:20:19,7,12
2016-06-28 05:30:22,7,12
2016-06-28 05:40:26,7,12
2016-06-28 05:50:30,7,12
2016-06-28 06:00:33,7,12
2016-06-28 06:10:59,8,11
2016-06-28 06:21:02,8,11
2016-06-28 06:31:06,8,11
2016-06-28 06:41:09,8,11
2016-06-28 06:43:58,8,11
2016-06-28 06:44:30,8,12
2016-06-28 06:54:34,8,12
2016-06-28 07:02:03,9,11
2016-06-28 07:12:07,9,11
2016-06-28 07:14:45,8,12
2016-06-28 07:18:25,7,13
2016-06-28 07:28:46,6,14
2016-06-28 07:38:50,6,14
2016-06-28 07:48:54,6,14
2016-06-28 07:52:07,6,14
2016-06-28 07:52:34,5,15
2016-06-28 08:02:37,5,15
2016-06-28 08:12:41,5,15
2016-06-28 08:22:01,5,15
2016-06-28 08:23:29,5,15
2016-06-28 08:33:32,5,15
2016-06-28 08:43:19,5,15
2016-06-28 08:54:19,6,14
2016-06-28 09:13:58,7,13
2016-06-28 09:22:50,8,12
2016-06-28 09:27:58,7,13
2016-06-28 09:51:37,8,12
2016-06-28 10:00:18,9,11
2016-06-28 10:03:10,10,10
2016-06-28 10:13:14,10,10
2016-06-28 10:33:07,9,11
2016-06-28 10:43:11,9,11
2016-06-28 10:53:15,9,11
2016-06-28 11:15:44,7,13
2016-06-28 11:25:47,7,13
2016-06-28 11:35:51,7,13
2016-06-28 11:45:54,7,13
2016-06-28 11:46:46,6,14
2016-06-28 11:55:40,5,15
2016-06-28 12:05:09,6,14
2016-06-28 12:15:13,6,14
2016-06-28 12:25:16,6,14
2016-06-28 12:35:21,6,14
2016-06-28 12:39:59,6,14
2016-06-28 12:42:34,4,16
2016-06-28 12:52:37,4,16
2016-06-28 13:02:41,4,16
2016-06-28 13:12:45,4,16
2016-06-28 13:22:48,4,16
2016-06-28 13:32:52,4,16
2016-06-28 13:40:26,5,15
2016-06-28 13:50:30,5,15
2016-06-28 13:58:10,4,16
2016-06-28 14:08:13,4,16
2016-06-28 14:18:17,4,16
2016-06-28 14:26:20,5,15
2016-06-28 14:36:24,5,15
2016-06-28 14:44:12,6,14
2016-06-28 14:47:27,5,15
2016-06-28 14:57:30,5,15
2016-06-28 15:07:34,5,15
2016-06-28 15:17:38,5,15
2016-06-28 15:27:41,5,15
2016-06-28 15:37:45,5,15
2016-06-28 15:43:22,6,14
2016-06-28 15:45:47,6,14
2016-06-28 15:46:21,5,15
2016-06-28 15:56:25,5,15
2016-06-28 16:06:29,5,15
2016-06-28 16:10:31,6,14
2016-06-28 16:16:08,6,14
2016-06-28 16:16:33,5,15
2016-06-28 16:36:16,6,14
2016-06-28 16:44:19,5,15
2016-06-28 16:54:22,5,15
2016-06-28 17:04:26,5,15
2016-06-28 17:08:34,5,15
2016-06-28 17:27:40,2,17
2016-06-28 17:44:41,3,17
2016-06-28 17:54:46,3,17
2016-06-28 18:17:02,3,17
2016-06-28 18:18:56,2,18
2016-06-28 18:26:31,3,17
2016-06-28 18:36:35,3,17
2016-06-28 18:48:11,3,17
2016-06-28 18:48:14,2,18
2016-06-28 18:54:12,2,18
2016-06-28 18:54:14,1,19
2016-06-28 18:58:53,2,18
2016-06-28 19:14:12,2,18
2016-06-28 19:19:14,1,19
2016-06-28 19:29:18,1,19
2016-06-28 19:35:56,1,19
2016-06-28 19:36:15,0,20
2016-06-28 19:41:01,1,19
2016-06-28 19:42:58,2,18
2016-06-28 19:47:19,1,19
2016-06-28 20:02:15,0,20
2016-06-28 20:12:20,0,20
2016-06-28 20:16:12,0,20
2016-06-28 20:16:14,1,19
2016-06-28 20:18:23,2,18
2016-06-28 20:23:49,3,17
2016-06-28 20:33:55,3,17
2016-06-28 20:43:59,3,17
2016-06-28 20:51:45,2,18
2016-06-28 21:01:50,2,18
2016-06-28 21:07:20,3,17
2016-06-28 21:11:30,2,18
2016-06-28 21:21:35,2,18
2016-06-28 21:30:53,3,17
2016-06-28 21:40:58,3,17
2016-06-28 21:51:02,3,17
2016-06-28 21:54:37,3,17
2016-06-28 22:10:14,2,18
2016-06-28 22:20:18,2,18
2016-06-28 22:50:33,2,18
2016-06-28 23:00:38,2,18
2016-06-28 23:10:43,2,18
2016-06-28 23:30:53,2,18
2016-06-28 23:33:29,3,17
2016-06-28 23:43:34,3,17
2016-06-28 23:53:39,3,17
2016-06-29 00:03:44,3,17
2016-06-29 00:13:49,3,17
2016-06-29 00:23:54,3,17
2016-06-29 00:33:59,3,17
2016-06-29 00:44:04,3,17
2016-06-29 00:54:09,3,17
2016-06-29 00:57:05,4,16
2016-06-29 01:01:30,3,17
2016-06-29 01:11:35,3,17
2016-06-29 01:31:45,3,17
2016-06-29 01:41:50,3,17
2016-06-29 01:51:54,3,17
2016-06-29 01:53:19,4,16
2016-06-29 02:03:24,4,16
2016-06-29 02:13:28,4,16
2016-06-29 02:23:31,4,16
2016-06-29 02:27:56,6,14
2016-06-29 02:34:12,6,14
2016-06-29 02:34:14,7,13
2016-06-29 02:44:17,7,13
2016-06-29 02:54:20,7,13
2016-06-29 03:04:24,7,13
2016-06-29 03:14:29,7,13
2016-06-29 03:34:37,7,13
2016-06-29 03:44:40,7,13
2016-06-29 03:54:44,7,13
2016-06-29 04:04:49,7,13
2016-06-29 04:14:54,7,13
2016-06-29 04:16:15,7,13
2016-06-29 04:23:54,7,13
2016-06-29 04:44:05,7,13
2016-06-29 04:49:09,9,11
2016-06-29 04:54:04,8,12
2016-06-29 04:55:34,6,14
2016-06-29 05:05:38,6,14
2016-06-29 05:15:43,6,14
2016-06-29 05:25:47,6,14
2016-06-29 05:35:51,6,14
2016-06-29 05:45:56,6,14
2016-06-29 05:56:01,6,14
2016-06-29 06:06:06,6,14
2016-06-29 06:16:11,6,14
2016-06-29 06:46:25,6,14
2016-06-29 06:56:29,6,14
2016-06-29 07:01:04,7,13
2016-06-29 07:11:08,7,13
2016-06-29 07:20:07,6,14
2016-06-29 07:30:11,6,14
2016-06-29 07:40:15,6,14
2016-06-29 07:49:24,5,15
2016-06-29 07:59:28,5,15
2016-06-29 08:09:32,5,15
2016-06-29 08:19:37,5,15
2016-06-29 08:24:29,6,14
2016-06-29 08:34:34,6,14
2016-06-29 08:41:07,5,15
2016-06-29 08:53:04,6,14
2016-06-29 08:59:02,7,13
2016-06-29 09:09:08,7,13
2016-06-29 09:39:23,7,13
2016-06-29 09:49:27,7,13
2016-06-29 09:59:32,7,13
2016-06-29 10:09:38,7,13
2016-06-29 10:18:09,7,13
2016-06-29 10:28:39,6,14
2016-06-29 10:30:45,5,15
2016-06-29 10:32:24,6,14
2016-06-29 10:42:29,6,14
2016-06-29 10:53:57,6,14
2016-06-29 11:14:06,6,14
2016-06-29 11:24:11,6,14
2016-06-29 11:58:31,7,13
2016-06-29 12:08:36,7,13
2016-06-29 12:28:45,7,13
2016-06-29 12:35:55,7,13
2016-06-29 12:43:25,7,13
2016-06-29 12:46:05,6,14
2016-06-29 12:56:09,6,14
2016-06-29 13:06:13,6,14
2016-06-29 13:11:09,5,15
2016-06-29 13:21:14,5,15
2016-06-29 13:28:25,6,14
2016-06-29 13:40:01,6,14
2016-06-29 13:40:35,5,15
2016-06-29 13:50:39,5,15
2016-06-29 14:00:43,5,15
2016-06-29 14:10:46,5,15
2016-06-29 14:15:14,5,15
2016-06-29 14:25:18,5,15
2016-06-29 14:35:22,5,15
2016-06-29 14:45:27,5,15
2016-06-29 14:55:31,5,15
2016-06-29 15:10:11,5,15
2016-06-29 15:10:13,6,14
2016-06-29 15:16:44,5,15
2016-06-29 15:26:48,5,15
2016-06-29 15:36:54,5,15
2016-06-29 15:47:07,5,15
2016-06-29 15:57:11,5,15
2016-06-29 16:07:16,5,15
2016-06-29 16:17:21,5,15
2016-06-29 16:37:31,5,15
2016-06-29 16:48:11,5,15
2016-06-29 16:48:47,4,16
2016-06-29 16:58:51,4,16
2016-06-29 17:06:02,5,15
2016-06-29 17:23:14,4,16
2016-06-29 17:33:19,4,16
2016-06-29 17:42:06,4,16
2016-06-29 17:52:41,3,17
2016-06-29 18:02:46,3,17
2016-06-29 18:12:51,3,17
2016-06-29 18:22:55,3,17
2016-06-29 18:25:18,2,18
2016-06-29 18:32:51,3,17
2016-06-29 18:42:55,3,17
2016-06-29 18:53:17,2,18
2016-06-29 19:07:18,1,19
2016-06-29 19:17:22,1,19
2016-06-29 19:22:52,1,19
2016-06-29 19:32:01,1,19
2016-06-29 19:32:36,0,20
2016-06-29 19:42:40,0,20
2016-06-29 19:58:35,1,19
2016-06-29 20:15:13,0,20
2016-06-29 20:42:17,1,19
2016-06-29 21:22:36,1,19
2016-06-29 21:29:47,2,18
2016-06-29 21:39:51,2,18
2016-06-29 21:47:53,1,19
2016-06-29 22:08:37,1,19
2016-06-29 22:14:29,1,19
2016-06-29 22:25:34,2,18
2016-06-29 22:45:50,2,18
2016-06-29 22:55:54,2,18
2016-06-29 23:05:57,2,18
2016-06-29 23:16:01,2,18
2016-06-29 23:26:05,2,18
2016-06-29 23:35:16,2,18
2016-06-29 23:43:57,2,18
2016-06-29 23:45:19,1,19
2016-06-29 23:51:03,0,20
2016-06-30 00:05:29,1,19
2016-06-30 00:15:32,1,19
2016-06-30 00:25:36,1,19
2016-06-30 00:35:40,1,19
2016-06-30 00:47:54,2,18
2016-06-30 00:53:27,1,19
2016-06-30 01:01:28,2,18
2016-06-30 01:11:32,2,18
2016-06-30 01:21:36,2,18
2016-06-30 01:31:45,3,17
2016-06-30 01:32:21,4,16
2016-06-30 01:42:25,4,16
2016-06-30 02:12:36,4,16
2016-06-30 02:22:40,4,16
2016-06-30 02:32:44,4,16
2016-06-30 02:34:50,6,14
2016-06-30 02:44:54,6,14
2016-06-30 02:54:57,6,14
2016-06-30 03:05:00,6,14
2016-06-30 03:15:04,6,14
2016-06-30 03:25:08,6,14
2016-06-30 03:28:30,5,15
2016-06-30 03:38:34,5,15
2016-06-30 03:48:37,5,15
2016-06-30 03:58:40,5,15
2016-06-30 04:08:44,5,15
2016-06-30 04:19:37,6,14
2016-06-30 04:29:40,6,14
2016-06-30 04:39:44,6,14
2016-06-30 04:49:47,6,14
2016-06-30 04:59:50,6,14
2016-06-30 05:09:54,6,14
2016-06-30 05:19:58,6,14
2016-06-30 05:30:02,6,14
2016-06-30 05:40:05,6,14
2016-06-30 05:50:09,6,14
2016-06-30 06:10:17,6,14
2016-06-30 06:30:24,6,14
2016-06-30 06:40:28,6,14
2016-06-30 06:50:32,6,14
2016-06-30 07:00:36,6,14
2016-06-30 07:10:39,6,14
2016-06-30 07:30:57,6,14
2016-06-30 07:41:00,6,14
2016-06-30 07:51:04,6,14
2016-06-30 08:01:08,6,14
2016-06-30 08:11:11,6,14
2016-06-30 08:23:15,7,13
2016-06-30 08:25:36,6,14
2016-06-30 08:35:40,6,14
2016-06-30 08:37:04,7,13
2016-06-30 08:41:10,6,14
2016-06-30 08:52:58,5,15
2016-06-30 08:56:33,6,14
2016-06-30 09:05:35,6,14
2016-06-30 09:15:38,6,14
2016-06-30 09:25:42,6,14
2016-06-30 09:35:45,6,14
2016-06-30 09:45:49,6,14
2016-06-30 09:55:53,6,14
2016-06-30 10:05:56,6,14
2016-06-30 10:15:45,6,14
2016-06-30 10:16:16,5,15
2016-06-30 10:26:20,5,15
2016-06-30 10:29:14,6,14
2016-06-30 10:39:18,6,14
2016-06-30 10:50:06,6,14
2016-06-30 11:00:39,5,15
2016-06-30 11:19:47,4,16
2016-06-30 11:20:18,3,17
2016-06-30 11:40:25,3,17
2016-06-30 11:47:53,3,17
2016-06-30 11:48:16,2,18
2016-06-30 12:02:00,1,19
2016-06-30 12:12:04,1,19
2016-06-30 12:22:08,1,19
2016-06-30 12:41:36,2,18
2016-06-30 12:51:40,2,18
2016-06-30 13:01:43,2,18
2016-06-30 13:11:47,2,18
2016-06-30 13:13:17,3,17
2016-06-30 13:19:39,2,18
2016-06-30 13:29:43,2,18
2016-06-30 13:31:40,3,17
2016-06-30 13:34:00,2,18
2016-06-30 13:50:10,2,18
2016-06-30 13:50:37,1,19
2016-06-30 14:00:40,1,19
2016-06-30 14:10:44,1,19
2016-06-30 14:20:47,1,19
2016-06-30 14:28:27,2,18
2016-06-30 14:31:40,3,17
2016-06-30 14:41:44,3,17
2016-06-30 14:51:48,3,17
2016-06-30 15:01:52,3,17
2016-06-30 15:24:35,4,16
2016-06-30 15:34:39,4,16
2016-06-30 15:38:02,5,15
2016-06-30 15:52:49,4,16
2016-06-30 15:54:55,3,17
2016-06-30 16:16:54,4,16
2016-06-30 16:26:58,4,16
2016-06-30 16:37:02,4,16
2016-06-30 16:47:06,4,16
2016-06-30 16:57:09,4,16
2016-06-30 17:21:31,3,17
2016-06-30 17:31:34,3,17
2016-06-30 17:33:27,2,18
2016-06-30 17:53:33,2,18
2016-06-30 18:03:37,2,18
2016-06-30 18:05:27,3,17
2016-06-30 18:15:31,3,17
2016-06-30 18:19:16,2,18
2016-06-30 18:29:20,2,18
2016-06-30 18:39:23,2,18
2016-06-30 18:48:38,1,19
2016-06-30 18:52:33,0,20
2016-06-30 18:59:05,2,18
2016-06-30 19:09:09,2,18
2016-06-30 19:19:12,2,18
2016-06-30 19:39:46,3,17
2016-06-30 19:42:31,3,17
2016-06-30 19:45:29,4,16
2016-06-30 19:53:32,5,15
2016-06-30 19:55:42,5,15
2016-06-30 19:56:16,4,16
2016-06-30 20:06:19,4,16
2016-06-30 20:14:00,3,17
2016-06-30 20:24:03,3,17
2016-06-30 20:25:04,4,16
2016-06-30 20:35:08,4,16
2016-06-30 20:45:11,6,14
2016-06-30 20:50:52,5,15
2016-06-30 21:10:59,5,15
2016-06-30 21:15:41,6,14
2016-06-30 21:25:45,6,14
2016-06-30 21:35:48,6,14
2016-06-30 21:45:52,6,14
2016-06-30 21:55:56,6,14
2016-06-30 21:59:55,7,13
2016-06-30 22:09:59,7,13
2016-06-30 22:12:28,6,14
2016-06-30 22:22:31,6,14
2016-06-30 22:32:35,6,14
2016-06-30 22:42:38,6,14
2016-06-30 22:52:42,6,14
2016-06-30 23:02:46,6,14
2016-06-30 23:12:50,6,14
2016-06-30 23:32:57,6,14
2016-06-30 23:43:01,6,14
2016-06-30 23:53:05,6,14
2016-07-01 00:13:12,6,14
2016-07-01 00:28:03,7,13
2016-07-01 00:36:03,8,12
2016-07-01 00:55:49,7,13
2016-07-01 01:03:53,8,12
2016-07-01 01:13:56,8,12
2016-07-01 01:24:00,8,12
2016-07-01 01:54:10,8,12
2016-07-01 02:04:13,8,12
2016-07-01 02:14:17,8,12
2016-07-01 02:24:21,8,12
2016-07-01 02:33:24,9,11
2016-07-01 02:43:27,9,11
2016-07-01 02:53:31,9,11
2016-07-01 03:07:15,10,10
2016-07-01 03:17:19,10,10
2016-07-01 03:26:41,11,9
2016-07-01 03:36:44,11,9
2016-07-01 03:46:47,11,9
2016-07-01 03:56:51,11,9
2016-07-01 04:06:55,11,9
2016-07-01 04:15:25,11,9
2016-07-01 04:22:27,11,9
2016-07-01 04:32:31,11,9
2016-07-01 04:42:35,11,9
2016-07-01 04:49:36,12,8
2016-07-01 04:59:38,12,8
2016-07-01 05:01:48,11,9
2016-07-01 05:11:51,11,9
2016-07-01 05:21:54,11,9
2016-07-01 05:42:02,11,9
2016-07-01 05:52:05,11,9
2016-07-01 06:02:08,11,9
2016-07-01 06:12:12,11,9
2016-07-01 06:22:15,11,9
2016-07-01 06:32:19,11,9
2016-07-01 06:42:22,11,9
2016-07-01 06:52:25,11,9
2016-07-01 07:02:29,11,9
2016-07-01 07:12:32,11,9
2016-07-01 07:22:35,11,9
2016-07-01 07:32:38,11,9
2016-07-01 07:42:42,11,9
2016-07-01 07:59:39,9,11
2016-07-01 08:09:42,9,11
2016-07-01 08:19:46,9,11
2016-07-01 08:25:38,8,12
2016-07-01 08:45:45,8,12
2016-07-01 08:47:41,7,13
2016-07-01 08:48:58,7,13
2016-07-01 08:59:01,7,13
2016-07-01 09:09:04,7,13
2016-07-01 09:19:07,7,13
2016-07-01 09:22:11,7,13
2016-07-01 09:22:50,6,14
2016-07-01 09:32:54,6,14
2016-07-01 09:42:57,6,14
2016-07-01 10:03:12,5,15
2016-07-01 10:13:15,5,15
2016-07-01 10:23:19,5,15
2016-07-01 10:33:22,5,15
2016-07-01 10:43:26,5,15
2016-07-01 10:51:47,5,15
2016-07-01 10:52:27,4,16
2016-07-01 10:59:11,3,17
2016-07-01 11:09:14,3,17
2016-07-01 11:19:18,3,17
2016-07-01 11:29:22,3,17
2016-07-01 11:40:18,4,16
2016-07-01 11:50:21,4,16
2016-07-01 12:00:25,4,16
2016-07-01 12:05:20,5,15
2016-07-01 12:13:54,5,15
2016-07-01 12:14:19,4,16
2016-07-01 12:16:34,5,15
2016-07-01 12:19:46,7,13
2016-07-01 12:29:50,7,13
2016-07-01 12:39:54,7,13
2016-07-01 12:55:56,6,14
2016-07-01 12:58:23,5,15
2016-07-01 13:08:27,5,15
2016-07-01 13:17:24,6,14
2016-07-01 13:27:03,5,15
2016-07-01 13:30:09,5,15
2016-07-01 13:30:32,4,16
2016-07-01 13:40:35,4,16
2016-07-01 13:50:39,4,16
2016-07-01 13:53:15,3,17
2016-07-01 14:03:19,3,17
2016-07-01 14:13:22,3,17
2016-07-01 14:23:26,3,17
2016-07-01 14:31:02,2,18
2016-07-01 14:38:08,3,17
2016-07-01 14:48:12,3,17
2016-07-01 14:58:16,3,17
2016-07-01 15:08:19,3,17
2016-07-01 15:18:23,3,17
2016-07-01 15:38:30,3,17
2016-07-01 15:55:40,3,17
2016-07-01 16:05:43,3,17
2016-07-01 16:14:08,3,17
2016-07-01 16:14:39,2,18
2016-07-01 16:24:43,2,18
2016-07-01 16:34:47,2,18
2016-07-01 16:44:51,2,18
2016-07-01 16:53:12,1,19
2016-07-01 17:03:16,1,19
2016-07-01 17:12:51,1,19
2016-07-01 17:33:57,2,18
2016-07-01 17:44:00,2,18
2016-07-01 17:45:20,4,16
2016-07-01 17:48:40,5,15
2016-07-01 17:53:45,6,14
2016-07-01 17:56:02,7,13
2016-07-01 17:57:14,8,12
2016-07-01 17:58:26,9,11
2016-07-01 18:09:17,10,10
2016-07-01 18:19:45,11,9
2016-07-01 18:27:07,12,8
2016-07-01 18:36:39,11,9
2016-07-01 18:54:10,11,9
2016-07-01 18:58:49,11,9
2016-07-01 19:08:52,11,9
2016-07-01 19:27:55,12,8
2016-07-01 19:37:58,12,8
2016-07-01 19:44:40,11,9
2016-07-01 20:04:44,10,10
2016-07-01 20:13:20,9,11
2016-07-01 20:34:13,8,12
2016-07-01 20:44:17,8,12
2016-07-01 20:58:53,6,14
2016-07-01 21:07:00,6,14
2016-07-01 21:19:42,7,13
2016-07-01 21:29:46,7,13
2016-07-01 21:34:34,8,12
2016-07-01 22:08:42,8,12
2016-07-01 22:32:16,9,11
2016-07-01 22:42:19,9,11
2016-07-01 22:52:23,9,11
2016-07-01 23:04:10,9,11
2016-07-01 23:13:26,7,13
2016-07-01 23:16:00,6,14
2016-07-01 23:26:04,6,14
2016-07-01 23:27:06,5,15
2016-07-01 23:37:09,5,15
2016-07-01 23:47:12,5,15
2016-07-01 23:56:19,6,14
2016-07-02 00:07:48,8,12
2016-07-02 00:20:10,8,12
2016-07-02 00:20:12,9,11
2016-07-02 00:30:16,9,11
2016-07-02 00:50:23,9,11
2016-07-02 01:00:27,9,11
2016-07-02 01:05:41,10,10
2016-07-02 01:15:46,10,10
2016-07-02 01:25:50,10,10
2016-07-02 01:35:53,10,10
2016-07-02 01:41:10,11,9
2016-07-02 01:51:14,11,9
2016-07-02 02:07:09,12,8
2016-07-02 02:17:12,12,8
2016-07-02 02:18:45,14,6
2016-07-02 02:34:46,14,6
2016-07-02 02:54:53,14,6
2016-07-02 02:57:43,13,7
2016-07-02 03:07:47,13,7
2016-07-02 03:10:31,14,6
2016-07-02 03:17:26,15,5
2016-07-02 03:27:30,15,5
2016-07-02 03:37:34,15,5
2016-07-02 03:47:38,15,5
2016-07-02 03:52:02,16,4
2016-07-02 04:02:06,16,4
2016-07-02 04:14:23,17,3
2016-07-02 04:16:16,17,3
2016-07-02 04:19:52,17,3
2016-07-02 04:29:55,17,3
2016-07-02 04:39:59,17,3
2016-07-02 04:50:02,17,3
2016-07-02 04:56:37,18,2
2016-07-02 04:58:51,19,1
2016-07-02 05:08:55,19,1
2016-07-02 05:10:58,18,2
2016-07-02 05:21:02,18,2
2016-07-02 05:31:06,18,2
2016-07-02 05:41:09,18,2
2016-07-02 05:51:13,18,2
2016-07-02 06:01:16,18,2
2016-07-02 06:11:20,18,2
2016-07-02 06:21:24,18,2
2016-07-02 06:31:28,18,2
2016-07-02 06:41:32,18,2
2016-07-02 06:51:35,18,2
2016-07-02 07:01:39,18,2
2016-07-02 07:11:43,18,2
2016-07-02 07:21:47,18,2
2016-07-02 07:31:50,18,2
2016-07-02 07:41:53,18,2
2016-07-02 07:50:53,17,3
2016-07-02 08:00:57,17,3
2016-07-02 08:11:01,17,3
2016-07-02 08:21:05,17,3
2016-07-02 08:31:08,17,3
2016-07-02 08:41:12,17,3
2016-07-02 08:51:16,17,3
2016-07-02 09:01:20,17,3
2016-07-02 09:11:23,17,3
2016-07-02 09:21:27,17,3
2016-07-02 09:30:52,16,4
2016-07-02 09:40:55,16,4
2016-07-02 09:50:59,16,4
2016-07-02 10:01:03,16,4
2016-07-02 10:11:07,16,4
2016-07-02 10:31:13,16,4
2016-07-02 10:42:07,15,5
2016-07-02 10:52:10,15,5
2016-07-02 10:58:40,16,4
2016-07-02 11:08:14,15,5
2016-07-02 11:18:18,15,5
2016-07-02 11:28:21,15,5
2016-07-02 11:38:25,15,5
2016-07-02 11:44:07,15,5
2016-07-02 11:44:37,14,6
2016-07-02 11:54:41,14,6
2016-07-02 12:04:44,14,6
2016-07-02 12:14:47,14,6
2016-07-02 12:28:20,15,5
2016-07-02 12:38:22,15,5
2016-07-02 12:48:26,15,5
2016-07-02 12:58:30,15,5
2016-07-02 13:07:54,13,7
2016-07-02 13:26:32,14,6
2016-07-02 13:36:35,14,6
2016-07-02 13:47:24,15,5
2016-07-02 13:57:28,15,5
2016-07-02 14:07:31,15,5
2016-07-02 14:17:35,15,5
2016-07-02 14:27:39,15,5
2016-07-02 14:37:43,15,5
2016-07-02 14:47:47,15,5
2016-07-02 15:38:06,15,5
2016-07-02 15:41:56,12,8
2016-07-02 15:42:34,11,9
2016-07-02 15:52:37,11,9
2016-07-02 16:02:41,11,9
2016-07-02 16:12:45,11,9
2016-07-02 16:22:48,11,9
2016-07-02 16:25:54,12,8
2016-07-02 16:35:57,12,8
2016-07-02 17:35:19,12,8
2016-07-02 17:42:00,12,8
2016-07-02 17:42:26,11,9
2016-07-02 17:52:31,11,9
2016-07-02 18:02:34,11,9
2016-07-02 18:08:11,11,9
2016-07-02 18:08:13,10,10
2016-07-02 18:13:38,9,11
2016-07-02 18:23:43,9,11
2016-07-02 18:34:20,10,10
2016-07-02 18:44:25,10,10
2016-07-02 18:54:28,10,10
2016-07-02 19:07:25,11,9
2016-07-02 19:16:09,13,7
2016-07-02 19:26:13,13,7
2016-07-02 19:37:16,12,8
2016-07-02 19:40:10,12,8
2016-07-02 19:50:27,11,9
2016-07-02 20:00:31,11,9
2016-07-02 20:10:36,11,9
2016-07-02 20:20:41,11,9
2016-07-02 20:30:46,11,9
2016-07-02 21:02:15,9,11
2016-07-02 21:12:20,9,11
2016-07-02 21:22:25,9,11
2016-07-02 21:32:37,9,11
2016-07-02 21:42:41,9,11
2016-07-02 21:52:46,9,11
2016-07-02 22:15:06,9,11
2016-07-02 22:22:04,10,10
2016-07-02 22:32:08,10,10
2016-07-02 22:42:13,10,10
2016-07-02 22:52:18,10,10
2016-07-02 23:01:32,11,9
2016-07-02 23:11:36,11,9
2016-07-02 23:21:41,11,9
2016-07-02 23:25:41,12,8
2016-07-02 23:35:45,12,8
2016-07-02 23:45:50,12,8
2016-07-02 23:48:12,13,7
2016-07-03 00:07:33,13,7
2016-07-03 00:25:50,15,5
2016-07-03 00:35:55,15,5
2016-07-03 00:57:55,16,4
2016-07-03 00:59:56,15,5
2016-07-03 01:05:54,17,3
2016-07-03 01:15:57,17,3
2016-07-03 01:26:01,17,3
2016-07-03 01:36:06,17,3
2016-07-03 01:46:11,17,3
2016-07-03 01:56:16,17,3
2016-07-03 02:06:21,17,3
2016-07-03 02:16:27,17,3
2016-07-03 02:26:31,17,3
2016-07-03 02:36:36,17,3
2016-07-03 02:46:41,17,3
2016-07-03 03:06:50,17,3
2016-07-03 03:16:54,17,3
2016-07-03 03:26:59,17,3
2016-07-03 03:37:04,17,3
2016-07-03 03:57:14,17,3
2016-07-03 04:07:19,17,3
2016-07-03 04:28:43,17,3
2016-07-03 04:38:47,17,3
2016-07-03 04:48:52,17,3
2016-07-03 04:58:57,17,3
2016-07-03 05:09:02,17,3
2016-07-03 05:19:06,17,3
2016-07-03 05:29:09,17,3
2016-07-03 05:39:13,17,3
2016-07-03 05:49:18,17,3
2016-07-03 05:59:23,17,3
2016-07-03 06:09:27,17,3
2016-07-03 06:19:32,17,3
2016-07-03 06:29:37,17,3
2016-07-03 06:39:40,17,3
2016-07-03 06:46:02,17,3
2016-07-03 06:46:47,16,4
2016-07-03 06:56:51,16,4
2016-07-03 07:06:55,16,4
2016-07-03 07:17:00,16,4
2016-07-03 07:27:05,16,4
2016-07-03 07:37:10,16,4
2016-07-03 07:44:12,17,3
2016-07-03 07:54:17,17,3
2016-07-03 08:04:21,17,3
2016-07-03 08:14:26,17,3
2016-07-03 08:24:31,17,3
2016-07-03 08:34:36,17,3
2016-07-03 08:44:40,17,3
2016-07-03 08:54:45,17,3
2016-07-03 09:04:50,17,3
2016-07-03 09:14:54,17,3
2016-07-03 09:24:58,17,3
2016-07-03 09:35:02,17,3
2016-07-03 09:45:06,17,3
2016-07-03 09:55:11,17,3
2016-07-03 10:05:15,17,3
2016-07-03 10:25:24,17,3
2016-07-03 10:29:51,18,2
2016-07-03 10:50:01,18,2
2016-07-03 11:00:05,18,2
2016-07-03 11:10:10,18,2
2016-07-03 11:19:31,18,2
2016-07-03 11:21:25,17,3
2016-07-03 11:25:48,16,4
2016-07-03 11:34:01,16,4
2016-07-03 11:34:26,15,5
2016-07-03 11:44:31,15,5
2016-07-03 11:54:34,15,5
2016-07-03 12:04:39,15,5
2016-07-03 12:24:49,15,5
2016-07-03 12:34:52,16,4
2016-07-03 12:44:57,16,4
2016-07-03 13:17:56,17,3
2016-07-03 13:24:11,16,4
2016-07-03 13:34:15,16,4
2016-07-03 13:44:20,16,4
2016-07-03 13:54:25,16,4
2016-07-03 14:04:50,17,3
2016-07-03 14:15:00,17,3
2016-07-03 14:23:18,16,4
2016-07-03 14:33:22,16,4
2016-07-03 14:43:26,16,4
2016-07-03 14:57:34,17,3
2016-07-03 15:07:38,17,3
2016-07-03 15:17:42,17,3
2016-07-03 15:27:47,17,3
2016-07-03 15:37:52,17,3
2016-07-03 15:47:56,17,3
2016-07-03 15:58:00,17,3
2016-07-03 16:08:04,17,3
2016-07-03 16:08:40,19,1
2016-07-03 16:18:45,19,1
2016-07-03 16:28:49,19,1
2016-07-03 16:38:54,19,1
2016-07-03 16:50:00,20,0
2016-07-03 17:00:05,20,0
2016-07-03 17:29:10,20,0
2016-07-03 17:39:14,20,0
2016-07-03 17:49:17,20,0
2016-07-03 17:59:20,20,0
2016-07-03 18:07:36,19,1
2016-07-03 18:17:39,19,1
2016-07-03 18:27:08,20,0
2016-07-03 18:33:34,19,1
2016-07-03 18:38:57,20,0
2016-07-03 18:49:00,20,0
2016-07-03 18:50:52,19,1
2016-07-03 18:55:56,20,0
2016-07-03 19:05:59,20,0
2016-07-03 19:26:16,20,0
2016-07-03 19:36:20,20,0
2016-07-03 19:46:24,20,0
2016-07-03 19:56:27,20,0
2016-07-03 20:06:31,20,0
2016-07-03 20:16:35,20,0
2016-07-03 20:36:42,20,0
2016-07-03 20:46:46,20,0
2016-07-03 20:48:42,19,1
2016-07-03 20:58:45,19,1
2016-07-03 21:03:27,18,2
2016-07-03 21:13:30,18,2
2016-07-03 21:18:04,17,3
2016-07-03 21:18:21,16,4
2016-07-03 21:28:25,16,4
2016-07-03 21:38:29,16,4
2016-07-03 21:45:59,14,6
2016-07-03 21:56:03,14,6
2016-07-03 22:06:07,14,6
2016-07-03 22:16:11,14,6
2016-07-03 22:17:43,13,7
2016-07-03 22:20:49,11,9
2016-07-03 22:30:52,11,9
2016-07-03 22:40:56,11,9
2016-07-03 22:51:00,11,9
2016-07-03 22:55:51,10,10
2016-07-03 22:57:33,9,11
2016-07-03 23:10:17,10,10
2016-07-03 23:30:23,10,10
2016-07-03 23:38:49,12,8
2016-07-03 23:57:34,13,7
2016-07-04 00:07:37,13,7
2016-07-04 00:16:50,12,8
2016-07-04 00:26:53,12,8
2016-07-04 00:36:57,12,8
2016-07-04 00:44:10,13,7
2016-07-04 00:54:14,13,7
2016-07-04 01:01:18,16,4
2016-07-04 01:07:12,15,5
2016-07-04 01:17:16,15,5
2016-07-04 01:27:19,15,5
2016-07-04 01:29:00,14,6
2016-07-04 01:35:01,15,5
2016-07-04 01:45:04,15,5
2016-07-04 01:55:08,15,5
2016-07-04 02:05:12,15,5
2016-07-04 02:13:48,18,2
2016-07-04 02:23:51,18,2
2016-07-04 02:33:55,18,2
2016-07-04 02:43:59,18,2
2016-07-04 03:04:50,19,1
2016-07-04 03:09:03,20,0
2016-07-04 03:19:07,20,0
2016-07-04 03:23:32,19,1
2016-07-04 03:33:36,19,1
2016-07-04 03:43:39,19,1
2016-07-04 03:53:43,19,1
2016-07-04 04:03:47,19,1
2016-07-04 04:13:51,19,1
2016-07-04 04:15:24,19,1
2016-07-04 04:22:13,19,1
2016-07-04 04:32:17,19,1
2016-07-04 04:42:21,19,1
2016-07-04 04:52:24,19,1
2016-07-04 05:02:28,19,1
2016-07-04 05:12:32,19,1
2016-07-04 05:22:36,19,1
2016-07-04 05:33:40,18,2
2016-07-04 05:43:43,18,2
2016-07-04 05:53:47,18,2
2016-07-04 06:03:50,18,2
2016-07-04 06:13:54,18,2
2016-07-04 06:23:57,18,2
2016-07-04 06:34:01,18,2
2016-07-04 06:44:05,18,2
2016-07-04 06:54:12,12,8
2016-07-04 07:23:08,13,7
2016-07-04 07:33:12,13,7
2016-07-04 07:43:16,13,7
2016-07-04 07:53:19,13,7
2016-07-04 08:03:23,13,7
2016-07-04 08:09:34,13,7
2016-07-04 08:27:12,12,8
2016-07-04 08:47:21,10,10
2016-07-04 09:04:22,11,9
2016-07-04 09:14:26,11,9
2016-07-04 09:25:08,11,9
2016-07-04 09:41:17,11,9
2016-07-04 09:51:20,11,9
2016-07-04 10:01:24,11,9
2016-07-04 10:11:28,11,9
2016-07-04 10:17:25,10,10
2016-07-04 10:27:28,10,10
2016-07-04 10:33:42,11,9
2016-07-04 10:45:19,11,9
2016-07-04 10:51:22,12,8
2016-07-04 11:01:25,12,8
2016-07-04 11:11:29,12,8
2016-07-04 11:37:43,11,9
2016-07-04 11:44:32,10,10
2016-07-04 11:54:12,10,10
2016-07-04 11:54:14,11,9
2016-07-04 12:03:35,11,9
2016-07-04 12:13:38,11,9
2016-07-04 12:18:46,10,10
2016-07-04 12:39:00,11,9
2016-07-04 12:46:58,11,9
2016-07-04 12:57:02,11,9
2016-07-04 13:07:06,11,9
2016-07-04 13:17:09,11,9
2016-07-04 13:20:07,10,10
2016-07-04 13:28:07,11,9
2016-07-04 13:32:11,11,9
2016-07-04 13:42:43,10,10
2016-07-04 13:44:50,10,10
2016-07-04 14:04:57,10,10
2016-07-04 14:15:01,10,10
2016-07-04 14:25:05,10,10
2016-07-04 14:35:08,10,10
2016-07-04 14:45:12,10,10
2016-07-04 14:55:16,10,10
2016-07-04 15:02:08,11,9
2016-07-04 15:12:12,11,9
2016-07-04 15:18:10,12,8
2016-07-04 15:29:11,12,8
2016-07-04 15:39:15,12,8
2016-07-04 15:43:33,13,7
2016-07-04 15:53:36,13,7
2016-07-04 16:03:40,13,7
2016-07-04 16:34:09,13,7
2016-07-04 16:44:13,13,7
2016-07-04 16:47:26,11,9
2016-07-04 16:57:29,11,9
2016-07-04 17:07:33,11,9
2016-07-04 17:10:43,12,8
2016-07-04 17:28:44,14,6
2016-07-04 17:38:48,14,6
2016-07-04 17:49:36,13,7
2016-07-04 17:59:40,13,7
2016-07-04 18:02:08,14,6
2016-07-04 18:11:08,15,5
2016-07-04 18:21:12,16,4
2016-07-04 18:25:48,17,3
2016-07-04 18:34:09,16,4
2016-07-04 18:36:17,17,3
2016-07-04 18:39:09,17,3
2016-07-04 18:50:08,16,4
2016-07-04 19:04:29,18,2
2016-07-04 19:07:20,19,1
2016-07-04 19:14:35,18,2
2016-07-04 19:17:37,18,2
2016-07-04 19:24:44,15,5
2016-07-04 19:29:40,14,6
2016-07-04 19:39:43,14,6
2016-07-04 19:49:47,14,6
2016-07-04 19:52:46,15,5
2016-07-04 19:57:11,16,4
2016-07-04 19:58:30,17,3
2016-07-04 20:05:46,16,4
2016-07-04 20:11:03,17,3
2016-07-04 20:31:10,17,3
2016-07-04 20:41:14,17,3
2016-07-04 20:51:18,17,3
2016-07-04 21:01:21,17,3
2016-07-04 21:11:25,17,3
2016-07-04 21:21:29,17,3
2016-07-04 21:26:42,19,1
2016-07-04 21:36:45,19,1
2016-07-04 21:46:49,19,1
2016-07-04 21:49:26,20,0
2016-07-04 21:59:29,20,0
2016-07-04 22:00:49,19,1
2016-07-04 22:10:52,19,1
2016-07-04 22:20:56,19,1
2016-07-04 22:31:00,19,1
2016-07-04 22:45:54,20,0
2016-07-04 22:55:58,20,0
2016-07-04 23:16:05,20,0
2016-07-04 23:26:09,20,0
2016-07-04 23:36:13,20,0
2016-07-04 23:46:16,20,0
2016-07-04 23:56:20,20,0
2016-07-05 00:06:24,20,0
2016-07-05 00:16:28,20,0
2016-07-05 00:26:31,20,0
2016-07-05 00:36:35,20,0
2016-07-05 00:46:39,20,0
2016-07-05 00:50:03,19,1
2016-07-05 00:55:00,20,0
2016-07-05 01:05:04,20,0
2016-07-05 01:15:08,20,0
2016-07-05 01:25:11,20,0
2016-07-05 01:45:19,20,0
2016-07-05 01:55:23,20,0
2016-07-05 02:08:57,20,0
2016-07-05 02:17:30,20,0
2016-07-05 02:21:59,18,2
2016-07-05 02:23:32,18,2
2016-07-05 02:26:56,17,3
2016-07-05 02:37:00,17,3
2016-07-05 02:57:07,17,3
2016-07-05 03:07:11,17,3
2016-07-05 03:12:09,18,2
2016-07-05 03:12:56,17,3
2016-07-05 03:23:00,17,3
2016-07-05 03:33:04,17,3
2016-07-05 03:43:07,17,3
2016-07-05 03:53:11,17,3
2016-07-05 04:03:15,17,3
2016-07-05 04:13:18,17,3
2016-07-05 04:32:23,17,3
2016-07-05 04:42:27,17,3
2016-07-05 04:52:31,17,3
2016-07-05 05:02:35,17,3
2016-07-05 05:12:38,17,3
2016-07-05 05:22:42,17,3
2016-07-05 05:32:46,17,3
2016-07-05 05:42:50,17,3
2016-07-05 05:52:53,17,3
2016-07-05 06:02:57,17,3
2016-07-05 06:13:01,17,3
2016-07-05 06:23:05,17,3
2016-07-05 06:33:08,17,3
2016-07-05 06:43:12,17,3
2016-07-05 06:46:11,15,5
2016-07-05 06:46:28,7,13
2016-07-05 06:56:31,7,13
2016-07-05 07:00:30,8,12
2016-07-05 07:10:33,8,12
2016-07-05 07:20:37,8,12
2016-07-05 07:30:41,8,12
2016-07-05 07:40:45,8,12
2016-07-05 07:50:48,8,12
2016-07-05 08:00:52,8,12
2016-07-05 08:10:56,8,12
2016-07-05 08:20:08,8,12
2016-07-05 08:40:35,7,13
2016-07-05 09:03:45,6,14
2016-07-05 09:13:49,6,14
2016-07-05 09:23:53,6,14
2016-07-05 09:33:57,6,14
2016-07-05 09:44:00,6,14
2016-07-05 09:54:04,6,14
2016-07-05 10:04:08,6,14
2016-07-05 10:23:40,5,15
2016-07-05 10:33:43,5,15
2016-07-05 10:43:47,5,15
2016-07-05 10:53:51,5,15
2016-07-05 11:03:55,5,15
2016-07-05 11:13:58,5,15
2016-07-05 11:31:58,5,15
2016-07-05 11:33:13,4,16
2016-07-05 11:43:17,4,16
2016-07-05 11:53:20,4,16
2016-07-05 12:03:24,4,16
2016-07-05 12:13:28,4,16
2016-07-05 12:18:04,4,16
2016-07-05 12:18:42,3,17
2016-07-05 12:28:44,3,17
2016-07-05 12:38:47,3,17
2016-07-05 12:48:51,3,17
2016-07-05 12:56:53,2,18
2016-07-05 13:06:56,2,18
2016-07-05 13:17:00,2,18
2016-07-05 13:27:04,2,18
2016-07-05 13:37:07,2,18
2016-07-05 13:47:11,2,18
2016-07-05 13:57:15,2,18
2016-07-05 14:07:19,2,18
2016-07-05 14:17:23,2,18
2016-07-05 14:23:50,1,19
2016-07-05 14:33:53,1,19
2016-07-05 14:43:57,1,19
2016-07-05 15:04:05,1,19
2016-07-05 15:14:08,1,19
2016-07-05 15:34:16,1,19
2016-07-05 15:54:23,1,19
2016-07-05 16:04:27,1,19
2016-07-05 16:14:31,1,19
2016-07-05 16:24:35,1,19
2016-07-05 16:34:39,1,19
2016-07-05 16:45:56,1,19
2016-07-05 16:46:31,0,20
2016-07-05 16:56:34,0,20
2016-07-05 17:06:38,0,20
2016-07-05 17:26:45,0,20
2016-07-05 17:36:49,0,20
2016-07-05 17:51:54,1,19
2016-07-05 18:05:40,1,19
2016-07-05 18:12:10,1,19
2016-07-05 18:14:03,1,19
2016-07-05 18:14:52,1,19
2016-07-05 18:34:45,2,18
2016-07-05 18:38:11,3,17
2016-07-05 18:43:12,1,19
2016-07-05 18:53:03,0,20
2016-07-05 19:03:07,0,20
2016-07-05 19:08:36,1,19
2016-07-05 19:10:58,2,18
2016-07-05 19:12:54,3,17
2016-07-05 19:19:16,4,16
2016-07-05 19:32:36,5,15
2016-07-05 19:37:21,4,16
2016-07-05 19:40:41,3,17
2016-07-05 19:54:46,2,18
2016-07-05 20:04:50,2,18
2016-07-05 20:14:53,2,18
2016-07-05 20:33:15,4,16
2016-07-05 20:43:18,4,16
2016-07-05 20:50:03,4,16
2016-07-05 20:50:21,3,17
2016-07-05 21:00:25,3,17
2016-07-05 21:03:46,2,18
2016-07-05 21:13:50,2,18
2016-07-05 21:23:54,2,18
2016-07-05 21:30:43,1,19
2016-07-05 21:40:00,2,18
2016-07-05 21:50:03,2,18
2016-07-05 22:00:07,2,18
2016-07-05 22:24:02,1,19
2016-07-05 22:35:46,0,20
2016-07-05 22:45:49,0,20
2016-07-05 22:55:53,0,20
2016-07-05 23:03:04,1,19
2016-07-05 23:13:07,1,19
2016-07-05 23:39:41,1,19
2016-07-05 23:45:15,0,20
2016-07-05 23:55:19,0,20
2016-07-06 00:05:23,0,20
2016-07-06 00:15:26,0,20
2016-07-06 00:25:30,0,20
2016-07-06 00:35:33,0,20
2016-07-06 00:45:37,0,20
2016-07-06 00:52:40,1,19
2016-07-06 01:02:44,1,19
2016-07-06 01:12:47,1,19
2016-07-06 01:22:51,1,19
2016-07-06 01:26:43,2,18
2016-07-06 01:36:47,2,18
2016-07-06 01:38:45,2,18
2016-07-06 01:53:49,1,19
2016-07-06 02:03:52,1,19
2016-07-06 02:13:56,1,19
2016-07-06 02:23:59,1,19
2016-07-06 02:34:03,1,19
2016-07-06 02:35:30,2,18
2016-07-06 02:45:34,2,18
2016-07-06 02:54:51,3,17
2016-07-06 03:04:54,3,17
2016-07-06 03:14:58,3,17
2016-07-06 03:25:02,3,17
2016-07-06 03:32:11,4,16
2016-07-06 03:32:13,5,15
2016-07-06 03:38:03,5,15
2016-07-06 03:48:06,5,15
2016-07-06 03:58:10,5,15
2016-07-06 04:08:14,5,15
2016-07-06 04:30:02,6,14
2016-07-06 04:40:06,6,14
2016-07-06 04:50:10,6,14
2016-07-06 05:00:13,6,14
2016-07-06 05:10:17,6,14
2016-07-06 05:20:21,6,14
2016-07-06 05:30:25,6,14
2016-07-06 05:40:28,6,14
2016-07-06 05:50:32,6,14
2016-07-06 06:00:35,6,14
2016-07-06 06:10:39,6,14
2016-07-06 06:20:43,6,14
2016-07-06 06:25:23,5,15
2016-07-06 06:35:26,5,15
2016-07-06 06:45:30,5,15
2016-07-06 06:54:10,4,16
2016-07-06 07:00:29,5,15
2016-07-06 07:10:33,5,15
2016-07-06 07:20:48,5,15
2016-07-06 07:30:52,5,15
2016-07-06 07:40:56,5,15
2016-07-06 07:50:59,5,15
2016-07-06 08:01:03,5,15
2016-07-06 08:04:46,6,14
2016-07-06 08:14:49,6,14
2016-07-06 08:20:34,7,13
2016-07-06 08:46:54,7,13
2016-07-06 08:57:56,7,13
2016-07-06 09:18:26,6,14
2016-07-06 09:28:30,6,14
2016-07-06 09:39:55,7,13
2016-07-06 10:00:02,7,13
2016-07-06 10:09:44,6,14
2016-07-06 10:19:47,6,14
2016-07-06 10:39:53,6,14
2016-07-06 10:45:21,7,13
2016-07-06 10:55:24,7,13
2016-07-06 11:08:52,6,14
2016-07-06 11:18:55,6,14
2016-07-06 11:28:59,6,14
2016-07-06 11:32:36,7,13
2016-07-06 11:42:39,7,13
2016-07-06 11:52:10,7,13
2016-07-06 12:02:14,7,13
2016-07-06 12:12:18,7,13
2016-07-06 12:22:21,7,13
2016-07-06 12:38:06,7,13
2016-07-06 12:38:28,6,14
2016-07-06 12:48:32,6,14
2016-07-06 12:58:36,6,14
2016-07-06 14:19:05,6,14
2016-07-06 14:29:09,6,14
2016-07-06 14:49:16,6,14
2016-07-06 14:59:20,6,14
2016-07-06 15:09:37,5,15
2016-07-06 15:19:41,5,15
2016-07-06 15:36:10,6,14
2016-07-06 15:46:14,6,14
2016-07-06 16:17:32,7,13
2016-07-06 16:21:32,6,14
2016-07-06 16:31:56,6,14
2016-07-06 16:32:35,5,15
2016-07-06 16:37:25,4,16
2016-07-06 16:40:52,3,17
2016-07-06 16:42:28,4,16
2016-07-06 17:02:35,4,16
2016-07-06 17:09:32,5,15
2016-07-06 17:19:35,5,15
2016-07-06 17:22:01,6,14
2016-07-06 17:32:04,6,14
2016-07-06 17:59:33,7,13
2016-07-06 18:01:49,9,11
2016-07-06 18:21:56,9,11
2016-07-06 18:23:54,10,10
2016-07-06 18:26:53,11,9
2016-07-06 18:30:07,10,10
2016-07-06 18:36:37,9,11
2016-07-06 18:46:40,9,11
2016-07-06 19:11:45,10,10
2016-07-06 19:23:09,9,11
2016-07-06 19:25:59,10,10
2016-07-06 19:27:18,8,12
2016-07-06 19:37:21,8,12
2016-07-06 19:47:25,8,12
2016-07-06 19:57:29,8,12
2016-07-06 20:07:32,8,12
2016-07-06 20:17:36,8,12
2016-07-06 20:29:41,7,13
2016-07-06 20:39:32,7,13
2016-07-06 20:50:18,6,14
2016-07-06 21:00:22,6,14
2016-07-06 21:22:09,5,15
2016-07-06 21:32:13,5,15
2016-07-06 21:43:52,4,16
2016-07-06 21:45:31,3,17
2016-07-06 21:55:34,3,17
2016-07-06 22:05:38,3,17
2016-07-06 22:15:42,3,17
2016-07-06 22:25:46,3,17
2016-07-06 22:35:49,3,17
2016-07-06 22:45:53,3,17
2016-07-06 22:55:57,3,17
2016-07-06 23:16:04,3,17
2016-07-06 23:26:08,3,17
2016-07-06 23:35:52,4,16
2016-07-06 23:45:55,4,16
2016-07-06 23:55:59,4,16
2016-07-07 00:06:03,4,16
2016-07-07 00:16:30,3,17
2016-07-07 00:26:34,3,17
2016-07-07 00:36:37,3,17
2016-07-07 00:40:28,4,16
2016-07-07 00:50:32,4,16
2016-07-07 00:56:35,6,14
2016-07-07 01:06:38,6,14
2016-07-07 01:16:42,6,14
2016-07-07 01:26:45,6,14
2016-07-07 01:36:49,6,14
2016-07-07 01:46:53,6,14
2016-07-07 01:56:57,6,14
2016-07-07 02:07:51,6,14
2016-07-07 02:13:24,7,13
2016-07-07 02:23:54,9,11
2016-07-07 02:33:57,9,11
2016-07-07 02:44:01,9,11
2016-07-07 02:54:05,9,11
2016-07-07 03:04:08,9,11
2016-07-07 03:14:12,9,11
2016-07-07 03:24:16,9,11
2016-07-07 03:34:20,9,11
2016-07-07 03:44:23,9,11
2016-07-07 04:14:34,9,11
2016-07-07 04:19:42,9,11
2016-07-07 04:29:45,9,11
2016-07-07 04:39:49,9,11
2016-07-07 04:49:53,9,11
2016-07-07 04:59:57,9,11
2016-07-07 05:10:01,9,11
2016-07-07 05:30:08,9,11
2016-07-07 05:40:12,9,11
2016-07-07 05:50:16,9,11
2016-07-07 06:00:19,9,11
2016-07-07 06:10:23,9,11
2016-07-07 06:20:27,9,11
2016-07-07 06:40:34,9,11
2016-07-07 06:50:38,9,11
2016-07-07 07:01:29,10,10
2016-07-07 07:21:37,10,10
2016-07-07 07:31:40,10,10
2016-07-07 07:41:43,10,10
2016-07-07 07:51:47,10,10
2016-07-07 08:01:05,9,11
2016-07-07 08:11:08,9,11
2016-07-07 08:17:47,11,9
2016-07-07 08:33:59,10,10
2016-07-07 08:44:02,10,10
2016-07-07 08:52:08,10,10
2016-07-07 08:52:33,9,11
2016-07-07 09:02:37,9,11
2016-07-07 09:22:45,9,11
2016-07-07 09:39:00,10,10
2016-07-07 09:43:44,10,10
2016-07-07 09:44:18,9,11
2016-07-07 09:54:21,9,11
2016-07-07 10:04:25,9,11
2016-07-07 10:15:27,8,12
2016-07-07 10:25:30,8,12
2016-07-07 10:35:34,8,12
2016-07-07 10:45:38,8,12
2016-07-07 10:56:34,8,12
2016-07-07 11:06:38,8,12
2016-07-07 11:16:42,8,12
2016-07-07 11:26:45,8,12
2016-07-07 11:36:49,8,12
2016-07-07 11:46:53,8,12
2016-07-07 11:56:57,8,12
2016-07-07 12:07:27,9,11
2016-07-07 12:17:30,9,11
2016-07-07 12:19:58,8,12
2016-07-07 12:20:43,7,13
2016-07-07 12:43:32,8,12
2016-07-07 12:53:36,8,12
2016-07-07 13:03:39,8,12
2016-07-07 13:04:57,7,13
2016-07-07 13:15:01,7,13
2016-07-07 13:25:05,7,13
2016-07-07 13:45:12,7,13
2016-07-07 14:05:20,7,13
2016-07-07 14:17:46,8,12
2016-07-07 14:27:49,8,12
2016-07-07 14:30:06,8,12
2016-07-07 14:30:36,7,13
2016-07-07 14:40:40,7,13
2016-07-07 14:50:43,7,13
2016-07-07 15:01:13,8,12
2016-07-07 15:11:17,8,12
2016-07-07 15:21:21,8,12
2016-07-07 15:29:14,9,11
2016-07-07 15:39:16,9,11
2016-07-07 15:49:21,9,11
2016-07-07 15:59:26,9,11
2016-07-07 16:09:30,9,11
2016-07-07 16:19:45,9,11
2016-07-07 16:29:49,9,11
2016-07-07 16:33:16,10,10
2016-07-07 16:39:59,11,9
2016-07-07 16:44:11,10,10
2016-07-07 16:54:14,10,10
2016-07-07 17:04:18,10,10
2016-07-07 17:24:25,10,10
2016-07-07 17:34:29,10,10
2016-07-07 17:43:41,10,10
2016-07-07 17:59:51,9,11
2016-07-07 18:19:59,9,11
2016-07-07 18:29:06,7,13
2016-07-07 18:35:28,6,14
2016-07-07 18:56:09,7,13
2016-07-07 19:00:41,6,14
2016-07-07 19:02:42,7,13
2016-07-07 19:11:05,8,12
2016-07-07 19:21:17,8,12
2016-07-07 19:25:41,8,12
2016-07-07 19:43:35,7,13
2016-07-07 19:57:46,6,14
2016-07-07 20:17:53,6,14
2016-07-07 20:25:48,6,14
2016-07-07 20:26:32,5,15
2016-07-07 20:36:35,5,15
2016-07-07 20:54:45,6,14
2016-07-07 21:04:49,6,14
2016-07-07 21:51:37,9,11
2016-07-07 22:01:39,9,11
2016-07-07 22:08:03,11,9
2016-07-07 22:28:10,11,9
2016-07-07 22:38:14,11,9
2016-07-07 22:48:17,11,9
2016-07-07 22:58:21,11,9
2016-07-07 23:08:24,11,9
2016-07-07 23:20:19,10,10
2016-07-07 23:30:23,10,10
2016-07-07 23:34:59,12,8
2016-07-07 23:45:02,12,8
2016-07-07 23:55:06,12,8
2016-07-08 00:05:10,12,8
2016-07-08 00:10:24,13,7
2016-07-08 00:18:37,14,6
2016-07-08 00:27:49,15,5
2016-07-08 00:35:55,16,4
2016-07-08 00:38:10,17,3
2016-07-08 00:38:32,17,3
2016-07-08 00:58:39,17,3
2016-07-08 01:08:43,17,3
2016-07-08 01:18:46,17,3
2016-07-08 01:24:11,14,6
2016-07-08 01:34:14,14,6
2016-07-08 01:45:37,16,4
2016-07-08 01:55:41,16,4
2016-07-08 01:58:07,18,2
2016-07-08 02:14:10,19,1
2016-07-08 02:14:12,20,0
2016-07-08 02:24:16,20,0
2016-07-08 02:34:20,20,0
2016-07-08 02:44:24,20,0
2016-07-08 02:54:28,20,0
2016-07-08 03:04:31,20,0
2016-07-08 03:14:35,20,0
2016-07-08 03:23:58,17,3
2016-07-08 03:28:55,16,4
2016-07-08 03:38:59,16,4
2016-07-08 03:49:02,16,4
2016-07-08 03:59:05,16,4
2016-07-08 04:03:34,19,1
2016-07-08 04:04:44,20,0
2016-07-08 04:22:20,20,0
2016-07-08 04:42:28,20,0
2016-07-08 05:42:50,20,0
2016-07-08 05:52:53,20,0
2016-07-08 06:02:56,20,0
2016-07-08 06:12:59,20,0
2016-07-08 06:23:03,20,0
2016-07-08 06:33:07,20,0
2016-07-08 06:43:11,20,0
2016-07-08 07:03:18,20,0
2016-07-08 07:13:21,20,0
2016-07-08 07:23:24,20,0
2016-07-08 07:33:28,20,0
2016-07-08 07:53:35,20,0
2016-07-08 07:57:57,19,1
2016-07-08 08:00:10,17,3
2016-07-08 08:00:25,11,9
2016-07-08 08:10:04,12,8
2016-07-08 08:20:07,12,8
2016-07-08 08:36:04,12,8
2016-07-08 08:42:11,12,8
2016-07-08 08:42:32,12,8
2016-07-08 08:48:52,11,9
2016-07-08 08:58:55,11,9
2016-07-08 09:04:40,10,10
2016-07-08 09:14:44,10,10
2016-07-08 09:24:47,10,10
2016-07-08 09:34:51,10,10
2016-07-08 09:43:20,9,11
2016-07-08 09:58:49,11,9
2016-07-08 10:08:52,11,9
2016-07-08 10:29:00,11,9
2016-07-08 10:38:48,12,8
2016-07-08 10:46:05,11,9
2016-07-08 10:56:07,11,9
2016-07-08 11:04:03,11,9
2016-07-08 11:04:54,10,10
2016-07-08 11:14:57,10,10
2016-07-08 11:17:32,12,8
2016-07-08 11:27:35,12,8
2016-07-08 11:47:42,12,8
2016-07-08 11:58:44,12,8
2016-07-08 12:04:23,12,8
2016-07-08 12:14:27,12,8
2016-07-08 12:24:30,12,8
2016-07-08 12:34:34,12,8
2016-07-08 12:44:38,12,8
2016-07-08 12:47:43,11,9
2016-07-08 12:57:47,11,9
2016-07-08 13:07:50,11,9
2016-07-08 13:17:54,11,9
2016-07-08 13:27:58,11,9
2016-07-08 13:38:02,11,9
2016-07-08 13:48:05,11,9
2016-07-08 13:55:06,12,8
2016-07-08 14:15:13,12,8
2016-07-08 14:25:16,12,8
2016-07-08 14:35:20,12,8
2016-07-08 14:45:24,12,8
2016-07-08 14:55:27,12,8
2016-07-08 15:05:31,12,8
2016-07-08 15:25:39,12,8
2016-07-08 15:35:42,12,8
2016-07-08 15:45:46,12,8
2016-07-08 15:55:50,12,8
2016-07-08 16:05:54,12,8
2016-07-08 16:15:57,12,8
2016-07-08 16:36:04,12,8
2016-07-08 16:46:08,12,8
2016-07-08 16:53:50,12,8
2016-07-08 16:57:40,12,8
2016-07-08 16:58:53,11,9
2016-07-08 17:19:00,11,9
2016-07-08 17:37:40,12,8
2016-07-08 17:47:43,12,8
2016-07-08 17:52:44,13,7
2016-07-08 18:09:53,13,7
2016-07-08 18:12:06,12,8
2016-07-08 18:21:52,12,8
2016-07-08 18:22:31,11,9
2016-07-08 18:28:46,10,10
2016-07-08 18:38:49,10,10
2016-07-08 18:48:52,10,10
2016-07-08 18:58:56,10,10
2016-07-08 19:08:59,10,10
2016-07-08 19:36:22,11,9
2016-07-08 19:46:26,11,9
2016-07-08 19:56:29,11,9
2016-07-08 20:06:33,11,9
2016-07-08 20:14:04,10,10
2016-07-08 20:22:55,9,11
2016-07-08 20:32:58,9,11
2016-07-08 20:43:02,9,11
2016-07-08 21:03:09,9,11
2016-07-08 21:13:13,9,11
2016-07-08 21:21:01,8,12
2016-07-08 21:31:04,8,12
2016-07-08 21:41:07,8,12
2016-07-08 21:51:11,8,12
2016-07-08 21:58:47,7,13
2016-07-08 22:08:50,7,13
2016-07-08 22:18:54,7,13
2016-07-08 22:28:22,6,14
2016-07-08 22:45:56,5,15
2016-07-08 22:54:02,6,14
2016-07-08 23:04:06,6,14
2016-07-08 23:17:01,7,13
2016-07-08 23:27:05,7,13
2016-07-08 23:37:09,7,13
2016-07-08 23:46:42,8,12
2016-07-08 23:55:36,7,13
2016-07-08 23:57:03,8,12
2016-07-09 00:04:37,10,10
2016-07-09 00:14:40,10,10
2016-07-09 00:22:14,11,9
2016-07-09 00:39:21,11,9
2016-07-09 00:50:03,11,9
2016-07-09 00:56:41,12,8
2016-07-09 01:01:10,13,7
2016-07-09 01:11:13,13,7
2016-07-09 01:21:17,13,7
2016-07-09 01:31:20,13,7
2016-07-09 01:41:23,13,7
2016-07-09 01:51:27,13,7
2016-07-09 02:01:30,13,7
2016-07-09 02:11:34,13,7
2016-07-09 02:21:38,13,7
2016-07-09 02:31:41,13,7
2016-07-09 02:41:45,13,7
2016-07-09 02:51:49,13,7
2016-07-09 02:57:54,14,6
2016-07-09 03:18:00,14,6
2016-07-09 03:28:04,14,6
2016-07-09 03:38:08,14,6
2016-07-09 03:48:11,14,6
2016-07-09 03:58:15,14,6
2016-07-09 04:08:21,14,6
2016-07-09 04:19:42,14,6
2016-07-09 04:29:45,14,6
2016-07-09 04:39:49,14,6
2016-07-09 04:59:56,14,6
2016-07-09 05:10:00,14,6
2016-07-09 05:20:04,14,6
2016-07-09 05:40:12,14,6
2016-07-09 05:50:15,14,6
2016-07-09 06:00:19,14,6
2016-07-09 06:10:22,14,6
2016-07-09 06:20:25,14,6
2016-07-09 06:30:29,14,6
2016-07-09 06:40:33,14,6
2016-07-09 06:50:36,14,6
2016-07-09 07:00:40,14,6
2016-07-09 07:10:44,14,6
2016-07-09 07:20:57,14,6
2016-07-09 07:31:01,14,6
2016-07-09 07:41:03,14,6
2016-07-09 07:51:07,14,6
2016-07-09 08:01:11,14,6
2016-07-09 08:11:15,14,6
2016-07-09 08:21:19,14,6
2016-07-09 08:22:17,15,5
2016-07-09 08:32:21,15,5
2016-07-09 08:42:24,15,5
2016-07-09 08:46:00,14,6
2016-07-09 08:56:04,14,6
2016-07-09 09:16:11,14,6
2016-07-09 09:26:15,14,6
2016-07-09 09:36:19,14,6
2016-07-09 09:46:23,14,6
2016-07-09 09:56:26,14,6
2016-07-09 10:02:00,14,6
2016-07-09 10:02:36,13,7
2016-07-09 10:12:40,13,7
2016-07-09 10:22:43,13,7
2016-07-09 10:32:46,13,7
2016-07-09 10:42:50,13,7
2016-07-09 11:02:58,13,7
2016-07-09 11:13:01,13,7
2016-07-09 11:23:04,13,7
2016-07-09 11:33:08,13,7
2016-07-09 11:43:11,13,7
2016-07-09 11:47:40,12,8
2016-07-09 11:48:19,12,8
2016-07-09 11:58:23,12,8
2016-07-09 12:08:27,12,8
2016-07-09 12:18:31,12,8
2016-07-09 12:23:20,13,7
2016-07-09 12:31:52,14,6
2016-07-09 12:41:56,14,6
2016-07-09 12:52:00,14,6
2016-07-09 13:03:16,12,8
2016-07-09 13:13:19,12,8
2016-07-09 13:19:07,11,9
2016-07-09 13:29:10,11,9
2016-07-09 13:49:16,11,9
2016-07-09 13:56:47,11,9
2016-07-09 14:06:51,11,9
2016-07-09 14:16:55,11,9
2016-07-09 14:26:58,11,9
2016-07-09 14:37:02,11,9
2016-07-09 14:47:06,11,9
2016-07-09 14:57:10,11,9
2016-07-09 14:59:04,10,10
2016-07-09 15:01:32,9,11
2016-07-09 15:07:08,8,12
2016-07-09 15:17:11,8,12
2016-07-09 15:27:15,8,12
2016-07-09 15:37:18,8,12
2016-07-09 15:47:22,8,12
2016-07-09 15:57:26,8,12
2016-07-09 16:07:40,9,11
2016-07-09 16:17:48,9,11
2016-07-09 16:37:55,9,11
2016-07-09 16:58:05,8,12
2016-07-09 17:08:36,8,12
2016-07-09 17:45:41,7,13
2016-07-09 17:55:45,7,13
2016-07-09 18:05:50,7,13
2016-07-09 18:09:45,8,12
2016-07-09 18:10:33,7,13
2016-07-09 18:20:37,7,13
2016-07-09 18:30:41,7,13
2016-07-09 18:37:32,6,14
2016-07-09 18:50:05,7,13
2016-07-09 18:50:29,6,14
2016-07-09 19:00:10,7,13
2016-07-09 19:10:03,8,12
2016-07-09 19:20:07,8,12
2016-07-09 19:30:11,9,11
2016-07-09 19:30:43,10,10
2016-07-09 19:50:52,10,10
2016-07-09 20:00:57,10,10
2016-07-09 20:11:02,10,10
2016-07-09 20:21:02,9,11
2016-07-09 20:23:23,8,12
2016-07-09 20:24:50,7,13
2016-07-09 20:34:54,7,13
2016-07-09 20:43:06,8,12
2016-07-09 20:53:10,8,12
2016-07-09 21:03:14,8,12
2016-07-09 21:13:19,8,12
2016-07-09 21:14:24,9,11
2016-07-09 21:19:36,7,13
2016-07-09 21:29:40,7,13
2016-07-09 21:33:08,8,12
2016-07-09 21:43:12,8,12
2016-07-09 21:45:48,7,13
2016-07-09 21:55:53,7,13
2016-07-09 22:16:03,7,13
2016-07-09 22:17:50,8,12
2016-07-09 22:27:55,8,12
2016-07-09 22:38:00,8,12
2016-07-09 22:44:05,7,13
2016-07-09 23:04:15,7,13
2016-07-09 23:24:25,7,13
2016-07-09 23:34:29,7,13
2016-07-09 23:44:33,7,13
2016-07-09 23:54:38,7,13
2016-07-10 00:04:42,7,13
2016-07-10 00:08:04,9,11
2016-07-10 00:15:07,10,10
2016-07-10 00:25:11,10,10
2016-07-10 00:35:15,10,10
2016-07-10 01:15:30,10,10
2016-07-10 01:25:34,10,10
2016-07-10 01:35:37,10,10
2016-07-10 01:45:41,10,10
2016-07-10 01:55:45,10,10
2016-07-10 02:05:49,10,10
2016-07-10 02:09:46,10,10
2016-07-10 02:10:18,9,11
2016-07-10 02:20:23,9,11
2016-07-10 02:50:37,9,11
2016-07-10 02:56:24,10,10
2016-07-10 03:06:27,10,10
2016-07-10 03:16:32,10,10
2016-07-10 03:26:37,10,10
2016-07-10 03:36:42,10,10
2016-07-10 03:41:58,10,10
2016-07-10 03:42:18,9,11
2016-07-10 03:45:26,11,9
2016-07-10 03:56:09,10,10
2016-07-10 03:56:59,9,11
2016-07-10 04:07:04,9,11
2016-07-10 04:23:41,9,11
2016-07-10 04:33:46,10,10
2016-07-10 04:57:24,12,8
2016-07-10 05:07:29,12,8
2016-07-10 05:17:34,12,8
2016-07-10 05:27:38,12,8
2016-07-10 05:37:44,12,8
2016-07-10 05:47:48,12,8
2016-07-10 05:57:53,12,8
2016-07-10 06:07:57,12,8
2016-07-10 06:18:01,12,8
2016-07-10 06:28:06,12,8
2016-07-10 06:38:11,12,8
2016-07-10 06:48:16,12,8
2016-07-10 06:58:21,12,8
2016-07-10 07:08:26,12,8
2016-07-10 07:18:31,12,8
2016-07-10 07:28:36,12,8
2016-07-10 07:38:41,12,8
2016-07-10 07:48:46,12,8
2016-07-10 07:58:50,12,8
2016-07-10 08:08:54,12,8
2016-07-10 08:18:58,12,8
2016-07-10 08:29:02,12,8
2016-07-10 08:39:07,12,8
2016-07-10 08:49:11,12,8
2016-07-10 08:59:15,12,8
2016-07-10 09:09:20,12,8
2016-07-10 09:19:25,12,8
2016-07-10 09:29:29,12,8
2016-07-10 09:49:38,12,8
2016-07-10 09:59:43,12,8
2016-07-10 10:09:48,12,8
2016-07-10 10:19:53,12,8
2016-07-10 10:29:57,12,8
2016-07-10 10:50:06,12,8
2016-07-10 11:00:02,12,8
2016-07-10 11:01:54,12,8
2016-07-10 11:10:05,12,8
2016-07-10 11:11:48,11,9
2016-07-10 11:12:20,10,10
2016-07-10 11:19:06,12,8
2016-07-10 11:29:11,12,8
2016-07-10 11:39:16,12,8
2016-07-10 11:47:27,13,7
2016-07-10 12:07:37,13,7
2016-07-10 12:17:42,13,7
2016-07-10 12:27:46,13,7
2016-07-10 12:37:51,13,7
2016-07-10 12:47:56,13,7
2016-07-10 12:58:01,13,7
2016-07-10 13:08:07,12,8
2016-07-10 13:09:54,11,9
2016-07-10 13:10:29,10,10
2016-07-10 13:20:33,10,10
2016-07-10 13:30:37,10,10
2016-07-10 13:40:42,10,10
2016-07-10 13:50:47,10,10
2016-07-10 14:00:52,10,10
2016-07-10 14:15:30,9,11
2016-07-10 14:18:21,10,10
2016-07-10 14:28:26,10,10
2016-07-10 14:38:31,10,10
2016-07-10 14:48:36,10,10
2016-07-10 14:58:40,10,10
2016-07-10 15:12:07,12,8
2016-07-10 15:13:26,11,9
2016-07-10 15:16:03,13,7
2016-07-10 15:19:59,14,6
2016-07-10 15:30:03,14,6
2016-07-10 15:40:08,14,6
2016-07-10 15:49:38,16,4
2016-07-10 15:59:42,16,4
2016-07-10 16:09:47,16,4
2016-07-10 16:13:32,15,5
2016-07-10 16:23:37,15,5
2016-07-10 16:33:42,15,5
2016-07-10 16:43:47,15,5
2016-07-10 16:53:51,15,5
2016-07-10 16:55:51,14,6
2016-07-10 17:05:55,14,6
2016-07-10 17:15:59,14,6
2016-07-10 17:26:04,14,6
2016-07-10 17:36:08,14,6
2016-07-10 17:56:16,14,6
2016-07-10 18:06:21,14,6
2016-07-10 18:16:25,14,6
2016-07-10 18:19:20,13,7
2016-07-10 18:29:24,13,7
2016-07-10 18:39:29,13,7
2016-07-10 18:50:06,13,7
2016-07-10 18:51:03,12,8
2016-07-10 18:54:08,13,7
2016-07-10 19:04:04,13,7
2016-07-10 19:04:27,12,8
2016-07-10 19:14:31,12,8
2016-07-10 19:17:45,12,8
2016-07-10 19:28:55,9,11
2016-07-10 19:44:10,8,12
2016-07-10 19:44:13,9,11
2016-07-10 19:54:18,9,11
2016-07-10 20:04:22,9,11
2016-07-10 20:25:20,8,12
2016-07-10 20:35:25,8,12
2016-07-10 20:55:34,8,12
2016-07-10 20:57:46,7,13
2016-07-10 21:07:51,7,13
2016-07-10 21:17:55,7,13
2016-07-10 21:20:01,7,13
2016-07-10 21:22:43,4,16
2016-07-10 21:42:51,4,16
2016-07-10 21:52:56,4,16
2016-07-10 22:03:01,4,16
2016-07-10 22:13:39,5,15
2016-07-10 22:23:43,5,15
2016-07-10 22:44:27,6,14
2016-07-10 22:54:32,6,14
2016-07-10 23:04:37,6,14
2016-07-10 23:14:41,6,14
2016-07-10 23:24:46,6,14
2016-07-10 23:30:37,7,13
2016-07-10 23:36:00,8,12
2016-07-11 00:06:12,8,12
2016-07-11 00:16:17,8,12
2016-07-11 00:26:21,8,12
2016-07-11 00:45:18,9,11
2016-07-11 01:05:27,9,11
2016-07-11 01:15:33,9,11
2016-07-11 01:19:03,10,10
2016-07-11 01:29:07,10,10
2016-07-11 01:39:12,10,10
2016-07-11 01:49:16,10,10
2016-07-11 01:59:20,10,10
2016-07-11 02:09:24,10,10
2016-07-11 02:19:29,10,10
2016-07-11 02:29:34,10,10
2016-07-11 02:39:39,10,10
2016-07-11 02:49:44,10,10
2016-07-11 02:59:49,10,10
2016-07-11 03:09:53,10,10
2016-07-11 03:19:57,10,10
2016-07-11 03:32:02,12,8
2016-07-11 03:42:06,12,8
2016-07-11 03:44:08,13,7
2016-07-11 03:46:04,13,7
2016-07-11 04:04:39,13,7
2016-07-11 04:15:17,13,7
2016-07-11 04:22:11,13,7
2016-07-11 04:22:16,13,7
2016-07-11 04:32:19,13,7
2016-07-11 04:42:23,13,7
2016-07-11 04:52:28,13,7
2016-07-11 05:12:38,13,7
2016-07-11 05:22:43,13,7
2016-07-11 05:33:23,13,7
2016-07-11 05:43:27,13,7
2016-07-11 05:53:32,13,7
2016-07-11 06:03:36,13,7
2016-07-11 06:13:40,13,7
2016-07-11 06:23:43,13,7
2016-07-11 06:33:47,13,7
2016-07-11 06:43:51,13,7
2016-07-11 06:53:55,13,7
2016-07-11 07:03:59,13,7
2016-07-11 07:14:02,13,7
2016-07-11 07:24:06,13,7
2016-07-11 07:34:10,13,7
2016-07-11 07:37:28,14,6
2016-07-11 07:57:35,14,6
2016-07-11 08:07:35,15,5
2016-07-11 08:19:32,16,4
2016-07-11 08:29:37,16,4
2016-07-11 08:39:42,16,4
2016-07-11 08:46:49,15,5
2016-07-11 08:56:53,15,5
2016-07-11 09:06:58,15,5
2016-07-11 09:17:02,15,5
2016-07-11 09:27:06,15,5
2016-07-11 09:37:10,15,5
2016-07-11 09:47:14,15,5
2016-07-11 09:57:18,15,5
2016-07-11 10:07:22,15,5
2016-07-11 10:11:06,14,6
2016-07-11 10:21:49,14,6
2016-07-11 10:31:53,14,6
2016-07-11 10:41:57,14,6
2016-07-11 10:52:01,14,6
2016-07-11 11:02:05,14,6
2016-07-11 11:12:08,14,6
2016-07-11 11:22:12,14,6
2016-07-11 11:32:16,14,6
2016-07-11 11:42:20,14,6
2016-07-11 11:52:24,14,6
2016-07-11 12:02:28,14,6
2016-07-11 12:05:49,13,6
2016-07-11 12:11:03,14,5
2016-07-11 12:21:08,14,5
2016-07-11 12:31:12,14,5
2016-07-11 12:50:15,13,6
2016-07-11 13:00:20,13,6
2016-07-11 13:10:24,13,6
2016-07-11 13:20:29,13,6
2016-07-11 13:30:32,13,6
2016-07-11 13:40:36,13,6
2016-07-11 13:48:31,14,5
2016-07-11 13:56:08,13,6
2016-07-11 14:14:46,13,6
2016-07-11 14:28:46,13,6
2016-07-11 14:38:51,13,6
2016-07-11 14:48:55,13,6
2016-07-11 14:59:00,13,6
2016-07-11 15:09:04,13,6
2016-07-11 15:19:09,13,6
2016-07-11 15:29:13,13,6
2016-07-11 16:10:04,12,7
2016-07-11 16:16:12,11,8
2016-07-11 16:50:59,8,11
2016-07-11 17:11:07,8,11
2016-07-11 17:21:11,8,11
2016-07-11 17:31:14,8,11
2016-07-11 17:41:18,8,11
2016-07-11 17:51:35,7,12
2016-07-11 17:57:43,9,10
2016-07-11 18:07:48,9,10
2016-07-11 18:17:26,10,9
2016-07-11 18:23:06,9,10
2016-07-11 18:41:17,10,9
2016-07-11 18:44:44,11,8
2016-07-11 18:54:49,11,8
2016-07-11 19:04:53,11,8
2016-07-11 19:10:21,12,7
2016-07-11 19:20:25,12,7
2016-07-11 19:30:29,12,7
2016-07-11 19:34:48,11,8
2016-07-11 19:45:33,10,9
2016-07-11 19:55:37,10,9
2016-07-11 20:05:41,10,9
2016-07-11 20:15:46,10,9
2016-07-11 20:25:51,10,9
2016-07-11 20:33:07,11,8
2016-07-11 20:43:11,11,8
2016-07-11 20:53:15,11,8
2016-07-11 20:57:49,12,7
2016-07-11 21:07:53,12,7
2016-07-11 21:29:49,11,8
2016-07-11 21:39:54,11,8
2016-07-11 21:46:01,11,8
2016-07-11 21:46:35,10,9
2016-07-11 21:56:39,10,9
2016-07-11 22:06:43,10,9
2016-07-11 22:19:20,9,10
2016-07-11 22:29:25,9,10
2016-07-11 22:39:29,9,10
2016-07-11 22:49:34,9,10
2016-07-11 22:59:38,9,10
2016-07-11 23:09:42,9,10
2016-07-11 23:19:45,9,10
2016-07-11 23:29:50,9,10
2016-07-11 23:39:54,9,10
2016-07-11 23:49:57,9,10
2016-07-12 00:00:01,9,10
2016-07-12 00:10:04,9,10
2016-07-12 00:20:10,9,10
2016-07-12 00:30:14,9,10
2016-07-12 00:40:17,9,10
2016-07-12 00:50:21,9,10
2016-07-12 01:00:25,9,10
2016-07-12 01:10:30,9,10
2016-07-12 01:20:34,9,10
2016-07-12 01:27:11,10,9
2016-07-12 01:37:15,10,9
2016-07-12 01:47:19,10,9
2016-07-12 01:57:23,10,9
2016-07-12 02:07:28,10,9
2016-07-12 02:09:47,11,8
2016-07-12 02:19:52,11,8
2016-07-12 02:29:56,11,8
2016-07-12 02:40:12,12,7
2016-07-12 02:50:16,12,7
2016-07-12 03:00:19,12,7
2016-07-12 03:10:24,12,7
2016-07-12 03:30:33,12,7
2016-07-12 03:40:37,12,7
2016-07-12 03:50:42,12,7
2016-07-12 04:00:46,12,7
2016-07-12 04:10:51,12,7
2016-07-12 04:21:57,12,7
2016-07-12 04:32:02,12,7
2016-07-12 04:42:07,12,7
2016-07-12 04:52:12,12,7
2016-07-12 05:02:17,12,7
2016-07-12 05:12:20,12,7
2016-07-12 05:22:25,12,7
2016-07-12 05:32:29,12,7
2016-07-12 05:42:34,12,7
2016-07-12 05:52:38,12,7
2016-07-12 06:02:42,12,7
2016-07-12 06:12:47,12,7
2016-07-12 06:22:52,12,7
2016-07-12 06:32:56,12,7
2016-07-12 06:43:01,12,7
2016-07-12 06:53:06,12,7
2016-07-12 07:01:48,13,6
2016-07-12 07:11:52,13,6
2016-07-12 07:21:56,13,6
2016-07-12 07:32:00,13,6
2016-07-12 07:38:04,14,5
2016-07-12 07:48:08,14,5
2016-07-12 07:58:13,14,5
2016-07-12 08:00:54,14,6
2016-07-12 08:11:08,14,6
2016-07-12 08:21:13,14,6
2016-07-12 08:31:18,14,6
2016-07-12 08:41:54,14,6
2016-07-12 08:42:19,13,7
2016-07-12 08:52:23,13,7
2016-07-12 09:02:28,13,7
2016-07-12 09:12:33,13,7
2016-07-12 09:22:39,13,7
2016-07-12 09:32:43,13,7
2016-07-12 09:46:58,12,8
2016-07-12 09:57:02,12,8
2016-07-12 10:07:06,12,8
2016-07-12 10:17:12,12,8
2016-07-12 10:27:17,12,8
2016-07-12 10:37:21,12,8
2016-07-12 10:47:26,12,8
2016-07-12 10:57:30,12,8
2016-07-12 11:07:35,12,8
2016-07-12 11:27:45,12,8
2016-07-12 11:37:49,12,8
2016-07-12 11:47:53,12,8
2016-07-12 11:57:57,12,8
2016-07-12 12:03:01,11,9
2016-07-12 12:09:45,10,10
2016-07-12 12:19:49,10,10
2016-07-12 12:29:54,10,10
2016-07-12 12:45:21,10,10
2016-07-12 12:47:40,9,11
2016-07-12 12:57:44,9,11
2016-07-12 13:07:48,9,11
2016-07-12 13:17:52,9,11
2016-07-12 13:27:57,9,11
2016-07-12 13:38:02,9,11
2016-07-12 13:46:00,8,12
2016-07-12 13:56:04,8,12
2016-07-12 14:06:09,8,12
2016-07-12 14:16:14,8,12
2016-07-12 14:26:19,8,12
2016-07-12 14:46:29,8,12
2016-07-12 14:56:33,8,12
2016-07-12 15:06:41,9,11
2016-07-12 15:16:45,9,11
2016-07-12 15:26:48,9,11
2016-07-12 15:36:52,9,11
2016-07-12 15:40:44,10,10
2016-07-12 15:45:20,9,11
2016-07-12 16:01:55,10,10
2016-07-12 16:12:41,11,9
2016-07-12 16:17:19,10,10
2016-07-12 16:27:24,10,10
2016-07-12 16:37:28,10,10
2016-07-12 16:47:33,10,10
2016-07-12 16:52:02,8,12
2016-07-12 17:02:07,8,12
2016-07-12 17:12:44,8,12
2016-07-12 17:28:04,8,12
2016-07-12 17:38:08,8,12
2016-07-12 17:51:15,10,10
2016-07-12 18:01:19,10,10
2016-07-12 18:11:23,10,10
2016-07-12 18:15:35,10,10
2016-07-12 18:16:16,9,11
2016-07-12 18:21:47,8,12
2016-07-12 18:31:50,8,12
2016-07-12 18:32:56,7,13
2016-07-12 18:39:41,8,12
2016-07-12 19:09:51,8,12
2016-07-12 19:20:10,6,12
2016-07-12 19:21:06,5,13
2016-07-12 19:31:09,7,13
2016-07-12 19:37:48,7,13
2016-07-12 19:38:26,6,14
2016-07-12 19:51:19,6,14
2016-07-12 20:01:23,6,14
2016-07-12 20:07:39,7,13
2016-07-12 20:17:43,7,13
2016-07-12 20:26:47,8,12
2016-07-12 20:29:07,9,11
2016-07-12 20:39:10,9,11
2016-07-12 20:49:14,9,11
2016-07-12 20:59:18,9,11
2016-07-12 21:09:21,9,11
2016-07-12 21:11:15,8,12
2016-07-12 21:21:18,8,12
2016-07-12 21:31:22,8,12
2016-07-12 21:41:26,8,12
2016-07-12 21:51:29,8,12
2016-07-12 22:01:34,8,12
2016-07-12 22:11:38,8,12
2016-07-12 22:16:03,7,13
2016-07-12 22:26:07,7,13
2016-07-12 22:38:44,6,14
2016-07-12 22:48:47,6,14
2016-07-12 22:54:37,7,13
2016-07-12 23:13:48,7,13
2016-07-12 23:15:57,7,13
2016-07-12 23:35:25,8,12
2016-07-12 23:45:29,8,12
2016-07-12 23:55:33,8,12
2016-07-13 00:26:41,8,12
2016-07-13 00:29:38,9,11
2016-07-13 00:31:49,8,12
2016-07-13 01:02:03,8,12
2016-07-13 01:12:35,8,12
2016-07-13 01:15:56,8,12
2016-07-13 01:23:06,9,11
2016-07-13 01:32:23,10,10
2016-07-13 01:42:27,10,10
2016-07-13 01:52:32,10,10
2016-07-13 02:02:36,10,10
2016-07-13 02:12:40,10,10
2016-07-13 02:22:45,10,10
2016-07-13 02:32:49,10,10
2016-07-13 02:42:54,10,10
2016-07-13 02:52:58,10,10
2016-07-13 03:03:02,10,10
2016-07-13 03:13:06,10,10
2016-07-13 03:23:09,10,10
2016-07-13 03:33:14,10,10
2016-07-13 03:43:18,10,10
2016-07-13 03:53:22,10,10
2016-07-13 04:03:26,10,10
2016-07-13 04:13:30,10,10
2016-07-13 04:33:42,10,10
2016-07-13 04:43:46,10,10
2016-07-13 04:53:51,10,10
2016-07-13 05:03:54,10,10
2016-07-13 05:13:58,10,10
2016-07-13 05:24:02,10,10
2016-07-13 05:34:07,10,10
2016-07-13 05:44:11,10,10
2016-07-13 05:54:16,10,10
2016-07-13 05:59:25,11,9
2016-07-13 06:09:29,11,9
2016-07-13 06:19:34,11,9
2016-07-13 06:39:43,11,9
2016-07-13 06:49:48,11,9
2016-07-13 07:09:57,11,9
2016-07-13 07:20:02,11,9
2016-07-13 07:30:07,11,9
2016-07-13 07:40:12,11,9
2016-07-13 07:50:17,11,9
2016-07-13 08:00:21,11,9
2016-07-13 08:10:25,11,9
2016-07-13 08:16:28,12,8
2016-07-13 08:25:56,13,7
2016-07-13 08:36:01,13,7
2016-07-13 08:39:41,14,6
2016-07-13 08:45:50,13,7
2016-07-13 08:55:54,13,7
2016-07-13 09:05:59,13,7
2016-07-13 09:16:04,13,7
2016-07-13 09:26:09,13,7
2016-07-13 09:32:04,14,6
2016-07-13 09:43:50,12,8
2016-07-13 10:04:00,12,8
2016-07-13 10:14:05,12,8
2016-07-13 10:24:10,12,8
2016-07-13 10:26:37,12,8
2016-07-13 10:36:43,12,8
2016-07-13 10:46:47,12,8
2016-07-13 10:56:52,12,8
2016-07-13 11:06:57,12,8
2016-07-13 11:17:02,12,8
2016-07-13 11:27:07,12,8
2016-07-13 11:37:12,12,8
2016-07-13 11:47:17,12,8
2016-07-13 12:07:27,12,8
2016-07-13 12:35:18,11,9
2016-07-13 12:45:23,11,9
2016-07-13 12:55:28,11,9
2016-07-13 13:05:33,11,9
2016-07-13 13:15:37,11,9
2016-07-13 13:25:41,11,9
2016-07-13 13:55:56,11,9
2016-07-13 14:06:01,11,9
2016-07-13 14:16:04,11,9
2016-07-13 14:26:08,11,9
2016-07-13 14:26:55,12,8
2016-07-13 14:35:24,13,7
2016-07-13 14:37:34,14,6
2016-07-13 14:47:39,14,6
2016-07-13 14:51:21,15,5
2016-07-13 15:01:25,15,5
2016-07-13 15:11:29,15,5
2016-07-13 15:39:25,14,6
2016-07-13 15:47:27,15,5
2016-07-13 16:05:12,16,4
2016-07-13 16:07:59,15,5
2016-07-13 16:15:06,14,6
2016-07-13 16:25:12,14,6
2016-07-13 16:35:16,14,6
2016-07-13 16:36:45,13,7
2016-07-13 16:56:53,13,7
2016-07-13 17:07:37,13,7
2016-07-13 17:19:56,13,7
2016-07-13 17:34:03,13,7
2016-07-13 17:36:54,14,6
2016-07-13 17:40:42,13,7
2016-07-13 17:45:45,14,6
2016-07-13 17:59:30,13,7
2016-07-13 18:06:07,12,8
2016-07-13 18:31:07,11,9
2016-07-13 18:41:11,11,9
2016-07-13 18:51:15,11,9
2016-07-13 19:11:21,11,9
2016-07-13 19:23:02,10,10
2016-07-13 19:33:34,11,9
2016-07-13 19:40:02,10,10
2016-07-13 19:57:29,10,10
2016-07-13 20:07:33,10,10
2016-07-13 20:17:36,10,10
2016-07-13 20:27:40,10,10
2016-07-13 20:51:22,9,11
2016-07-13 21:01:26,9,11
2016-07-13 21:31:36,9,11
2016-07-13 21:51:44,9,11
2016-07-13 22:01:47,9,11
2016-07-13 22:11:51,9,11
2016-07-13 22:21:55,9,11
2016-07-13 22:31:58,9,11
2016-07-13 22:42:02,9,11
2016-07-13 23:02:10,9,11
2016-07-13 23:42:23,9,11
2016-07-13 23:52:26,9,11
2016-07-14 00:02:04,9,11
2016-07-14 00:03:53,8,12
2016-07-14 00:13:57,8,12
2016-07-14 00:24:00,8,12
2016-07-14 00:34:06,8,12
2016-07-14 00:44:09,8,12
2016-07-14 00:59:49,8,12
2016-07-14 01:00:51,9,11
2016-07-14 01:08:07,10,10
2016-07-14 01:09:38,10,10
2016-07-14 01:12:19,12,8
2016-07-14 01:23:59,15,5
2016-07-14 01:24:29,16,4
2016-07-14 01:34:32,16,4
2016-07-14 01:46:01,16,4
2016-07-14 01:47:51,15,5
2016-07-14 01:48:16,14,6
2016-07-14 01:58:19,14,6
2016-07-14 02:10:00,15,5
2016-07-14 02:12:58,17,3
2016-07-14 02:23:01,17,3
2016-07-14 02:33:04,17,3
2016-07-14 02:43:08,17,3
2016-07-14 02:53:12,17,3
2016-07-14 03:03:15,17,3
2016-07-14 03:04:27,18,2
2016-07-14 03:14:31,18,2
2016-07-14 03:18:11,19,1
2016-07-14 03:19:30,19,1
2016-07-14 03:20:31,19,1
2016-07-14 03:30:34,19,1
2016-07-14 03:40:38,19,1
2016-07-14 03:46:40,20,0
2016-07-14 03:56:43,20,0
2016-07-14 04:06:47,20,0
2016-07-14 04:16:01,20,0
2016-07-14 04:19:41,20,0
2016-07-14 04:29:44,20,0
2016-07-14 04:39:47,20,0
2016-07-14 04:49:51,20,0
2016-07-14 04:59:54,20,0
2016-07-14 05:09:57,20,0
2016-07-14 05:20:01,20,0
2016-07-14 05:30:05,20,0
2016-07-14 05:40:08,20,0
2016-07-14 05:50:12,20,0
2016-07-14 06:00:16,20,0
2016-07-14 06:10:20,20,0
2016-07-14 06:20:23,20,0
2016-07-14 06:30:27,20,0
2016-07-14 06:40:30,20,0
2016-07-14 06:50:34,20,0
2016-07-14 07:00:38,20,0
2016-07-14 07:10:42,20,0
2016-07-14 07:20:45,20,0
2016-07-14 07:30:49,20,0
2016-07-14 07:40:52,20,0
2016-07-14 07:50:56,20,0
2016-07-14 08:01:00,20,0
2016-07-14 08:11:04,20,0
2016-07-14 08:21:09,20,0
2016-07-14 08:31:12,20,0
2016-07-14 08:42:01,20,0
2016-07-14 08:42:29,19,1
2016-07-14 08:52:33,19,1
2016-07-14 09:02:37,19,1
2016-07-14 09:12:40,19,1
2016-07-14 09:22:44,19,1
2016-07-14 09:32:48,19,1
2016-07-14 09:42:52,19,1
2016-07-14 09:49:55,19,1
2016-07-14 09:51:12,17,3
2016-07-14 09:56:11,17,3
2016-07-14 09:56:50,16,4
2016-07-14 10:04:10,17,3
2016-07-14 10:14:13,17,3
2016-07-14 10:24:17,17,3
2016-07-14 10:34:21,17,3
2016-07-14 10:44:24,17,3
2016-07-14 10:54:28,17,3
2016-07-14 11:04:32,17,3
2016-07-14 11:14:09,11,9
2016-07-14 11:24:12,11,9
2016-07-14 11:34:16,11,9
2016-07-14 11:44:20,11,9
2016-07-14 11:54:24,11,9
2016-07-14 12:04:26,11,9
2016-07-14 12:14:29,11,9
2016-07-14 12:24:34,11,9
2016-07-14 12:34:38,11,9
2016-07-14 12:44:41,11,9
2016-07-14 12:54:46,11,9
2016-07-14 13:02:06,11,9
2016-07-14 13:02:27,10,10
2016-07-14 13:12:31,10,10
2016-07-14 13:22:36,10,10
2016-07-14 13:32:40,10,10
2016-07-14 13:42:43,10,10
2016-07-14 13:52:47,10,10
2016-07-14 14:02:51,10,10
2016-07-14 14:12:46,9,11
2016-07-14 14:22:50,9,11
2016-07-14 14:26:07,9,11
2016-07-14 14:26:32,8,12
2016-07-14 14:36:36,8,12
2016-07-14 14:46:40,8,12
2016-07-14 14:56:44,8,12
2016-07-14 15:07:59,8,12
2016-07-14 15:10:00,9,11
2016-07-14 15:20:04,9,11
2016-07-14 15:30:08,9,11
2016-07-14 15:40:12,9,11
2016-07-14 15:52:08,10,10
2016-07-14 16:02:24,10,10
2016-07-14 16:12:28,10,10
2016-07-14 16:22:32,10,10
2016-07-14 16:32:37,10,10
2016-07-14 16:36:15,11,9
2016-07-14 16:39:40,13,7
2016-07-14 16:49:43,13,7
2016-07-14 16:59:47,13,7
2016-07-14 17:11:09,13,7
2016-07-14 17:40:10,13,7
2016-07-14 17:50:15,13,7
2016-07-14 18:00:20,13,7
2016-07-14 18:10:25,13,7
2016-07-14 18:20:29,13,7
2016-07-14 18:28:25,12,8
2016-07-14 18:38:29,12,8
2016-07-14 18:48:34,12,8
2016-07-14 18:58:39,12,8
2016-07-14 19:11:56,14,6
2016-07-14 19:42:44,14,6
2016-07-14 19:54:04,14,6
2016-07-14 19:54:31,13,7
2016-07-14 20:04:36,13,7
2016-07-14 20:14:41,13,7
2016-07-14 20:24:45,13,7
2016-07-14 20:34:49,13,7
2016-07-14 20:44:53,13,7
2016-07-14 21:06:02,12,8
2016-07-14 21:06:52,11,9
2016-07-14 21:15:32,10,10
2016-07-14 21:25:37,10,10
2016-07-14 21:35:42,10,10
2016-07-14 21:45:47,10,10
2016-07-14 21:59:42,12,8
2016-07-14 22:09:46,12,8
2016-07-14 22:19:50,12,8
2016-07-14 22:29:55,12,8
2016-07-14 22:50:04,12,8
2016-07-14 23:00:09,12,8
2016-07-14 23:10:14,12,8
2016-07-14 23:20:19,12,8
2016-07-14 23:24:31,13,7
2016-07-14 23:27:22,13,7
2016-07-14 23:37:27,13,7
2016-07-14 23:42:55,16,4
2016-07-14 23:45:01,20,0
2016-07-14 23:55:05,20,0
2016-07-15 00:15:15,20,0
2016-07-15 00:25:20,20,0
2016-07-15 00:35:25,20,0
2016-07-15 00:45:38,20,0
2016-07-15 00:55:42,20,0
2016-07-15 01:05:47,20,0
2016-07-15 01:15:53,20,0
2016-07-15 01:25:57,20,0
2016-07-15 01:36:02,20,0
2016-07-15 01:46:07,20,0
2016-07-15 02:06:17,20,0
2016-07-15 02:16:21,20,0
2016-07-15 02:26:25,20,0
2016-07-15 02:36:31,20,0
2016-07-15 02:43:14,19,1
2016-07-15 02:44:49,19,1
2016-07-15 02:54:53,19,1
2016-07-15 03:04:58,19,1
2016-07-15 03:15:02,19,1
2016-07-15 03:18:05,20,0
2016-07-15 03:28:09,20,0
2016-07-15 03:38:14,20,0
2016-07-15 03:48:19,20,0
2016-07-15 03:58:24,20,0
2016-07-15 04:00:46,20,0
2016-07-15 04:10:50,20,0
2016-07-15 04:23:35,20,0
2016-07-15 05:34:05,20,0
2016-07-15 05:44:10,20,0
2016-07-15 05:54:15,20,0
2016-07-15 06:04:19,20,0
2016-07-15 06:14:23,20,0
2016-07-15 06:44:39,20,0
2016-07-15 06:54:43,20,0
2016-07-15 07:04:48,20,0
2016-07-15 07:14:54,20,0
2016-07-15 07:24:58,20,0
2016-07-15 07:55:12,20,0
2016-07-15 08:05:18,20,0
2016-07-15 08:09:55,12,8
2016-07-15 08:19:01,13,7
2016-07-15 08:22:41,13,7
2016-07-15 08:32:45,13,7
2016-07-15 08:42:50,13,7
2016-07-15 08:47:08,12,8
2016-07-15 08:57:12,12,8
2016-07-15 09:07:16,12,8
2016-07-15 09:17:21,12,8
2016-07-15 09:27:26,12,8
2016-07-15 09:47:36,12,8
2016-07-15 09:55:56,11,8
2016-07-15 09:58:49,10,9
2016-07-15 10:03:49,10,9
2016-07-15 10:05:50,9,10
2016-07-15 10:06:16,9,11
2016-07-15 10:16:21,9,11
2016-07-15 10:36:31,9,11
2016-07-15 10:46:36,9,11
2016-07-15 10:55:45,9,11
2016-07-15 10:56:50,8,12
2016-07-15 11:16:58,8,12
2016-07-15 11:24:52,9,11
2016-07-15 11:49:57,10,10
2016-07-15 11:50:16,10,10
2016-07-15 12:00:21,10,10
2016-07-15 12:10:26,10,10
2016-07-15 12:20:31,10,10
2016-07-15 12:50:45,10,10
2016-07-15 13:00:55,9,11
2016-07-15 13:10:59,9,11
2016-07-15 13:21:04,9,11
2016-07-15 13:31:09,9,11
2016-07-15 13:34:44,8,12
2016-07-15 13:42:00,9,11
2016-07-15 14:12:13,9,11
2016-07-15 14:32:23,9,11
2016-07-15 14:42:27,9,11
2016-07-15 14:52:32,9,11
2016-07-15 14:55:49,8,12
2016-07-15 15:05:54,8,12
2016-07-15 15:15:59,8,12
2016-07-15 15:16:59,7,13
2016-07-15 15:27:04,7,13
2016-07-15 15:37:09,7,13
2016-07-15 15:47:14,7,13
2016-07-15 15:57:18,7,13
2016-07-15 16:00:06,7,13
2016-07-15 16:07:37,7,13
2016-07-15 16:09:08,6,14
2016-07-15 16:19:13,6,14
2016-07-15 16:39:23,6,14
2016-07-15 16:49:27,6,14
2016-07-15 16:55:23,5,15
2016-07-15 16:57:28,6,14
2016-07-15 17:07:33,6,14
2016-07-15 17:17:38,6,14
2016-07-15 17:27:43,6,14
2016-07-15 17:47:52,6,14
2016-07-15 17:53:05,5,15
2016-07-15 18:03:10,5,15
2016-07-15 18:13:15,5,15
2016-07-15 18:19:22,6,14
2016-07-15 18:29:28,6,14
2016-07-15 18:39:33,6,14
2016-07-15 18:49:38,6,14
2016-07-15 18:57:53,5,15
2016-07-15 19:01:42,6,14
2016-07-15 19:11:46,6,14
2016-07-15 19:21:51,6,14
2016-07-15 19:31:56,6,14
2016-07-15 19:42:01,6,14
2016-07-15 19:52:06,6,14
2016-07-15 20:02:10,6,14
2016-07-15 20:12:15,6,14
2016-07-15 20:22:19,6,14
2016-07-15 20:42:27,6,14
2016-07-15 20:52:32,6,14
2016-07-15 21:02:37,6,14
2016-07-15 21:12:41,6,14
2016-07-15 21:53:00,6,14
2016-07-15 22:03:05,6,14
2016-07-15 22:23:17,6,14
2016-07-15 22:33:22,6,14
2016-07-15 22:43:27,6,14
2016-07-15 22:53:32,6,14
2016-07-15 23:03:37,6,14
2016-07-15 23:14:02,6,14
2016-07-15 23:19:51,6,14
2016-07-15 23:38:00,6,14
2016-07-15 23:48:04,6,14
2016-07-15 23:54:04,7,13
2016-07-16 00:04:09,7,13
2016-07-16 00:14:14,7,13
2016-07-16 00:19:03,8,12
2016-07-16 00:29:08,8,12
2016-07-16 00:39:13,8,12
2016-07-16 00:48:04,9,11
2016-07-16 00:58:09,9,11
2016-07-16 01:08:13,9,11
2016-07-16 01:38:28,9,11
2016-07-16 01:48:33,9,11
2016-07-16 01:58:38,9,11
2016-07-16 02:18:48,9,11
2016-07-16 02:28:53,9,11
2016-07-16 02:38:58,9,11
2016-07-16 02:49:03,9,11
2016-07-16 02:59:08,9,11
2016-07-16 03:09:12,9,11
2016-07-16 03:19:17,9,11
2016-07-16 03:29:22,9,11
2016-07-16 03:39:28,9,11
2016-07-16 03:49:33,9,11
2016-07-16 03:59:36,9,11
2016-07-16 04:09:41,9,11
2016-07-16 04:16:16,9,11
2016-07-16 04:23:41,9,11
2016-07-16 04:33:46,9,11
2016-07-16 04:43:50,9,11
2016-07-16 04:53:54,9,11
2016-07-16 05:03:57,9,11
2016-07-16 05:14:01,9,11
2016-07-16 05:44:15,9,11
2016-07-16 05:54:19,9,11
2016-07-16 06:04:22,9,11
2016-07-16 06:14:26,9,11
2016-07-16 06:24:30,9,11
2016-07-16 06:34:34,9,11
2016-07-16 06:44:39,9,11
2016-07-16 06:54:43,9,11
2016-07-16 07:04:48,9,11
2016-07-16 07:14:52,9,11
2016-07-16 07:24:56,9,11
2016-07-16 07:35:00,9,11
2016-07-16 07:55:08,9,11
2016-07-16 08:05:13,9,11
2016-07-16 08:15:18,9,11
2016-07-16 08:25:23,9,11
2016-07-16 08:35:28,9,11
2016-07-16 08:45:33,9,11
2016-07-16 08:55:38,9,11
2016-07-16 09:05:43,9,11
2016-07-16 09:15:48,9,11
2016-07-16 09:25:53,9,11
2016-07-16 09:35:58,9,11
2016-07-16 09:46:03,9,11
2016-07-16 09:56:07,9,11
2016-07-16 10:06:12,9,11
2016-07-16 10:16:17,9,11
2016-07-16 10:36:26,9,11
2016-07-16 10:48:10,8,12
2016-07-16 10:49:11,8,12
2016-07-16 10:59:16,8,12
2016-07-16 11:13:49,7,13
2016-07-16 11:23:53,7,13
2016-07-16 11:44:03,7,13
2016-07-16 11:54:07,7,13
2016-07-16 12:04:12,7,13
2016-07-16 12:14:17,7,13
2016-07-16 12:24:22,7,13
2016-07-16 12:34:27,7,13
2016-07-16 12:44:32,7,13
2016-07-16 12:54:37,7,13
2016-07-16 12:59:45,6,14
2016-07-16 13:09:49,6,14
2016-07-16 13:19:54,6,14
2016-07-16 13:29:59,6,14
2016-07-16 13:50:08,6,14
2016-07-16 14:00:13,6,14
2016-07-16 14:10:17,6,14
2016-07-16 14:20:20,6,14
2016-07-16 14:30:24,6,14
2016-07-16 14:39:48,6,14
2016-07-16 15:10:01,6,14
2016-07-16 15:20:05,6,14
2016-07-16 15:30:10,6,14
2016-07-16 15:39:04,4,16
2016-07-16 15:55:25,3,17
2016-07-16 16:05:30,3,17
2016-07-16 16:15:34,3,17
2016-07-16 16:25:38,3,17
2016-07-16 16:36:29,4,16
2016-07-16 16:46:34,4,16
2016-07-16 16:56:38,4,16
2016-07-16 17:06:56,4,16
2016-07-16 17:12:28,4,16
2016-07-16 17:21:12,4,16
2016-07-16 17:31:15,4,16
2016-07-16 17:41:49,5,15
2016-07-16 17:46:39,4,16
2016-07-16 18:06:46,4,16
2016-07-16 18:27:20,5,15
2016-07-16 18:37:23,5,15
2016-07-16 18:47:27,5,15
2016-07-16 18:57:41,5,15
2016-07-16 18:58:16,6,14
2016-07-16 19:08:19,6,14
2016-07-16 19:14:43,8,12
2016-07-16 19:24:47,8,12
2016-07-16 19:34:50,8,12
2016-07-16 19:44:54,8,12
2016-07-16 19:54:58,8,12
2016-07-16 20:05:02,8,12
2016-07-16 20:15:05,8,12
2016-07-16 20:25:09,8,12
2016-07-16 20:35:13,8,12
2016-07-16 20:45:17,8,12
2016-07-16 20:55:21,8,12
2016-07-16 21:25:32,8,12
2016-07-16 21:35:35,8,12
2016-07-16 21:45:39,8,12
2016-07-16 22:10:16,7,13
2016-07-16 22:20:20,7,13
2016-07-16 22:28:15,8,12
2016-07-16 22:38:19,8,12
2016-07-16 22:48:23,8,12
2016-07-16 22:58:27,8,12
2016-07-16 23:08:30,8,12
2016-07-16 23:13:35,9,11
2016-07-16 23:20:34,8,12
2016-07-16 23:30:38,8,12
2016-07-16 23:42:25,7,13
2016-07-16 23:47:35,8,12
2016-07-16 23:57:39,8,12
2016-07-17 00:07:42,8,12
2016-07-17 00:17:46,8,12
2016-07-17 00:21:17,7,13
2016-07-17 00:22:49,6,14
2016-07-17 00:32:52,6,14
2016-07-17 00:50:32,7,13
2016-07-17 01:00:35,7,13
2016-07-17 01:10:39,7,13
2016-07-17 01:20:42,7,13
2016-07-17 01:30:46,7,13
2016-07-17 01:40:50,7,13
2016-07-17 01:50:54,7,13
2016-07-17 02:00:58,7,13
2016-07-17 02:14:52,8,12
2016-07-17 02:55:07,8,12
2016-07-17 03:35:23,8,12
2016-07-17 04:05:34,8,12
2016-07-17 04:25:50,10,10
2016-07-17 04:35:54,10,10
2016-07-17 04:45:57,10,10
2016-07-17 04:56:01,10,10
2016-07-17 05:06:05,10,10
2016-07-17 05:16:09,10,10
2016-07-17 05:26:12,10,10
2016-07-17 05:36:16,10,10
2016-07-17 05:46:20,10,10
2016-07-17 05:56:24,10,10
2016-07-17 06:06:27,10,10
2016-07-17 06:16:31,10,10
2016-07-17 06:26:35,10,10
2016-07-17 06:36:39,10,10
2016-07-17 06:46:43,10,10
2016-07-17 06:56:46,10,10
2016-07-17 07:06:50,10,10
2016-07-17 07:16:54,10,10
2016-07-17 07:26:58,10,10
2016-07-17 07:35:50,11,9
2016-07-17 07:45:53,11,9
2016-07-17 07:55:57,11,9
2016-07-17 08:16:04,11,9
2016-07-17 08:26:08,11,9
2016-07-17 08:37:42,10,10
2016-07-17 08:47:46,10,10
2016-07-17 08:57:50,10,10
2016-07-17 09:07:54,10,10
2016-07-17 09:17:57,10,10
2016-07-17 09:28:01,10,10
2016-07-17 09:38:05,10,10
2016-07-17 09:39:29,11,9
2016-07-17 09:49:32,11,9
2016-07-17 09:59:36,11,9
2016-07-17 10:09:40,11,9
2016-07-17 10:19:43,11,9
2016-07-17 10:29:51,11,9
2016-07-17 10:32:10,10,10
2016-07-17 10:32:46,9,11
2016-07-17 10:41:25,8,12
2016-07-17 10:47:44,8,12
2016-07-17 10:48:18,7,13
2016-07-17 10:58:21,7,13
2016-07-17 11:08:25,7,13
2016-07-17 11:18:28,7,13
2016-07-17 11:27:08,6,14
2016-07-17 11:37:12,6,14
2016-07-17 11:44:11,6,14
2016-07-17 11:44:49,4,16
2016-07-17 11:54:53,4,16
2016-07-17 11:58:42,5,15
2016-07-17 12:08:46,5,15
2016-07-17 12:16:09,5,15
2016-07-17 12:26:16,6,14
2016-07-17 12:36:21,6,14
2016-07-17 12:43:06,5,15
2016-07-17 12:53:10,5,15
2016-07-17 13:04:10,5,15
2016-07-17 13:04:36,4,16
2016-07-17 13:10:03,5,15
2016-07-17 13:20:07,5,15
2016-07-17 13:30:11,5,15
2016-07-17 13:40:15,5,15
2016-07-17 13:47:11,7,13
2016-07-17 13:57:15,7,13
2016-07-17 14:07:03,6,14
2016-07-17 14:17:06,6,14
2016-07-17 14:27:11,6,14
2016-07-17 14:37:15,6,14
2016-07-17 14:47:18,6,14
2016-07-17 14:50:43,7,13
2016-07-17 15:00:48,7,13
2016-07-17 15:10:51,7,13
2016-07-17 15:18:05,7,13
2016-07-17 15:38:53,6,14
2016-07-17 15:43:55,6,14
2016-07-17 15:44:22,5,15
2016-07-17 15:54:25,5,15
2016-07-17 16:04:29,5,15
2016-07-17 16:14:33,5,15
2016-07-17 16:18:49,6,14
2016-07-17 16:27:57,7,13
2016-07-17 16:38:00,7,13
2016-07-17 16:42:36,8,12
2016-07-17 16:52:39,8,12
2016-07-17 17:02:44,8,12
2016-07-17 17:13:16,8,12
2016-07-17 17:34:09,8,12
2016-07-17 17:36:01,7,13
2016-07-17 17:56:11,7,13
2016-07-17 18:03:57,7,13
2016-07-17 18:06:21,4,16
2016-07-17 18:16:25,4,16
2016-07-17 18:36:35,4,16
2016-07-17 18:43:02,5,15
2016-07-17 18:54:47,4,16
2016-07-17 19:15:05,4,16
2016-07-17 19:25:10,4,16
2016-07-17 19:35:15,4,16
2016-07-17 19:43:12,4,16
2016-07-17 20:03:22,4,16
2016-07-17 20:13:14,4,16
2016-07-17 20:23:20,4,16
2016-07-17 20:33:24,4,16
2016-07-17 20:43:29,4,16
2016-07-17 20:53:33,4,16
2016-07-17 21:13:42,4,16
2016-07-17 21:23:46,4,16
2016-07-17 21:33:50,4,16
2016-07-17 21:36:51,3,17
2016-07-17 21:46:56,3,17
2016-07-17 21:57:00,3,17
2016-07-17 22:07:05,3,17
2016-07-17 22:10:02,3,17
2016-07-17 22:10:37,2,18
2016-07-17 22:20:41,2,18
2016-07-17 22:30:46,2,18
2016-07-17 22:40:50,2,18
2016-07-17 22:50:54,2,18
2016-07-17 23:00:59,2,18
2016-07-17 23:11:03,2,18
2016-07-17 23:15:58,3,17
2016-07-17 23:26:02,3,17
2016-07-17 23:33:56,2,18
2016-07-17 23:44:00,2,18
2016-07-17 23:54:05,2,18
2016-07-17 23:59:41,2,18
2016-07-18 00:20:35,2,18
2016-07-18 00:30:40,2,18
2016-07-18 00:40:44,2,18
2016-07-18 00:50:49,2,18
2016-07-18 00:56:56,0,20
2016-07-18 01:07:01,0,20
2016-07-18 01:15:19,1,19
2016-07-18 01:25:24,1,19
2016-07-18 01:35:29,1,19
2016-07-18 01:45:34,1,19
2016-07-18 01:51:45,0,20
2016-07-18 02:01:49,0,20
2016-07-18 02:16:09,1,19
2016-07-18 02:26:14,1,19
2016-07-18 02:36:19,1,19
2016-07-18 02:46:24,1,19
2016-07-18 02:56:29,1,19
2016-07-18 04:13:39,1,19
2016-07-18 04:15:35,1,19
2016-07-18 04:29:53,1,19
2016-07-18 04:39:57,1,19
2016-07-18 04:50:02,1,19
2016-07-18 05:00:07,1,19
2016-07-18 05:10:10,1,19
2016-07-18 05:50:26,1,19
2016-07-18 06:00:30,1,19
2016-07-18 06:10:35,1,19
2016-07-18 06:12:15,2,18
2016-07-18 06:20:01,2,18
2016-07-18 06:20:20,1,19
2016-07-18 06:30:25,1,19
2016-07-18 06:40:30,1,19
2016-07-18 06:50:35,1,19
2016-07-18 07:00:40,1,19
2016-07-18 07:11:58,2,18
2016-07-18 07:22:03,2,18
2016-07-18 07:32:06,2,18
2016-07-18 07:52:16,2,18
2016-07-18 08:02:22,2,18
2016-07-18 08:12:26,2,18
2016-07-18 08:19:12,3,17
2016-07-18 08:33:38,2,18
2016-07-18 08:41:45,1,19
2016-07-18 08:51:51,1,19
2016-07-18 09:01:55,1,19
2016-07-18 09:11:59,1,19
2016-07-18 09:22:04,1,19
2016-07-18 09:32:09,1,19
2016-07-18 09:42:14,1,19
2016-07-18 09:48:04,1,19
2016-07-18 09:48:34,0,20
2016-07-18 09:58:39,0,20
2016-07-18 10:01:47,1,19
2016-07-18 10:11:53,1,19
2016-07-18 10:13:26,0,20
2016-07-18 10:23:32,0,20
2016-07-18 10:33:37,0,20
2016-07-18 10:43:42,0,20
2016-07-18 10:53:47,0,20
2016-07-18 11:03:53,0,20
2016-07-18 11:13:58,0,20
2016-07-18 11:24:04,0,20
2016-07-18 11:34:09,0,20
2016-07-18 11:44:15,0,20
2016-07-18 11:54:22,0,20
2016-07-18 12:04:26,0,20
2016-07-18 12:14:31,0,20
2016-07-18 12:24:36,0,20
2016-07-18 12:34:41,0,20
2016-07-18 12:44:46,0,20
2016-07-18 12:54:51,0,20
2016-07-18 13:04:55,0,20
2016-07-18 13:15:00,0,20
2016-07-18 13:23:23,1,19
2016-07-18 13:33:27,1,19
2016-07-18 13:43:31,1,19
2016-07-18 13:53:35,1,19
2016-07-18 14:03:40,1,19
2016-07-18 14:10:00,0,20
2016-07-18 14:20:05,0,20
2016-07-18 14:30:09,0,20
2016-07-18 14:37:32,1,19
2016-07-18 14:47:36,1,19
2016-07-18 14:57:41,1,19
2016-07-18 15:12:43,2,18
2016-07-18 15:29:16,0,20
2016-07-18 15:39:22,0,20
2016-07-18 15:49:26,0,20
2016-07-18 16:09:36,0,20
2016-07-18 16:19:42,0,20
2016-07-18 16:29:47,0,20
2016-07-18 16:39:52,0,20
2016-07-18 16:49:55,0,20
2016-07-18 17:10:59,0,20
2016-07-18 17:42:10,0,20
2016-07-18 17:52:13,0,20
2016-07-18 18:02:17,0,20
2016-07-18 18:12:21,0,20
2016-07-18 18:22:24,0,20
2016-07-18 18:32:29,0,20
2016-07-18 18:42:33,0,20
2016-07-18 18:44:49,2,18
2016-07-18 19:02:42,3,17
2016-07-18 19:15:53,2,18
2016-07-18 19:25:56,2,18
2016-07-18 19:36:00,2,18
2016-07-18 19:37:38,1,19
2016-07-18 19:47:43,1,19
2016-07-18 20:07:53,1,19
2016-07-18 20:12:18,2,18
2016-07-18 20:19:19,1,19
2016-07-18 20:29:23,1,19
2016-07-18 20:39:27,1,19
2016-07-18 20:46:03,0,20
2016-07-18 20:56:07,0,20
2016-07-18 21:16:17,0,20
2016-07-18 21:26:21,0,20
2016-07-18 21:36:25,0,20
2016-07-18 21:40:51,1,19
2016-07-18 21:50:55,1,19
2016-07-18 22:00:05,2,18
2016-07-18 22:00:31,1,19
2016-07-18 22:09:48,2,18
2016-07-18 22:19:51,2,18
2016-07-18 22:29:55,2,18
2016-07-18 22:39:59,2,18
2016-07-18 22:50:03,2,18
2016-07-18 23:00:06,2,18
2016-07-18 23:13:51,1,19
2016-07-18 23:23:55,1,19
2016-07-18 23:28:27,2,18
2016-07-18 23:38:31,2,18
2016-07-18 23:48:34,2,18
2016-07-19 00:28:49,2,18
2016-07-19 00:38:53,2,18
2016-07-19 00:57:27,1,19
2016-07-19 01:07:44,1,19
2016-07-19 01:16:02,2,18
2016-07-19 01:16:51,1,19
2016-07-19 01:26:54,1,19
2016-07-19 01:36:58,1,19
2016-07-19 01:47:02,1,19
2016-07-19 01:57:05,1,19
2016-07-19 02:07:09,1,19
2016-07-19 02:17:13,1,19
2016-07-19 02:23:50,2,18
2016-07-19 02:43:57,2,18
2016-07-19 02:54:01,2,18
2016-07-19 03:04:05,2,18
2016-07-19 03:24:12,2,18
2016-07-19 03:44:18,2,18
2016-07-19 03:54:22,2,18
2016-07-19 04:22:22,2,18
2016-07-19 04:52:33,2,18
2016-07-19 05:02:36,2,18
2016-07-19 05:12:40,2,18
2016-07-19 05:22:44,2,18
2016-07-19 05:32:48,2,18
2016-07-19 05:46:30,1,19
2016-07-19 05:56:33,1,19
2016-07-19 06:06:37,1,19
2016-07-19 06:16:40,1,19
2016-07-19 06:26:43,1,19
2016-07-19 06:36:47,1,19
2016-07-19 06:46:51,1,19
2016-07-19 06:56:54,1,19
2016-07-19 07:04:09,1,19
2016-07-19 07:14:14,1,19
2016-07-19 07:24:18,1,19
2016-07-19 07:27:15,0,20
2016-07-19 07:37:18,0,20
2016-07-19 07:47:22,0,20
2016-07-19 07:57:25,0,20
2016-07-19 08:13:18,1,19
2016-07-19 08:23:21,1,19
2016-07-19 08:33:26,1,19
2016-07-19 08:43:30,1,19
2016-07-19 08:52:36,0,20
2016-07-19 09:02:40,0,20
2016-07-19 09:12:43,0,20
2016-07-19 09:22:47,0,20
2016-07-19 09:32:50,0,20
2016-07-19 09:42:54,0,20
2016-07-19 09:52:58,0,20
2016-07-19 10:03:02,0,20
2016-07-19 10:13:06,0,20
2016-07-19 10:23:20,0,20
2016-07-19 10:39:31,5,15
2016-07-19 10:49:35,5,15
2016-07-19 10:51:29,6,14
2016-07-19 11:01:33,6,14
2016-07-19 11:41:48,6,14
2016-07-19 11:51:51,6,14
2016-07-19 11:58:36,5,15
2016-07-19 12:05:44,5,15
2016-07-19 12:16:51,6,14
2016-07-19 12:26:54,6,14
2016-07-19 12:36:58,6,14
2016-07-19 12:47:02,6,14
2016-07-19 12:57:05,6,14
2016-07-19 13:07:09,6,14
2016-07-19 13:27:17,6,14
2016-07-19 13:37:19,6,14
2016-07-19 13:57:27,6,14
2016-07-19 14:07:31,6,14
2016-07-19 14:17:34,6,14
2016-07-19 14:27:37,6,14
2016-07-19 14:37:41,6,14
2016-07-19 14:39:52,7,13
2016-07-19 14:50:03,7,13
2016-07-19 14:50:36,6,14
2016-07-19 15:00:39,6,14
2016-07-19 15:10:43,6,14
2016-07-19 15:20:47,6,14
2016-07-19 15:30:50,6,14
2016-07-19 15:40:54,6,14
2016-07-19 15:57:35,6,14
2016-07-19 16:07:39,6,14
2016-07-19 16:17:54,6,14
2016-07-19 16:27:58,6,14
2016-07-19 16:31:52,7,13
2016-07-19 16:40:47,6,14
2016-07-19 16:50:51,6,14
2016-07-19 17:00:54,6,14
2016-07-19 17:07:47,5,15
2016-07-19 17:08:17,4,16
2016-07-19 17:21:50,3,17
2016-07-19 17:31:54,3,17
2016-07-19 17:42:57,5,15
2016-07-19 17:53:00,5,15
2016-07-19 17:57:04,6,14
2016-07-19 18:07:07,6,14
2016-07-19 18:21:57,4,16
2016-07-19 18:32:01,4,16
2016-07-19 19:02:12,4,16
2016-07-19 19:12:16,4,16
2016-07-19 19:23:33,3,17
2016-07-19 19:33:36,3,17
2016-07-19 19:40:12,3,17
2016-07-19 19:40:36,2,18
2016-07-19 19:50:39,2,18
2016-07-19 20:00:43,2,18
2016-07-19 20:10:47,2,18
2016-07-19 20:20:51,2,18
2016-07-19 20:31:04,3,17
2016-07-19 20:41:07,3,17
2016-07-19 20:51:11,3,17
2016-07-19 21:01:15,3,17
2016-07-19 21:10:03,2,18
2016-07-19 21:20:07,2,18
2016-07-19 21:30:11,2,18
2016-07-19 21:40:15,2,18
2016-07-19 21:50:18,2,18
2016-07-19 22:00:22,2,18
2016-07-19 22:10:26,2,18
2016-07-19 22:20:29,2,18
2016-07-19 22:30:33,2,18
2016-07-19 22:40:37,2,18
2016-07-19 22:50:40,2,18
2016-07-19 23:00:44,2,18
2016-07-19 23:10:47,2,18
2016-07-19 23:25:53,2,18
2016-07-19 23:30:52,3,17
2016-07-19 23:40:56,3,17
2016-07-19 23:47:07,4,16
2016-07-19 23:57:10,4,16
2016-07-20 00:02:06,5,15
2016-07-20 00:12:09,5,15
2016-07-20 00:22:12,5,15
2016-07-20 00:32:15,5,15
2016-07-20 00:42:19,5,15
2016-07-20 00:47:41,5,15
2016-07-20 00:49:38,5,15
2016-07-20 00:51:14,4,16
2016-07-20 01:01:18,4,16
2016-07-20 01:11:21,4,16
2016-07-20 01:21:25,4,16
2016-07-20 01:31:28,4,16
2016-07-20 01:41:31,4,16
2016-07-20 01:51:35,4,16
2016-07-20 02:01:39,4,16
2016-07-20 02:11:42,4,16
2016-07-20 02:21:46,4,16
2016-07-20 02:31:50,4,16
2016-07-20 02:41:54,4,16
2016-07-20 02:51:57,4,16
2016-07-20 02:58:17,5,15
2016-07-20 03:47:52,5,15
2016-07-20 03:57:56,5,15
2016-07-20 04:19:50,5,15
2016-07-20 04:29:54,5,15
2016-07-20 04:39:58,5,15
2016-07-20 04:50:02,5,15
2016-07-20 05:00:05,5,15
2016-07-20 05:10:09,5,15
2016-07-20 05:20:12,5,15
2016-07-20 05:30:16,5,15
2016-07-20 05:40:20,5,15
2016-07-20 05:50:24,5,15
2016-07-20 05:52:40,4,16
2016-07-20 06:02:43,4,16
2016-07-20 06:12:46,4,16
2016-07-20 06:22:50,4,16
2016-07-20 06:32:54,4,16
2016-07-20 06:42:58,4,16
2016-07-20 06:53:02,4,16
2016-07-20 07:13:11,4,16
2016-07-20 07:23:14,4,16
2016-07-20 07:33:18,4,16
2016-07-20 07:43:22,4,16
2016-07-20 07:53:25,4,16
2016-07-20 08:03:29,4,16
2016-07-20 08:13:33,4,16
2016-07-20 08:14:44,5,15
2016-07-20 08:18:53,6,14
2016-07-20 08:46:05,5,15
2016-07-20 08:56:08,5,15
2016-07-20 09:06:11,5,15
2016-07-20 09:16:15,5,15
2016-07-20 09:19:37,6,14
2016-07-20 09:29:40,6,14
2016-07-20 09:39:44,6,14
2016-07-20 09:44:04,5,15
2016-07-20 09:44:40,4,16
2016-07-20 09:54:43,4,16
2016-07-20 10:03:59,3,17
2016-07-20 10:12:07,4,16
2016-07-20 10:15:46,3,17
2016-07-20 10:25:50,3,17
2016-07-20 10:35:53,3,17
2016-07-20 10:45:56,3,17
2016-07-20 10:47:32,2,18
2016-07-20 10:57:35,2,18
2016-07-20 11:14:00,2,18
2016-07-20 11:23:52,3,17
2016-07-20 11:33:55,3,17
2016-07-20 11:43:59,3,17
2016-07-20 11:45:12,4,16
2016-07-20 11:53:49,5,15
2016-07-20 12:03:52,5,15
2016-07-20 12:13:56,5,15
2016-07-20 12:25:54,4,16
2016-07-20 12:26:17,3,17
2016-07-20 12:33:43,2,18
2016-07-20 12:34:28,1,19
2016-07-20 12:41:46,1,19
2016-07-20 12:42:15,0,20
2016-07-20 12:52:19,0,20
2016-07-20 12:59:46,0,20
2016-07-20 13:09:49,0,20
2016-07-20 13:17:39,1,19
2016-07-20 13:27:43,1,19
2016-07-20 13:37:47,1,19
2016-07-20 13:41:26,2,18
2016-07-20 13:51:29,2,18
2016-07-20 13:55:04,3,17
2016-07-20 14:15:11,3,17
2016-07-20 14:25:15,3,17
2016-07-20 14:35:19,3,17
2016-07-20 14:45:23,3,17
2016-07-20 14:55:26,3,17
2016-07-20 15:15:34,3,17
2016-07-20 15:31:18,2,18
2016-07-20 15:45:35,1,19
2016-07-20 15:47:45,0,20
2016-07-20 16:07:53,0,20
2016-07-20 16:27:54,1,19
2016-07-20 16:38:47,0,20
2016-07-20 16:48:51,0,20
2016-07-20 16:58:54,0,20
2016-07-20 17:30:56,1,19
2016-07-20 17:41:59,2,18
2016-07-20 17:52:03,2,18
2016-07-20 18:02:06,2,18
2016-07-20 18:08:08,3,17
2016-07-20 18:10:06,2,18
2016-07-20 18:15:02,3,17
2016-07-20 18:55:17,3,17
2016-07-20 18:56:56,4,16
2016-07-20 18:58:43,5,15
2016-07-20 19:00:59,4,16
2016-07-20 19:11:35,3,17
2016-07-20 19:17:59,2,18
2016-07-20 19:25:08,3,17
2016-07-20 19:46:02,3,17
2016-07-20 19:46:31,2,18
2016-07-20 19:50:47,3,17
2016-07-20 19:57:45,4,16
2016-07-20 20:03:44,3,17
2016-07-20 20:09:20,2,18
2016-07-20 20:19:23,2,18
2016-07-20 20:28:07,1,19
2016-07-20 20:48:14,1,19
2016-07-20 20:51:20,0,20
2016-07-20 21:01:24,0,20
2016-07-20 21:11:27,0,20
2016-07-20 21:31:34,0,20
2016-07-20 21:41:38,0,20
2016-07-20 21:51:42,0,20
2016-07-20 22:01:45,0,20
2016-07-20 22:10:56,1,19
2016-07-20 22:13:00,1,19
2016-07-20 22:23:03,1,19
2016-07-20 22:33:07,1,19
2016-07-20 22:43:11,1,19
2016-07-20 22:51:22,2,18
2016-07-20 23:01:25,2,18
2016-07-20 23:11:29,2,18
2016-07-20 23:21:33,2,18
2016-07-20 23:32:10,2,18
2016-07-20 23:32:31,1,19
2016-07-20 23:42:34,1,19
2016-07-20 23:46:54,2,18
2016-07-20 23:56:57,2,18
2016-07-21 00:07:30,3,17
2016-07-21 00:17:34,3,17
2016-07-21 00:19:48,2,18
2016-07-21 00:29:51,2,18
2016-07-21 00:39:54,2,18
2016-07-21 00:49:27,3,17
2016-07-21 00:55:48,4,16
2016-07-21 01:03:38,5,15
2016-07-21 01:13:41,5,15
2016-07-21 01:23:45,5,15
2016-07-21 01:43:52,5,15
2016-07-21 02:14:03,5,15
2016-07-21 02:24:07,5,15
2016-07-21 02:44:14,5,15
2016-07-21 02:53:45,7,12
2016-07-21 03:03:48,7,12
2016-07-21 03:13:51,7,12
2016-07-21 03:23:55,7,12
2016-07-21 03:33:59,7,12
2016-07-21 03:44:03,7,12
2016-07-21 03:54:06,7,12
2016-07-21 04:22:10,7,12
2016-07-21 04:42:17,7,12
2016-07-21 04:52:20,7,12
2016-07-21 05:03:28,9,10
2016-07-21 05:13:31,9,10
2016-07-21 05:23:35,9,10
2016-07-21 05:33:39,9,10
2016-07-21 05:43:42,9,10
2016-07-21 05:53:46,9,10
2016-07-21 05:54:56,8,11
2016-07-21 06:04:59,8,11
2016-07-21 06:15:03,8,11
2016-07-21 06:25:07,8,11
2016-07-21 06:35:10,8,11
2016-07-21 06:45:13,8,11
2016-07-21 06:55:16,8,11
2016-07-21 07:05:20,8,11
2016-07-21 07:15:24,8,11
2016-07-21 07:17:36,9,10
2016-07-21 07:23:40,8,11
2016-07-21 07:33:47,8,11
2016-07-21 07:43:51,8,11
2016-07-21 07:53:54,8,11
2016-07-21 08:03:58,8,11
2016-07-21 08:09:48,9,10
2016-07-21 08:38:55,8,11
2016-07-21 08:48:58,8,11
2016-07-21 08:55:02,9,10
2016-07-21 09:05:06,9,10
2016-07-21 09:15:09,9,10
2016-07-21 09:23:14,10,9
2016-07-21 09:27:01,9,10
2016-07-21 09:32:40,8,11
2016-07-21 09:42:44,8,11
2016-07-21 09:45:18,7,12
2016-07-21 09:55:22,7,12
2016-07-21 10:06:10,7,12
2016-07-21 10:06:40,6,13
2016-07-21 10:16:43,6,13
2016-07-21 10:19:25,5,14
2016-07-21 10:29:28,5,14
2016-07-21 10:43:26,6,13
2016-07-21 10:53:30,6,13
2016-07-21 11:03:34,6,13
2016-07-21 11:13:38,6,13
2016-07-21 11:23:41,6,13
2016-07-21 11:26:01,7,12
2016-07-21 11:36:05,7,12
2016-07-21 11:36:40,9,10
2016-07-21 11:46:06,7,12
2016-07-21 11:56:09,7,12
2016-07-21 12:06:13,7,12
2016-07-21 12:16:17,7,12
2016-07-21 12:21:03,6,13
2016-07-21 12:23:58,6,13
2016-07-21 12:24:36,5,14
2016-07-21 12:37:06,6,13
2016-07-21 13:30:29,5,14
2016-07-21 13:40:32,5,14
2016-07-21 13:50:36,5,14
2016-07-21 14:00:40,5,14
2016-07-21 14:11:40,4,15
2016-07-21 14:21:43,4,15
2016-07-21 14:27:55,3,16
2016-07-21 14:48:02,3,16
2016-07-21 14:58:06,3,16
2016-07-21 15:08:10,3,16
2016-07-21 15:09:31,4,16
2016-07-21 15:10:56,3,17
2016-07-21 15:41:07,3,17
2016-07-21 15:51:11,3,17
2016-07-21 16:01:14,3,17
2016-07-21 16:14:02,4,16
2016-07-21 16:24:05,4,16
2016-07-21 16:34:08,4,16
2016-07-21 16:37:44,5,15
2016-07-21 16:53:45,3,17
2016-07-21 17:03:49,3,17
2016-07-21 17:13:52,3,17
2016-07-21 17:20:58,4,16
2016-07-21 17:24:24,5,15
2016-07-21 17:34:28,5,15
2016-07-21 17:44:31,5,15
2016-07-21 17:54:35,5,15
2016-07-21 17:57:08,6,14
2016-07-21 18:07:12,6,14
2016-07-21 18:15:12,7,13
2016-07-21 18:17:18,8,12
2016-07-21 18:23:04,9,11
2016-07-21 18:25:33,10,10
2016-07-21 18:35:36,10,10
2016-07-21 18:45:40,10,10
2016-07-21 18:55:42,10,10
2016-07-21 18:58:28,11,9
2016-07-21 19:06:57,11,9
2016-07-21 19:07:33,10,10
2016-07-21 19:17:36,10,10
2016-07-21 19:25:44,9,11
2016-07-21 19:35:48,9,11
2016-07-21 19:45:51,9,11
2016-07-21 19:51:16,11,9
2016-07-21 19:58:10,10,10
2016-07-21 19:59:52,9,11
2016-07-21 20:24:49,10,10
2016-07-21 20:40:00,9,11
2016-07-21 20:48:10,8,12
2016-07-21 20:58:13,8,12
2016-07-21 21:08:17,8,12
2016-07-21 21:10:47,9,11
2016-07-21 21:20:50,9,11
2016-07-21 21:30:54,9,11
2016-07-21 21:40:56,9,11
2016-07-21 21:51:00,9,11
2016-07-21 22:01:04,9,11
2016-07-21 22:11:07,9,11
2016-07-21 22:13:30,8,12
2016-07-21 22:15:25,6,14
2016-07-21 22:25:29,6,14
2016-07-21 22:35:32,6,14
2016-07-21 22:45:52,6,14
2016-07-21 22:46:20,5,15
2016-07-21 22:56:23,5,15
2016-07-21 23:06:27,5,15
2016-07-21 23:34:54,6,14
2016-07-21 23:44:57,6,14
2016-07-21 23:55:00,6,14
2016-07-22 00:08:09,8,12
2016-07-22 00:28:17,8,12
2016-07-22 00:38:20,8,12
2016-07-22 00:45:04,7,13
2016-07-22 00:47:27,8,12
2016-07-22 00:57:57,8,12
2016-07-22 00:58:24,7,13
2016-07-22 01:01:34,8,12
2016-07-22 01:11:37,8,12
2016-07-22 01:15:30,9,11
2016-07-22 01:17:32,10,10
2016-07-22 01:27:35,10,10
2016-07-22 01:37:39,10,10
2016-07-22 01:45:37,12,8
2016-07-22 02:05:44,12,8
2016-07-22 02:15:48,12,8
2016-07-22 02:25:52,12,8
2016-07-22 02:35:55,12,8
2016-07-22 02:38:10,15,5
2016-07-22 02:38:55,15,5
2016-07-22 02:48:58,15,5
2016-07-22 02:59:02,15,5
2016-07-22 03:09:05,15,5
2016-07-22 03:19:08,15,5
2016-07-22 03:29:12,15,5
2016-07-22 03:39:15,15,5
2016-07-22 03:46:20,14,6
2016-07-22 03:56:24,14,6
2016-07-22 04:06:28,14,6
2016-07-22 05:09:55,14,6
2016-07-22 05:19:59,14,6
2016-07-22 05:30:02,14,6
2016-07-22 05:40:05,14,6
2016-07-22 05:50:08,14,6
2016-07-22 05:54:03,14,6
2016-07-22 05:54:23,13,7
2016-07-22 06:04:25,13,7
2016-07-22 06:14:29,13,7
2016-07-22 06:24:33,13,7
2016-07-22 06:34:37,13,7
2016-07-22 06:54:44,13,7
2016-07-22 07:00:35,14,6
2016-07-22 07:10:39,14,6
2016-07-22 07:20:42,14,6
2016-07-22 07:26:04,14,6
2016-07-22 07:26:06,15,5
2016-07-22 07:36:10,15,5
2016-07-22 07:46:13,15,5
2016-07-22 07:56:16,15,5
2016-07-22 08:06:20,15,5
2016-07-22 08:16:23,15,5
2016-07-22 08:26:26,15,5
2016-07-22 08:36:30,15,5
2016-07-22 08:38:18,16,4
2016-07-22 08:41:50,16,4
2016-07-22 08:42:14,15,5
2016-07-22 08:52:18,15,5
2016-07-22 09:02:21,15,5
2016-07-22 09:12:25,15,5
2016-07-22 09:22:29,15,5
2016-07-22 09:32:32,15,5
2016-07-22 09:52:40,15,5
2016-07-22 10:02:44,15,5
2016-07-22 10:12:47,15,5
2016-07-22 10:22:51,15,5
2016-07-22 10:32:55,15,5
2016-07-22 10:42:58,15,5
2016-07-22 10:46:00,15,5
2016-07-22 10:46:26,14,6
2016-07-22 10:57:11,13,7
2016-07-22 11:05:52,14,6
2016-07-22 11:14:33,15,5
2016-07-22 11:24:37,15,5
2016-07-22 11:34:41,15,5
2016-07-22 11:42:02,15,5
2016-07-22 11:42:57,14,6
2016-07-22 11:53:00,14,6
2016-07-22 11:54:34,15,5
2016-07-22 12:04:36,15,5
2016-07-22 12:14:40,15,5
2016-07-22 12:24:43,15,5
2016-07-22 12:34:47,15,5
2016-07-22 12:46:56,14,6
2016-07-22 12:56:59,14,6
2016-07-22 13:07:03,14,6
2016-07-22 13:10:03,14,6
2016-07-22 13:10:24,13,7
2016-07-22 13:20:39,13,7
2016-07-22 13:40:47,13,7
2016-07-22 13:50:51,13,7
2016-07-22 14:00:55,13,7
2016-07-22 14:21:02,13,7
2016-07-22 14:31:05,13,7
2016-07-22 14:41:09,13,7
2016-07-22 14:42:53,14,6
2016-07-22 15:03:01,14,6
2016-07-22 15:13:04,14,6
2016-07-22 15:24:08,15,5
2016-07-22 15:44:15,15,5
2016-07-22 15:56:03,15,5
2016-07-22 16:02:57,15,5
2016-07-22 16:13:00,15,5
2016-07-22 16:23:02,15,5
2016-07-22 16:33:06,15,5
2016-07-22 16:34:29,16,4
2016-07-22 16:44:32,16,4
2016-07-22 16:54:25,17,3
2016-07-22 17:04:29,17,3
2016-07-22 17:31:32,18,2
2016-07-22 17:38:22,19,1
2016-07-22 17:48:25,19,1
2016-07-22 18:02:05,17,3
2016-07-22 18:19:53,17,3
2016-07-22 18:29:56,17,3
2016-07-22 18:56:12,16,4
2016-07-22 19:06:16,16,4
2016-07-22 19:36:27,16,4
2016-07-22 19:41:48,16,4
2016-07-22 19:47:49,15,5
2016-07-22 19:57:53,15,5
2016-07-22 20:07:57,15,5
2016-07-22 20:18:01,15,5
2016-07-22 20:32:12,17,3
2016-07-22 20:42:16,17,3
2016-07-22 20:52:19,17,3
2016-07-22 21:02:23,17,3
2016-07-22 21:12:27,17,3
2016-07-22 21:42:49,18,2
2016-07-22 21:52:53,18,2
2016-07-22 22:02:57,18,2
2016-07-22 22:13:00,18,2
2016-07-22 22:16:01,17,3
2016-07-22 22:23:22,18,2
2016-07-22 22:33:25,18,2
2016-07-22 22:43:29,18,2
2016-07-22 22:53:33,18,2
2016-07-22 23:03:36,18,2
2016-07-22 23:13:40,18,2
2016-07-22 23:23:43,18,2
2016-07-22 23:43:50,18,2
2016-07-22 23:53:53,18,2
2016-07-23 00:03:56,18,2
2016-07-23 00:13:59,18,2
2016-07-23 00:24:02,18,2
2016-07-23 00:34:05,18,2
2016-07-23 00:37:08,19,1
2016-07-23 00:47:11,19,1
2016-07-23 00:57:31,20,0
2016-07-23 01:07:35,20,0
2016-07-23 01:17:39,20,0
2016-07-23 01:27:43,20,0
2016-07-23 01:37:47,20,0
2016-07-23 01:47:52,20,0
2016-07-23 01:57:55,20,0
2016-07-23 02:07:59,20,0
2016-07-23 02:10:21,20,0
2016-07-23 02:20:40,20,0
2016-07-23 02:25:25,20,0
2016-07-23 02:35:28,20,0
2016-07-23 02:45:32,20,0
2016-07-23 02:55:36,20,0
2016-07-23 03:05:39,20,0
2016-07-23 03:11:43,20,0
2016-07-23 03:22:11,19,1
2016-07-23 03:32:14,19,1
2016-07-23 03:52:21,19,1
2016-07-23 04:02:25,19,1
2016-07-23 04:12:28,19,1
2016-07-23 04:15:25,19,1
2016-07-23 04:21:59,19,1
2016-07-23 04:32:03,19,1
2016-07-23 04:42:07,19,1
2016-07-23 04:52:10,19,1
2016-07-23 05:02:13,19,1
2016-07-23 05:22:21,19,1
2016-07-23 05:42:28,19,1
2016-07-23 05:52:32,19,1
2016-07-23 06:02:36,19,1
2016-07-23 06:12:39,19,1
2016-07-23 06:22:43,19,1
2016-07-23 06:32:46,19,1
2016-07-23 06:42:49,19,1
2016-07-23 07:12:59,19,1
2016-07-23 07:23:03,19,1
2016-07-23 07:33:06,19,1
2016-07-23 07:43:09,19,1
2016-07-23 07:53:13,19,1
2016-07-23 08:03:17,19,1
2016-07-23 08:13:20,19,1
2016-07-23 08:23:25,19,1
2016-07-23 08:29:24,18,2
2016-07-23 08:38:26,19,1
2016-07-23 08:48:30,19,1
2016-07-23 09:04:00,19,1
2016-07-23 09:14:03,19,1
2016-07-23 09:41:53,19,1
2016-07-23 10:04:00,18,2
2016-07-23 10:04:34,17,3
2016-07-23 10:14:37,17,3
2016-07-23 10:24:41,17,3
2016-07-23 10:27:22,16,4
2016-07-23 10:37:26,16,4
2016-07-23 10:47:30,16,4
2016-07-23 11:07:37,16,4
2016-07-23 11:22:59,17,3
2016-07-23 11:33:02,17,3
2016-07-23 11:43:05,17,3
2016-07-23 11:53:09,17,3
2016-07-23 12:03:12,17,3
2016-07-23 12:13:15,17,3
2016-07-23 12:23:19,17,3
2016-07-23 12:25:40,16,4
2016-07-23 12:35:44,16,4
2016-07-23 13:38:16,18,2
2016-07-23 14:28:35,18,2
2016-07-23 15:17:54,18,2
2016-07-23 15:18:28,17,3
2016-07-23 15:38:35,17,3
2016-07-23 15:46:52,18,2
2016-07-23 16:27:04,18,2
2016-07-23 16:37:08,18,2
2016-07-23 17:06:55,18,2
2016-07-23 17:26:43,18,2
2016-07-23 17:33:22,18,2
2016-07-23 17:37:21,15,5
2016-07-23 17:39:58,16,4
2016-07-23 17:50:02,16,4
2016-07-23 17:59:25,15,5
2016-07-23 18:08:31,14,6
2016-07-23 18:13:29,13,7
2016-07-23 18:23:35,13,7
2016-07-23 18:33:39,13,7
2016-07-23 18:53:48,13,7
2016-07-23 19:03:52,13,7
2016-07-23 19:13:56,13,7
2016-07-23 19:24:00,13,7
2016-07-23 19:46:52,14,6
2016-07-23 19:55:50,15,5
2016-07-23 20:15:58,15,5
2016-07-23 20:26:02,15,5
2016-07-23 20:27:50,16,4
2016-07-23 20:47:57,16,4
2016-07-23 21:08:07,16,4
2016-07-23 21:28:16,16,4
2016-07-23 21:36:38,15,5
2016-07-23 21:46:43,15,5
2016-07-23 21:56:46,15,5
2016-07-23 22:06:50,15,5
2016-07-23 22:11:55,16,4
2016-07-23 22:28:58,15,5
2016-07-23 22:39:02,15,5
2016-07-23 22:49:05,15,5
2016-07-23 22:59:09,15,5
2016-07-23 23:03:35,14,6
2016-07-23 23:13:40,14,6
2016-07-23 23:23:44,14,6
2016-07-23 23:33:48,14,6
2016-07-23 23:43:52,14,6
2016-07-23 23:53:55,14,6
2016-07-24 00:03:59,14,6
2016-07-24 00:07:01,15,5
2016-07-24 00:25:41,17,3
2016-07-24 00:35:45,17,3
2016-07-24 00:45:49,17,3
2016-07-24 00:51:43,18,2
2016-07-24 01:01:47,18,2
2016-07-24 01:11:50,18,2
2016-07-24 01:32:01,18,2
2016-07-24 01:42:53,17,3
2016-07-24 02:13:04,17,3
2016-07-24 02:23:08,17,3
2016-07-24 02:29:29,18,2
2016-07-24 02:33:57,18,2
2016-07-24 02:44:01,18,2
2016-07-24 02:54:05,18,2
2016-07-24 03:04:08,18,2
2016-07-24 03:24:15,18,2
2016-07-24 03:34:19,18,2
2016-07-24 03:45:17,19,1
2016-07-24 03:55:22,19,1
2016-07-24 04:05:26,19,1
2016-07-24 04:24:10,19,1
2016-07-24 04:44:19,19,1
2016-07-24 04:54:23,19,1
2016-07-24 05:04:26,19,1
2016-07-24 05:14:30,19,1
2016-07-24 05:24:34,19,1
2016-07-24 05:34:38,19,1
2016-07-24 05:44:41,19,1
2016-07-24 06:04:49,19,1
2016-07-24 06:14:53,19,1
2016-07-24 06:24:56,19,1
2016-07-24 06:35:00,19,1
2016-07-24 06:45:04,19,1
2016-07-24 06:55:08,19,1
2016-07-24 07:15:15,19,1
2016-07-24 07:35:24,19,1
2016-07-24 07:45:28,19,1
2016-07-24 07:55:32,19,1
2016-07-24 08:05:37,19,1
2016-07-24 08:45:52,19,1
2016-07-24 08:55:56,19,1
2016-07-24 09:06:00,19,1
2016-07-24 09:16:05,19,1
2016-07-24 09:36:12,19,1
2016-07-24 09:46:16,19,1
2016-07-24 09:56:20,19,1
2016-07-24 10:06:23,19,1
2016-07-24 10:30:08,19,1
2016-07-24 10:49:45,19,1
2016-07-24 10:51:27,18,2
2016-07-24 11:03:00,17,3
2016-07-24 11:09:32,18,2
2016-07-24 11:18:46,19,1
2016-07-24 11:28:51,19,1
2016-07-24 11:38:54,19,1
2016-07-24 11:48:59,19,1
2016-07-24 11:59:03,19,1
2016-07-24 12:29:21,19,1
2016-07-24 12:36:00,19,1
2016-07-24 12:36:49,18,2
2016-07-24 12:46:52,18,2
2016-07-24 12:56:56,18,2
2016-07-24 13:07:00,18,2
2016-07-24 13:17:15,17,3
2016-07-24 13:27:19,17,3
2016-07-24 13:37:23,17,3
2016-07-24 14:18:13,16,4
2016-07-24 14:28:19,16,4
2016-07-24 14:40:08,17,3
2016-07-24 14:40:21,18,2
2016-07-24 15:00:32,18,2
2016-07-24 15:04:06,19,1
2016-07-24 15:06:44,20,0
2016-07-24 15:16:49,20,0
2016-07-24 15:26:54,20,0
2016-07-24 15:36:57,20,0
2016-07-24 15:47:02,20,0
2016-07-24 15:57:07,20,0
2016-07-24 16:07:11,20,0
2016-07-24 16:17:16,20,0
2016-07-24 16:27:20,20,0
2016-07-24 16:37:25,20,0
2016-07-24 16:47:28,20,0
2016-07-24 16:58:23,20,0
2016-07-24 17:08:36,20,0
2016-07-24 17:50:06,20,0
2016-07-24 18:00:11,20,0
2016-07-24 18:10:14,20,0
2016-07-24 18:20:17,20,0
2016-07-24 18:30:21,20,0
2016-07-24 18:40:24,20,0
2016-07-24 18:50:28,20,0
2016-07-24 19:00:31,20,0
2016-07-24 19:10:35,20,0
2016-07-24 19:20:39,20,0
2016-07-24 19:30:42,20,0
2016-07-24 19:40:46,20,0
2016-07-24 19:50:49,20,0
2016-07-24 20:00:52,20,0
2016-07-24 20:11:00,19,1
2016-07-24 20:21:03,19,1
2016-07-24 20:31:06,19,1
2016-07-24 20:41:10,19,1
2016-07-24 20:45:44,18,2
2016-07-24 20:55:48,18,2
2016-07-24 20:56:51,17,3
2016-07-24 21:06:54,17,3
2016-07-24 21:16:57,17,3
2016-07-24 21:27:01,17,3
2016-07-24 21:35:50,17,3
2016-07-24 21:36:15,16,4
2016-07-24 21:46:18,16,4
2016-07-24 21:56:22,16,4
2016-07-24 22:06:25,16,4
2016-07-24 22:14:07,15,5
2016-07-24 22:14:50,14,6
2016-07-24 22:24:54,14,6
2016-07-24 22:34:58,14,6
2016-07-24 22:45:01,14,6
2016-07-24 22:55:05,14,6
2016-07-24 23:05:09,14,6
2016-07-24 23:15:13,14,6
2016-07-24 23:25:16,14,6
2016-07-24 23:35:20,14,6
2016-07-24 23:39:51,15,5
2016-07-24 23:49:54,15,5
2016-07-24 23:59:58,15,5
2016-07-25 00:10:02,15,5
2016-07-25 00:10:56,16,4
2016-07-25 00:21:00,16,4
2016-07-25 00:31:04,16,4
2016-07-25 00:41:07,16,4
2016-07-25 00:51:11,16,4
2016-07-25 01:01:15,16,4
2016-07-25 01:11:19,16,4
2016-07-25 01:21:22,16,4
2016-07-25 01:29:45,16,4
2016-07-25 01:39:48,16,4
2016-07-25 02:08:05,17,3
2016-07-25 02:11:10,16,4
2016-07-25 02:21:17,16,4
2016-07-25 02:31:21,16,4
2016-07-25 02:41:25,16,4
2016-07-25 02:51:29,16,4
2016-07-25 03:01:32,16,4
2016-07-25 03:11:36,16,4
2016-07-25 03:21:40,16,4
2016-07-25 03:31:44,16,4
2016-07-25 03:41:47,16,4
2016-07-25 03:51:51,16,4
2016-07-25 04:01:54,16,4
2016-07-25 04:11:58,16,4
2016-07-25 04:15:16,16,4
2016-07-25 04:32:19,16,4
2016-07-25 04:42:22,16,4
2016-07-25 04:52:26,16,4
2016-07-25 05:02:30,16,4
2016-07-25 05:12:33,16,4
2016-07-25 05:22:37,16,4
2016-07-25 05:32:41,16,4
2016-07-25 05:42:45,16,4
2016-07-25 05:52:48,16,4
2016-07-25 06:02:52,16,4
2016-07-25 06:12:56,16,4
2016-07-25 06:23:00,16,4
2016-07-25 06:33:03,16,4
2016-07-25 06:43:07,16,4
2016-07-25 06:53:11,16,4
2016-07-25 07:03:15,16,4
2016-07-25 07:13:18,16,4
2016-07-25 07:14:50,15,5
2016-07-25 07:24:54,15,5
2016-07-25 07:34:58,15,5
2016-07-25 07:49:34,16,4
2016-07-25 08:17:00,17,3
2016-07-25 08:45:59,17,3
2016-07-25 09:06:41,16,4
2016-07-25 09:13:56,16,4
2016-07-25 09:15:00,15,5
2016-07-25 09:54:19,16,4
2016-07-25 10:21:53,14,6
2016-07-25 10:27:15,13,7
2016-07-25 10:37:18,13,7
2016-07-25 10:46:51,12,8
2016-07-25 10:56:55,12,8
2016-07-25 11:11:34,11,9
2016-07-25 11:21:38,11,9
2016-07-25 11:41:46,11,9
2016-07-25 11:43:23,11,9
2016-07-25 11:44:07,10,10
2016-07-25 11:54:03,11,9
2016-07-25 11:59:57,11,9
2016-07-25 12:00:10,11,9
2016-07-25 12:10:13,11,9
2016-07-25 12:20:16,11,9
2016-07-25 12:23:47,11,9
2016-07-25 12:44:16,10,10
2016-07-25 13:18:02,10,10
2016-07-25 13:18:27,9,11
2016-07-25 13:21:54,11,9
2016-07-25 13:31:57,11,9
2016-07-25 13:42:01,11,9
2016-07-25 14:10:14,12,8
2016-07-25 14:20:18,12,8
2016-07-25 14:30:22,12,8
2016-07-25 14:40:25,12,8
2016-07-25 14:50:29,12,8
2016-07-25 15:00:33,12,8
2016-07-25 15:03:36,12,8
2016-07-25 15:13:39,12,8
2016-07-25 15:59:55,14,6
2016-07-25 16:03:59,14,6
2016-07-25 16:04:22,13,7
2016-07-25 16:19:56,16,4
2016-07-25 16:28:04,15,5
2016-07-25 16:28:06,14,6
2016-07-25 16:35:16,13,7
2016-07-25 16:48:05,12,8
2016-07-25 16:51:23,11,9
2016-07-25 16:55:34,12,8
2016-07-25 17:08:38,11,9
2016-07-25 17:18:42,11,9
2016-07-25 17:28:46,11,9
2016-07-25 17:38:49,11,9
2016-07-25 17:40:35,12,8
2016-07-25 18:22:56,13,7
2016-07-25 18:40:56,14,6
2016-07-25 18:51:00,14,6
2016-07-25 19:01:04,14,6
2016-07-25 19:06:41,15,5
2016-07-25 19:17:46,14,6
2016-07-25 19:21:35,14,6
2016-07-25 19:31:39,14,6
2016-07-25 19:41:43,14,6
2016-07-25 19:51:47,14,6
2016-07-25 19:57:54,15,5
2016-07-25 20:07:57,15,5
2016-07-25 20:18:01,15,5
2016-07-25 20:28:04,15,5
2016-07-25 20:58:15,15,5
2016-07-25 21:02:04,15,5
2016-07-25 21:02:06,14,6
2016-07-25 21:12:10,14,6
2016-07-25 21:22:14,14,6
2016-07-25 21:32:18,14,6
2016-07-25 21:42:21,14,6
2016-07-25 21:52:25,14,6
2016-07-25 22:04:03,13,7
2016-07-25 22:04:48,14,6
2016-07-25 22:14:51,14,6
2016-07-25 22:24:55,14,6
2016-07-25 22:32:32,14,6
2016-07-25 22:36:28,14,6
2016-07-25 22:40:05,14,6
2016-07-25 22:41:04,13,7
2016-07-25 22:51:08,13,7
2016-07-25 23:01:11,13,7
2016-07-25 23:11:15,13,7
2016-07-25 23:20:51,14,6
2016-07-25 23:30:54,14,6
2016-07-25 23:40:58,14,6
2016-07-25 23:51:02,14,6
2016-07-26 00:01:06,14,6
2016-07-26 00:11:09,14,6
2016-07-26 00:21:13,14,6
2016-07-26 00:31:17,14,6
2016-07-26 00:41:20,14,6
2016-07-26 00:51:24,14,6
2016-07-26 01:01:28,14,6
2016-07-26 01:11:31,14,6
2016-07-26 01:21:35,14,6
2016-07-26 01:31:39,14,6
2016-07-26 01:41:43,14,6
2016-07-26 01:51:47,14,6
2016-07-26 02:01:50,14,6
2016-07-26 02:03:51,14,6
2016-07-26 02:05:03,15,5
2016-07-26 02:15:06,15,5
2016-07-26 02:25:52,17,3
2016-07-26 02:56:02,17,3
2016-07-26 03:06:06,17,3
2016-07-26 03:16:14,18,2
2016-07-26 03:26:17,18,2
2016-07-26 03:36:21,18,2
2016-07-26 03:46:25,18,2
2016-07-26 03:56:28,18,2
2016-07-26 04:06:32,18,2
2016-07-26 04:15:16,18,2
2016-07-26 04:39:50,18,2
2016-07-26 04:49:54,18,2
2016-07-26 04:59:58,18,2
2016-07-26 05:10:01,18,2
2016-07-26 05:20:05,18,2
2016-07-26 05:30:09,18,2
2016-07-26 05:40:13,18,2
2016-07-26 05:50:16,18,2
2016-07-26 05:56:42,17,3
2016-07-26 06:06:45,17,3
2016-07-26 06:16:49,17,3
2016-07-26 06:26:53,17,3
2016-07-26 06:47:00,17,3
2016-07-26 06:56:54,18,2
2016-07-26 07:07:41,17,3
2016-07-26 07:12:00,18,2
2016-07-26 08:02:18,18,2
2016-07-26 08:14:04,18,2
2016-07-26 08:24:09,19,1
2016-07-26 08:34:12,19,1
2016-07-26 08:39:09,18,2
2016-07-26 08:59:17,18,2
2016-07-26 09:09:20,18,2
2016-07-26 09:19:24,18,2
2016-07-26 09:27:17,16,4
2016-07-26 09:37:21,16,4
2016-07-26 09:43:00,17,3
2016-07-26 09:52:14,18,2
2016-07-26 10:02:18,18,2
2016-07-26 10:05:59,17,3
2016-07-26 10:09:10,16,4
2016-07-26 10:19:13,16,4
2016-07-26 10:29:16,16,4
2016-07-26 10:39:20,16,4
2016-07-26 10:49:24,16,4
2016-07-26 10:59:27,16,4
2016-07-26 11:09:30,16,4
2016-07-26 11:19:34,16,4
2016-07-26 11:29:38,16,4
2016-07-26 11:39:48,16,4
2016-07-26 11:40:26,15,5
2016-07-26 11:50:30,15,5
2016-07-26 11:56:49,15,5
2016-07-26 12:06:52,15,5
2016-07-26 12:16:56,15,5
2016-07-26 12:27:00,15,5
2016-07-26 12:37:03,15,5
2016-07-26 13:07:14,15,5
2016-07-26 13:17:18,15,5
2016-07-26 13:27:21,15,5
2016-07-26 13:44:32,14,6
2016-07-26 13:54:36,14,6
2016-07-26 14:04:40,14,6
2016-07-26 14:14:43,14,6
2016-07-26 14:19:56,14,6
2016-07-26 14:30:20,13,7
2016-07-26 14:40:23,13,7
2016-07-26 14:50:27,13,7
2016-07-26 15:00:31,13,7
2016-07-26 15:09:55,12,8
2016-07-26 15:30:02,12,8
2016-07-26 15:41:06,11,9
2016-07-26 15:50:01,12,8
2016-07-26 15:59:02,11,9
2016-07-26 16:05:31,11,9
2016-07-26 16:08:04,11,9
2016-07-26 16:11:25,11,9
2016-07-26 16:13:21,11,9
2016-07-26 16:14:48,11,9
2016-07-26 16:17:12,11,9
2016-07-26 16:27:15,11,9
2016-07-26 16:37:19,11,9
2016-07-26 16:57:27,11,9
2016-07-26 17:07:50,11,9
2016-07-26 17:23:29,13,7
2016-07-26 17:33:13,12,8
2016-07-26 17:43:18,12,8
2016-07-26 17:58:51,12,8
2016-07-26 18:09:24,13,7
2016-07-26 18:19:28,13,7
2016-07-26 18:29:33,13,7
2016-07-26 18:37:56,13,7
2016-07-26 18:38:23,12,8
2016-07-26 18:44:48,11,9
2016-07-26 18:54:51,11,9
2016-07-26 19:05:01,10,10
2016-07-26 19:10:55,11,9
2016-07-26 19:18:01,12,8
2016-07-26 19:28:05,12,8
2016-07-26 19:31:54,12,8
2016-07-26 19:32:20,11,9
2016-07-26 19:42:24,11,9
2016-07-26 19:47:47,10,10
2016-07-26 19:53:32,9,11
2016-07-26 20:03:36,9,11
2016-07-26 20:05:32,8,12
2016-07-26 20:07:39,7,13
2016-07-26 20:12:43,8,12
2016-07-26 20:20:39,9,11
2016-07-26 20:23:40,8,12
2016-07-26 20:33:44,8,12
2016-07-26 20:43:48,8,12
2016-07-26 20:49:58,7,13
2016-07-26 21:00:02,7,13
2016-07-26 21:10:06,7,13
2016-07-26 21:16:50,6,14
2016-07-26 21:26:54,6,14
2016-07-26 21:36:57,6,14
2016-07-26 21:47:01,6,14
2016-07-26 21:57:05,6,14
2016-07-26 22:47:24,6,14
2016-07-26 22:57:28,6,14
2016-07-26 23:01:27,5,15
2016-07-26 23:11:31,5,15
2016-07-26 23:21:33,5,15
2016-07-26 23:29:19,6,14
2016-07-26 23:39:22,6,14
2016-07-26 23:49:26,6,14
2016-07-26 23:59:30,6,14
2016-07-27 00:09:34,6,14
2016-07-27 00:19:38,6,14
2016-07-27 00:27:35,5,15
2016-07-27 00:37:39,5,15
2016-07-27 00:57:51,5,15
2016-07-27 01:08:58,5,15
2016-07-27 01:12:00,5,15
2016-07-27 01:18:13,6,14
2016-07-27 01:28:15,6,14
2016-07-27 01:32:51,7,13
2016-07-27 01:40:03,8,12
2016-07-27 01:50:07,8,12
2016-07-27 02:00:11,8,12
2016-07-27 02:10:14,8,12
2016-07-27 02:20:18,8,12
2016-07-27 02:30:22,8,12
2016-07-27 02:40:25,8,12
2016-07-27 03:00:33,8,12
2016-07-27 03:10:37,8,12
2016-07-27 03:20:41,8,12
2016-07-27 03:30:44,8,12
2016-07-27 03:40:48,8,12
2016-07-27 04:10:59,8,12
2016-07-27 04:15:15,8,12
2016-07-27 04:22:23,8,12
2016-07-27 04:32:26,8,12
2016-07-27 04:42:30,8,12
2016-07-27 04:52:34,8,12
2016-07-27 05:02:38,8,12
2016-07-27 05:12:41,8,12
2016-07-27 05:22:45,8,12
2016-07-27 05:32:49,8,12
2016-07-27 05:42:53,8,12
2016-07-27 05:52:56,8,12
2016-07-27 06:03:00,8,12
2016-07-27 06:13:04,8,12
2016-07-27 06:23:08,8,12
2016-07-27 06:33:11,8,12
2016-07-27 07:03:23,8,12
2016-07-27 07:23:29,8,12
2016-07-27 07:33:32,8,12
2016-07-27 07:43:36,8,12
2016-07-27 07:53:40,8,12
2016-07-27 08:03:43,8,12
2016-07-27 08:08:01,9,11
2016-07-27 08:18:04,9,11
2016-07-27 08:20:41,10,10
2016-07-27 08:30:45,10,10
2016-07-27 08:40:49,10,10
2016-07-27 08:57:49,9,11
2016-07-27 09:07:52,9,11
2016-07-27 09:17:56,9,11
2016-07-27 09:28:00,9,11
2016-07-27 09:38:04,9,11
2016-07-27 09:58:11,9,11
2016-07-27 10:08:15,9,11
2016-07-27 10:16:05,9,11
2016-07-27 10:16:39,8,12
2016-07-27 10:24:45,7,13
2016-07-27 10:34:49,7,13
2016-07-27 10:46:10,5,15
2016-07-27 10:56:49,4,16
2016-07-27 11:27:00,4,16
2016-07-27 11:33:58,4,16
2016-07-27 11:54:47,3,17
2016-07-27 12:04:50,3,17
2016-07-27 12:07:08,2,18
2016-07-27 12:21:09,3,17
2016-07-27 12:22:18,4,16
2016-07-27 12:32:21,4,16
2016-07-27 12:42:25,4,16
2016-07-27 12:47:52,4,16
2016-07-27 12:48:15,3,17
2016-07-27 12:58:18,3,17
2016-07-27 13:06:53,4,16
2016-07-27 13:16:57,4,16
2016-07-27 13:37:19,3,17
2016-07-27 13:39:42,4,16
2016-07-27 13:49:45,4,16
2016-07-27 13:59:49,4,16
2016-07-27 14:10:09,4,16
2016-07-27 14:22:09,3,17
2016-07-27 14:32:13,3,17
2016-07-27 14:42:17,3,17
2016-07-27 14:52:20,3,17
2016-07-27 14:59:39,2,18
2016-07-27 15:09:43,2,18
2016-07-27 15:19:47,2,18
2016-07-27 15:29:51,2,18
2016-07-27 15:54:09,1,19
2016-07-27 16:04:12,1,19
2016-07-27 16:14:16,1,19
2016-07-27 16:24:20,1,19
2016-07-27 16:34:23,1,19
2016-07-27 16:44:26,1,19
2016-07-27 16:49:02,0,20
2016-07-27 16:59:05,0,20
2016-07-27 17:09:53,0,20
2016-07-27 17:30:09,0,20
2016-07-27 17:31:12,0,20
2016-07-27 17:32:38,1,19
2016-07-27 17:42:41,1,19
2016-07-27 17:52:44,1,19
2016-07-27 18:27:59,2,18
2016-07-27 18:38:03,2,18
2016-07-27 18:45:49,3,17
2016-07-27 19:20:37,4,16
2016-07-27 19:30:40,4,16
2016-07-27 19:40:44,4,16
2016-07-27 19:58:40,3,17
2016-07-27 20:15:54,2,18
2016-07-27 20:25:58,2,18
2016-07-27 20:36:02,2,18
2016-07-27 20:46:05,2,18
2016-07-27 20:56:09,2,18
2016-07-27 21:06:13,2,18
2016-07-27 21:16:16,2,18
2016-07-27 21:26:20,2,18
2016-07-27 21:36:24,2,18
2016-07-27 21:46:27,2,18
2016-07-27 21:56:31,2,18
2016-07-27 22:01:11,1,19
2016-07-27 22:11:14,1,19
2016-07-27 22:21:17,1,19
2016-07-27 22:51:29,1,19
2016-07-27 23:01:32,1,19
2016-07-27 23:11:36,1,19
2016-07-27 23:31:42,1,19
2016-07-27 23:41:46,1,19
2016-07-27 23:51:50,1,19
2016-07-28 00:01:54,1,19
2016-07-28 00:11:58,1,19
2016-07-28 00:22:01,1,19
2016-07-28 00:32:05,1,19
2016-07-28 00:36:05,1,19
2016-07-28 00:36:34,0,20
2016-07-28 00:46:37,0,20
2016-07-28 00:56:40,0,20
2016-07-28 01:01:34,1,19
2016-07-28 01:11:37,1,19
2016-07-28 01:21:41,1,19
2016-07-28 01:31:45,1,19
2016-07-28 01:41:48,1,19
2016-07-28 01:47:57,1,19
2016-07-28 01:48:34,0,20
2016-07-28 01:58:37,0,20
2016-07-28 02:07:59,1,19
2016-07-28 02:18:02,1,19
2016-07-28 02:28:06,1,19
2016-07-28 02:38:10,1,19
2016-07-28 02:44:10,2,18
2016-07-28 02:54:14,2,18
2016-07-28 03:04:17,2,18
2016-07-28 03:14:21,2,18
2016-07-28 03:25:54,3,17
2016-07-28 03:27:15,4,16
2016-07-28 03:33:55,3,17
2016-07-28 03:48:08,3,17
2016-07-28 03:48:19,3,17
2016-07-28 04:20:02,3,17
2016-07-28 04:30:06,3,17
2016-07-28 04:40:10,3,17
2016-07-28 04:50:14,3,17
2016-07-28 04:59:53,4,16
2016-07-28 05:00:14,3,17
2016-07-28 05:10:18,3,17
2016-07-28 05:20:22,3,17
2016-07-28 05:30:25,3,17
2016-07-28 05:40:29,3,17
2016-07-28 05:50:33,3,17
2016-07-28 06:05:19,2,18
2016-07-28 06:15:23,2,18
2016-07-28 06:25:27,2,18
2016-07-28 06:35:30,2,18
2016-07-28 06:45:33,2,18
2016-07-28 06:55:37,2,18
2016-07-28 07:22:50,3,17
2016-07-28 07:32:54,3,17
2016-07-28 07:42:58,3,17
2016-07-28 07:53:01,3,17
2016-07-28 08:05:06,4,16
2016-07-28 08:08:06,4,16
2016-07-28 08:08:46,3,17
2016-07-28 08:18:49,3,17
2016-07-28 08:28:53,3,17
2016-07-28 08:39:18,2,18
2016-07-28 08:43:01,3,17
2016-07-28 08:52:22,2,18
2016-07-28 09:02:25,2,18
2016-07-28 09:12:29,2,18
2016-07-28 09:22:33,2,18
2016-07-28 09:32:36,2,18
2016-07-28 09:42:14,3,17
2016-07-28 09:52:17,3,17
2016-07-28 10:02:21,3,17
2016-07-28 10:09:47,2,18
2016-07-28 10:19:50,2,18
2016-07-28 10:29:53,2,18
2016-07-28 10:34:35,3,17
2016-07-28 10:44:07,2,18
2016-07-28 10:54:11,2,18
2016-07-28 11:00:03,3,17
2016-07-28 11:04:00,3,17
2016-07-28 11:04:28,2,18
2016-07-28 11:14:32,2,18
2016-07-28 11:24:36,2,18
2016-07-28 11:34:39,2,18
2016-07-28 11:44:43,2,18
2016-07-28 11:54:46,2,18
2016-07-28 12:04:50,2,18
2016-07-28 12:14:54,2,18
2016-07-28 12:24:57,2,18
2016-07-28 12:35:01,2,18
2016-07-28 12:45:05,2,18
2016-07-28 12:55:09,2,18
2016-07-28 13:05:13,2,18
2016-07-28 13:09:54,2,18
2016-07-28 13:10:15,1,19
2016-07-28 13:20:24,1,19
2016-07-28 13:30:27,1,19
2016-07-28 13:40:31,1,19
2016-07-28 13:50:35,1,19
2016-07-28 14:00:39,1,19
2016-07-28 14:10:42,1,19
2016-07-28 14:20:46,1,19
2016-07-28 14:30:50,1,19
2016-07-28 14:40:54,1,19
2016-07-28 14:42:56,0,20
2016-07-28 14:52:59,0,20
2016-07-28 15:03:03,0,20
2016-07-28 15:13:07,0,20
2016-07-28 15:23:11,0,20
2016-07-28 15:33:14,0,20
2016-07-28 16:13:30,0,20
2016-07-28 16:17:27,1,19
2016-07-28 16:27:31,1,19
2016-07-28 16:37:35,1,19
2016-07-28 16:47:39,1,19
2016-07-28 16:56:55,0,20
2016-07-28 17:07:56,0,20
2016-07-28 17:30:38,0,20
2016-07-28 17:40:42,0,20
2016-07-28 17:50:47,0,20
2016-07-28 18:00:51,0,20
2016-07-28 18:20:59,0,20
2016-07-28 18:51:12,0,20
2016-07-28 19:01:16,0,20
2016-07-28 19:11:21,0,20
2016-07-28 19:21:25,0,20
2016-07-28 19:38:43,1,19
2016-07-28 19:48:47,1,19
2016-07-28 19:58:51,1,19
2016-07-28 20:08:55,1,19
2016-07-28 20:18:58,1,19
2016-07-28 20:38:06,1,19
2016-07-28 20:38:29,0,20
2016-07-28 20:48:33,0,20
2016-07-28 20:58:37,0,20
2016-07-28 21:08:41,0,20
2016-07-28 21:18:45,0,20
2016-07-28 21:28:48,0,20
2016-07-28 21:48:56,0,20
2016-07-28 21:59:00,0,20
2016-07-28 22:09:03,0,20
2016-07-28 22:19:07,0,20
2016-07-28 22:29:11,0,20
2016-07-28 22:31:29,1,19
2016-07-28 22:40:45,2,18
2016-07-28 23:00:52,2,18
2016-07-28 23:35:31,3,17
2016-07-29 00:05:42,3,17
2016-07-29 00:15:46,3,17
2016-07-29 00:25:50,3,17
2016-07-29 00:35:53,3,17
2016-07-29 00:45:57,3,17
2016-07-29 00:56:01,3,17
2016-07-29 01:06:05,3,17
2016-07-29 01:16:09,3,17
2016-07-29 01:26:12,3,17
2016-07-29 01:33:42,4,16
2016-07-29 01:53:49,4,16
2016-07-29 02:02:55,5,15
2016-07-29 02:12:59,5,15
2016-07-29 02:19:53,6,14
2016-07-29 02:28:01,8,12
2016-07-29 02:32:57,9,11
2016-07-29 02:43:00,9,11
2016-07-29 02:53:04,9,11
2016-07-29 03:03:08,9,11
2016-07-29 03:13:11,9,11
2016-07-29 03:23:15,9,11
2016-07-29 03:34:11,9,11
2016-07-29 03:34:13,10,10
2016-07-29 04:00:02,11,9
2016-07-29 04:10:06,11,9
2016-07-29 04:22:10,11,9
2016-07-29 05:52:45,11,9
2016-07-29 06:02:49,11,9
2016-07-29 06:12:53,11,9
2016-07-29 06:22:56,11,9
2016-07-29 06:33:00,11,9
2016-07-29 06:43:04,11,9
2016-07-29 06:53:08,11,9
2016-07-29 07:03:12,11,9
2016-07-29 07:33:23,11,9
2016-07-29 07:43:27,11,9
2016-07-29 08:02:20,12,8
2016-07-29 08:12:24,12,8
2016-07-29 08:24:09,13,7
2016-07-29 08:26:03,13,7
2016-07-29 08:36:08,13,7
2016-07-29 08:46:13,13,7
2016-07-29 08:49:55,13,7
2016-07-29 08:55:33,13,7
2016-07-29 09:15:41,13,7
2016-07-29 09:25:45,13,7
2016-07-29 09:35:49,13,7
2016-07-29 09:41:00,12,8
2016-07-29 09:51:04,12,8
2016-07-29 10:01:08,12,8
2016-07-29 10:11:12,12,8
2016-07-29 10:21:16,12,8
2016-07-29 10:31:21,12,8
2016-07-29 10:41:25,12,8
2016-07-29 10:43:19,11,9
2016-07-29 10:53:22,11,9
2016-07-29 10:59:24,12,8
2016-07-29 11:09:27,12,8
2016-07-29 11:22:54,10,10
2016-07-29 11:32:57,10,10
2016-07-29 11:43:01,10,10
2016-07-29 11:53:05,10,10
2016-07-29 12:03:10,10,10
2016-07-29 12:13:15,10,10
2016-07-29 12:23:19,10,10
2016-07-29 12:29:54,9,11
2016-07-29 12:39:57,9,11
2016-07-29 12:50:02,9,11
2016-07-29 13:00:06,9,11
2016-07-29 13:10:09,9,11
2016-07-29 13:20:13,9,11
2016-07-29 13:30:17,9,11
2016-07-29 13:40:21,9,11
2016-07-29 13:49:01,8,12
2016-07-29 13:59:05,8,12
2016-07-29 14:09:09,8,12
2016-07-29 14:19:13,8,12
2016-07-29 14:39:20,8,12
2016-07-29 14:42:55,7,13
2016-07-29 14:52:58,7,13
2016-07-29 15:00:17,8,12
2016-07-29 15:10:21,8,12
2016-07-29 15:13:47,9,11
2016-07-29 15:27:37,9,11
2016-07-29 15:30:09,8,12
2016-07-29 15:40:46,7,13
2016-07-29 15:50:50,7,13
2016-07-29 16:00:54,7,13
2016-07-29 16:21:02,7,13
2016-07-29 16:31:06,7,13
2016-07-29 16:36:52,6,14
2016-07-29 16:46:56,6,14
2016-07-29 16:50:35,5,15
2016-07-29 17:00:39,5,15
2016-07-29 17:12:04,6,14
2016-07-29 17:32:11,6,14
2016-07-29 17:53:28,5,15
2016-07-29 18:01:53,4,16
2016-07-29 18:11:57,4,16
2016-07-29 18:32:36,5,15
2016-07-29 18:42:39,5,15
2016-07-29 18:52:43,5,15
2016-07-29 18:56:49,6,14
2016-07-29 19:03:57,7,13
2016-07-29 19:04:24,6,14
2016-07-29 19:14:27,6,14
2016-07-29 19:24:10,6,14
2016-07-29 19:24:12,7,13
2016-07-29 19:34:16,7,13
2016-07-29 19:44:19,7,13
2016-07-29 19:54:25,7,13
2016-07-29 20:04:28,7,13
2016-07-29 20:14:32,7,13
2016-07-29 20:21:14,6,14
2016-07-29 20:31:17,6,14
2016-07-29 20:41:21,6,14
2016-07-29 20:51:25,6,14
2016-07-29 21:01:28,6,14
2016-07-29 21:12:11,6,14
2016-07-29 21:12:13,5,15
2016-07-29 21:14:45,6,14
2016-07-29 21:24:49,6,14
2016-07-29 21:34:53,6,14
2016-07-29 21:44:57,6,14
2016-07-29 21:55:00,6,14
2016-07-29 22:15:07,6,14
2016-07-29 22:20:11,8,12
2016-07-29 22:31:38,7,13
2016-07-29 22:38:19,8,12
2016-07-29 22:48:22,8,12
2016-07-29 22:58:26,8,12
2016-07-29 23:08:29,8,12
2016-07-29 23:18:33,8,12
2016-07-29 23:28:37,8,12
2016-07-29 23:38:41,8,12
2016-07-30 00:25:58,7,13
2016-07-30 00:36:02,7,13
2016-07-30 00:46:05,7,13
2016-07-30 00:59:10,7,13
2016-07-30 01:09:14,7,13
2016-07-30 01:19:18,7,13
2016-07-30 01:29:22,7,13
2016-07-30 01:39:25,7,13
2016-07-30 03:40:10,7,13
2016-07-30 03:50:14,7,13
2016-07-30 04:00:17,7,13
2016-07-30 04:10:21,7,13
2016-07-30 04:22:54,7,13
2016-07-30 04:32:57,7,13
2016-07-30 04:43:01,7,13
2016-07-30 04:53:05,7,13
2016-07-30 05:03:09,7,13
2016-07-30 05:13:12,7,13
2016-07-30 05:23:16,7,13
2016-07-30 05:33:20,7,13
2016-07-30 05:43:23,7,13
2016-07-30 05:53:27,7,13
2016-07-30 06:03:31,7,13
2016-07-30 06:13:35,7,13
2016-07-30 06:23:38,7,13
2016-07-30 06:33:42,7,13
2016-07-30 06:43:46,7,13
2016-07-30 06:53:50,7,13
2016-07-30 07:03:54,7,13
2016-07-30 07:13:57,7,13
2016-07-30 07:24:01,7,13
2016-07-30 07:34:05,7,13
2016-07-30 07:44:09,7,13
2016-07-30 07:54:13,7,13
2016-07-30 08:04:16,7,13
2016-07-30 08:14:20,7,13
2016-07-30 08:24:24,7,13
2016-07-30 08:34:28,7,13
2016-07-30 08:44:31,7,13
2016-07-30 08:54:35,7,13
2016-07-30 09:04:38,7,13
2016-07-30 09:14:42,7,13
2016-07-30 09:24:45,7,13
2016-07-30 09:34:49,7,13
2016-07-30 09:44:53,7,13
2016-07-30 09:46:26,8,12
2016-07-30 09:56:30,8,12
2016-07-30 10:06:33,8,12
2016-07-30 10:16:37,8,12
2016-07-30 10:26:41,8,12
2016-07-30 10:36:53,9,11
2016-07-30 10:46:57,9,11
2016-07-30 10:50:29,8,12
2016-07-30 11:00:32,8,12
2016-07-30 11:10:36,8,12
2016-07-30 11:15:48,9,11
2016-07-30 11:18:08,8,12
2016-07-30 11:28:12,8,12
2016-07-30 11:48:18,8,12
2016-07-30 11:58:22,8,12
2016-07-30 12:03:05,7,13
2016-07-30 12:13:09,7,13
2016-07-30 12:20:57,6,14
2016-07-30 12:31:00,6,14
2016-07-30 12:38:57,5,15
2016-07-30 12:49:00,5,15
2016-07-30 12:59:04,5,15
2016-07-30 13:09:08,5,15
2016-07-30 13:19:10,5,15
2016-07-30 13:29:14,5,15
2016-07-30 13:35:44,5,15
2016-07-30 13:38:05,4,16
2016-07-30 13:38:29,3,17
2016-07-30 13:48:32,3,17
2016-07-30 13:58:36,3,17
2016-07-30 14:05:53,2,18
2016-07-30 14:15:56,2,18
2016-07-30 14:25:59,2,18
2016-07-30 14:36:03,2,18
2016-07-30 14:46:07,2,18
2016-07-30 14:56:10,2,18
2016-07-30 15:06:14,2,18
2016-07-30 15:16:17,2,18
2016-07-30 15:26:21,2,18
2016-07-30 15:36:24,2,18
2016-07-30 15:46:28,2,18
2016-07-30 16:06:35,2,18
2016-07-30 16:32:02,3,17
2016-07-30 16:34:40,2,18
2016-07-30 16:44:44,2,18
2016-07-30 16:47:06,1,19
2016-07-30 16:57:10,1,19
2016-07-30 16:58:21,2,18
2016-07-30 17:08:25,2,18
2016-07-30 17:18:28,2,18
2016-07-30 17:38:35,2,18
2016-07-30 17:48:38,2,18
2016-07-30 17:58:42,2,18
2016-07-30 18:04:45,3,17
2016-07-30 18:20:21,2,18
2016-07-30 18:30:25,2,18
2016-07-30 18:40:29,2,18
2016-07-30 18:50:32,2,18
2016-07-30 19:00:35,2,18
2016-07-30 19:10:39,2,18
2016-07-30 19:20:42,2,18
2016-07-30 19:30:46,2,18
2016-07-30 19:40:49,2,18
2016-07-30 19:50:52,2,18
2016-07-30 20:00:56,2,18
2016-07-30 20:11:00,2,18
2016-07-30 20:21:03,2,18
2016-07-30 20:51:14,2,18
2016-07-30 21:01:18,2,18
2016-07-30 21:11:20,2,18
2016-07-30 21:21:24,2,18
2016-07-30 21:31:28,2,18
2016-07-30 21:41:32,2,18
2016-07-30 21:46:00,2,18
2016-07-30 21:46:20,1,19
2016-07-30 21:53:40,2,18
2016-07-30 22:03:43,2,18
2016-07-30 22:07:46,3,17
2016-07-30 22:17:49,3,17
2016-07-30 22:27:53,3,17
2016-07-30 22:58:05,3,17
2016-07-30 23:08:09,3,17
2016-07-30 23:18:13,3,17
2016-07-30 23:28:08,4,16
2016-07-30 23:38:12,4,16
2016-07-30 23:48:15,4,16
2016-07-30 23:58:19,4,16
2016-07-31 00:08:23,4,16
2016-07-31 00:18:27,4,16
2016-07-31 00:28:31,4,16
2016-07-31 00:44:12,3,17
2016-07-31 01:04:18,3,17
2016-07-31 01:14:22,3,17
2016-07-31 01:24:25,3,17
2016-07-31 01:34:29,3,17
2016-07-31 01:44:32,3,17
2016-07-31 01:54:35,3,17
2016-07-31 02:04:38,3,17
2016-07-31 02:14:42,3,17
2016-07-31 02:24:46,3,17
2016-07-31 02:44:53,3,17
2016-07-31 02:54:57,3,17
2016-07-31 03:05:01,3,17
2016-07-31 03:15:05,3,17
2016-07-31 03:24:59,4,16
2016-07-31 03:35:02,4,16
2016-07-31 03:45:06,4,16
2016-07-31 03:55:10,4,16
2016-07-31 04:00:58,6,14
2016-07-31 04:11:02,6,14
2016-07-31 04:20:03,6,14
2016-07-31 04:40:10,6,14
2016-07-31 04:50:13,6,14
2016-07-31 05:00:17,6,14
2016-07-31 05:10:21,6,14
2016-07-31 05:20:25,6,14
2016-07-31 05:30:29,6,14
2016-07-31 05:40:32,6,14
2016-07-31 05:50:36,6,14
2016-07-31 06:00:40,6,14
2016-07-31 06:10:43,6,14
2016-07-31 06:20:47,6,14
2016-07-31 06:30:50,6,14
2016-07-31 06:40:53,6,14
2016-07-31 06:50:57,6,14
2016-07-31 07:01:01,6,14
2016-07-31 07:11:05,6,14
2016-07-31 07:21:08,6,14
2016-07-31 07:31:12,6,14
2016-07-31 07:41:16,6,14
2016-07-31 07:51:20,6,14
2016-07-31 08:01:24,6,14
2016-07-31 08:11:27,6,14
2016-07-31 08:21:31,6,14
2016-07-31 08:31:35,6,14
2016-07-31 08:41:39,6,14
2016-07-31 08:51:43,6,14
2016-07-31 08:59:58,5,15
2016-07-31 09:10:02,5,15
2016-07-31 09:20:06,5,15
2016-07-31 09:30:10,5,15
2016-07-31 09:40:14,5,15
2016-07-31 09:50:18,5,15
2016-07-31 10:00:22,5,15
2016-07-31 10:10:25,5,15
2016-07-31 10:12:35,6,14
2016-07-31 10:21:01,7,13
2016-07-31 10:28:35,6,14
2016-07-31 10:38:38,6,14
2016-07-31 10:48:42,6,14
2016-07-31 10:58:44,6,14
2016-07-31 11:05:57,5,15
2016-07-31 11:16:01,5,15
2016-07-31 11:26:05,5,15
2016-07-31 11:36:09,5,15
2016-07-31 11:46:13,5,15
2016-07-31 11:56:16,5,15
2016-07-31 12:06:20,5,15
2016-07-31 12:16:24,5,15
2016-07-31 12:26:28,5,15
2016-07-31 12:36:31,5,15
2016-07-31 12:42:20,6,14
2016-07-31 12:52:24,6,14
2016-07-31 13:02:28,6,14
2016-07-31 13:12:32,6,14
2016-07-31 13:22:35,6,14
2016-07-31 13:32:39,6,14
2016-07-31 13:42:43,6,14
2016-07-31 13:52:47,6,14
2016-07-31 14:02:50,6,14
2016-07-31 14:12:54,6,14
2016-07-31 14:22:57,6,14
2016-07-31 14:33:01,6,14
2016-07-31 14:43:05,6,14
2016-07-31 14:53:08,6,14
2016-07-31 15:03:12,6,14
2016-07-31 15:13:15,7,13
2016-07-31 15:23:18,7,13
2016-07-31 15:33:22,7,13
2016-07-31 15:43:26,7,13
2016-07-31 15:53:29,7,13
2016-07-31 16:03:32,7,13
2016-07-31 16:13:36,7,13
2016-07-31 16:20:04,6,14
2016-07-31 16:25:22,5,15
2016-07-31 16:35:26,5,15
2016-07-31 16:42:02,4,16
2016-07-31 16:52:05,4,16
2016-07-31 17:02:09,4,16
2016-07-31 17:12:50,4,16
2016-07-31 17:33:09,5,15
2016-07-31 17:43:15,5,15
2016-07-31 17:51:30,4,16
2016-07-31 18:01:34,4,16
2016-07-31 18:06:45,3,17
2016-07-31 18:27:37,4,16
2016-07-31 18:37:41,4,16
2016-07-31 18:41:52,2,18
2016-07-31 18:50:13,3,17
2016-07-31 19:00:40,2,18
2016-07-31 19:10:44,2,18
2016-07-31 19:20:48,2,18
2016-07-31 19:30:51,2,18
2016-07-31 19:38:54,3,17
2016-07-31 19:59:02,3,17
2016-07-31 20:09:06,3,17
2016-07-31 20:19:10,3,17
2016-07-31 20:29:13,3,17
2016-07-31 20:32:41,4,16
2016-07-31 20:41:40,4,16
2016-07-31 20:51:44,4,16
2016-07-31 21:11:52,4,16
2016-07-31 21:21:56,4,16
2016-07-31 21:31:59,4,16
2016-07-31 21:33:51,5,15
2016-07-31 22:01:45,6,14
2016-07-31 22:11:49,6,14
2016-07-31 22:34:15,8,12
2016-07-31 22:44:20,8,12
2016-07-31 22:54:24,8,12
2016-07-31 23:04:27,8,12
2016-07-31 23:14:31,8,12
2016-07-31 23:24:35,8,12
2016-07-31 23:34:39,8,12
2016-07-31 23:54:46,8,12
2016-08-01 00:04:50,8,12
2016-08-01 00:14:54,8,12
2016-08-01 00:24:58,8,12
2016-08-01 00:45:05,8,12
2016-08-01 00:55:09,8,12
2016-08-01 01:15:24,9,11
2016-08-01 01:25:27,9,11
2016-08-01 01:35:31,9,11
2016-08-01 01:42:13,8,12
2016-08-01 01:52:17,8,12
2016-08-01 02:02:21,8,12
2016-08-01 02:12:25,8,12
2016-08-01 02:22:28,8,12
2016-08-01 02:32:32,8,12
2016-08-01 02:42:36,8,12
2016-08-01 02:52:40,8,12
2016-08-01 03:02:43,8,12
2016-08-01 03:12:47,8,12
2016-08-01 03:22:51,8,12
2016-08-01 03:32:54,8,12
2016-08-01 03:35:45,9,11
2016-08-01 03:45:50,9,11
2016-08-01 03:55:53,9,11
2016-08-01 04:05:57,9,11
2016-08-01 04:15:18,9,11
2016-08-01 04:21:56,9,11
2016-08-01 04:32:00,9,11
2016-08-01 04:42:04,9,11
2016-08-01 04:52:08,9,11
2016-08-01 05:02:12,9,11
2016-08-01 05:12:16,9,11
2016-08-01 05:22:20,9,11
2016-08-01 05:32:25,9,11
2016-08-01 05:42:29,9,11
2016-08-01 05:52:33,9,11
2016-08-01 06:02:37,9,11
2016-08-01 06:12:41,9,11
2016-08-01 06:22:45,9,11
2016-08-01 06:30:31,8,12
2016-08-01 06:40:34,8,12
2016-08-01 06:50:38,8,12
2016-08-01 07:00:42,8,12
2016-08-01 07:10:45,8,12
2016-08-01 08:01:04,8,12
2016-08-01 08:11:09,8,12
2016-08-01 08:21:13,8,12
2016-08-01 08:32:52,9,11
2016-08-01 08:45:42,8,12
2016-08-01 08:55:46,8,12
2016-08-01 09:05:50,8,12
2016-08-01 09:15:54,8,12
2016-08-01 09:26:03,8,12
2016-08-01 09:27:05,7,13
2016-08-01 09:37:08,7,13
2016-08-01 09:57:16,7,13
2016-08-01 10:01:40,6,14
2016-08-01 10:11:44,6,14
2016-08-01 10:21:48,6,14
2016-08-01 10:23:53,7,13
2016-08-01 10:33:58,7,13
2016-08-01 10:44:02,7,13
2016-08-01 10:54:06,7,13
2016-08-01 11:14:15,7,13
2016-08-01 11:24:19,7,13
2016-08-01 11:28:24,8,12
2016-08-01 11:40:10,8,12
2016-08-01 11:40:48,7,13
2016-08-01 12:05:48,6,14
2016-08-01 12:16:04,5,15
2016-08-01 12:19:58,4,15
2016-08-01 12:21:56,4,15
2016-08-01 12:23:02,4,15
2016-08-01 12:25:43,3,16
2016-08-01 12:36:26,3,17
2016-08-01 12:46:29,3,17
2016-08-01 12:56:33,3,17
2016-08-01 13:06:37,3,17
2016-08-01 13:16:41,3,17
2016-08-01 13:26:44,3,17
2016-08-01 13:29:43,4,16
2016-08-01 13:34:37,5,15
2016-08-01 13:44:41,5,15
2016-08-01 13:54:44,5,15
2016-08-01 14:04:48,5,15
2016-08-01 14:19:36,4,16
2016-08-01 14:29:40,4,16
2016-08-01 14:39:45,4,16
2016-08-01 14:50:52,5,15
2016-08-01 14:54:12,5,15
2016-08-01 15:04:17,4,15
2016-08-01 15:11:55,4,15
2016-08-01 15:12:17,3,16
2016-08-01 15:22:21,3,16
2016-08-01 15:32:25,3,16
2016-08-01 15:42:29,3,16
2016-08-01 15:53:16,4,15
2016-08-01 16:04:05,4,15
2016-08-01 16:05:58,3,16
2016-08-01 16:09:00,4,15
2016-08-01 16:19:05,4,15
2016-08-01 16:28:13,5,14
2016-08-01 16:29:24,5,14
2016-08-01 16:39:30,5,14
2016-08-01 16:44:20,6,13
2016-08-01 17:05:09,6,13
2016-08-01 17:13:40,6,13
2016-08-01 17:14:40,6,13
2016-08-01 17:18:52,7,12
2016-08-01 17:28:55,7,12
2016-08-01 17:38:59,7,12
2016-08-01 17:49:03,7,12
2016-08-01 17:59:06,7,12
2016-08-01 18:00:46,6,13
2016-08-01 18:27:42,7,12
2016-08-01 18:28:26,6,13
2016-08-01 18:38:29,6,13
2016-08-01 18:48:33,6,13
2016-08-01 19:28:48,6,13
2016-08-01 19:38:52,6,13
2016-08-01 19:48:16,7,12
2016-08-01 19:58:20,7,12
2016-08-01 20:18:32,7,12
2016-08-01 20:28:36,7,12
2016-08-01 20:38:40,7,12
2016-08-01 20:44:55,8,11
2016-08-01 20:54:59,8,11
2016-08-01 21:00:58,9,10
2016-08-01 21:11:02,9,10
2016-08-01 21:21:06,9,10
2016-08-01 21:24:10,10,9
2016-08-01 21:24:50,9,10
2016-08-01 21:34:53,9,10
2016-08-01 21:44:57,9,10
2016-08-01 21:55:00,9,10
2016-08-01 22:05:04,9,10
2016-08-01 22:15:08,9,10
2016-08-01 22:25:12,9,10
2016-08-01 22:35:15,9,10
2016-08-01 22:45:18,9,10
2016-08-01 22:55:22,9,10
2016-08-01 23:05:26,9,10
2016-08-01 23:15:29,9,10
2016-08-01 23:25:32,9,10
2016-08-01 23:35:35,9,10
2016-08-01 23:45:39,9,10
2016-08-01 23:55:43,9,10
2016-08-02 00:05:47,9,10
2016-08-02 00:15:50,9,10
2016-08-02 00:25:54,9,10
2016-08-02 00:46:00,9,10
2016-08-02 00:56:05,9,10
2016-08-02 01:06:10,9,10
2016-08-02 01:16:14,9,10
2016-08-02 01:26:17,9,10
2016-08-02 01:36:21,9,10
2016-08-02 01:46:25,9,10
2016-08-02 01:56:29,9,10
2016-08-02 02:06:32,9,10
2016-08-02 02:16:36,9,10
2016-08-02 02:26:40,9,10
2016-08-02 02:36:43,9,10
2016-08-02 02:46:47,9,10
2016-08-02 02:56:50,9,10
2016-08-02 03:06:54,9,10
2016-08-02 03:12:46,10,9
2016-08-02 03:22:50,10,9
2016-08-02 03:32:54,10,9
2016-08-02 03:42:57,10,9
2016-08-02 03:53:01,10,9
2016-08-02 04:29:46,11,8
2016-08-02 04:39:50,11,8
2016-08-02 04:49:54,11,8
2016-08-02 04:59:58,11,8
2016-08-02 05:10:01,11,8
2016-08-02 05:20:05,11,8
2016-08-02 05:30:09,11,8
2016-08-02 05:40:12,11,8
2016-08-02 05:50:16,11,8
2016-08-02 05:54:09,11,8
2016-08-02 06:04:15,10,9
2016-08-02 06:14:19,10,9
2016-08-02 06:24:22,10,9
2016-08-02 06:34:26,10,9
2016-08-02 06:44:30,10,9
2016-08-02 06:54:33,10,9
2016-08-02 07:04:37,10,9
2016-08-02 07:14:41,10,9
2016-08-02 07:24:45,10,9
2016-08-02 07:34:49,10,9
2016-08-02 07:44:53,10,9
2016-08-02 07:54:56,10,9
2016-08-02 08:05:09,10,9
2016-08-02 08:15:13,10,9
2016-08-02 08:18:01,11,8
2016-08-02 08:28:04,11,8
2016-08-02 08:57:36,10,9
2016-08-02 09:27:47,10,9
2016-08-02 09:37:50,10,9
2016-08-02 09:47:54,10,9
2016-08-02 10:08:01,10,9
2016-08-02 10:18:05,10,9
2016-08-02 10:28:08,10,9
2016-08-02 10:38:12,10,9
2016-08-02 10:51:52,10,9
2016-08-02 11:01:56,10,9
2016-08-02 11:11:59,10,9
2016-08-02 11:25:44,10,9
2016-08-02 11:35:48,10,9
2016-08-02 11:45:51,10,9
2016-08-02 11:55:55,10,9
2016-08-02 12:04:55,10,10
2016-08-02 12:33:00,11,9
2016-08-02 12:43:03,11,9
2016-08-02 12:53:07,11,9
2016-08-02 13:03:11,11,9
2016-08-02 13:23:18,11,9
2016-08-02 13:34:11,10,10
2016-08-02 13:46:08,10,10
2016-08-02 13:49:32,10,10
2016-08-02 13:50:23,9,11
2016-08-02 14:00:27,9,11
2016-08-02 14:10:31,9,11
2016-08-02 14:20:35,9,11
2016-08-02 14:30:38,9,11
2016-08-02 14:40:42,9,11
2016-08-02 14:50:46,9,11
2016-08-02 15:00:51,9,11
2016-08-02 15:10:54,9,11
2016-08-02 15:24:53,8,12
2016-08-02 15:27:10,9,11
2016-08-02 15:41:46,10,10
2016-08-02 15:51:50,10,10
2016-08-02 16:02:00,10,10
2016-08-02 16:12:03,10,10
2016-08-02 16:22:07,10,10
2016-08-02 16:42:14,10,10
2016-08-02 16:52:18,10,10
2016-08-02 16:58:04,10,10
2016-08-02 17:18:11,10,10
2016-08-02 17:28:15,10,10
2016-08-02 17:38:19,10,10
2016-08-02 17:58:26,10,10
2016-08-02 18:08:30,10,10
2016-08-02 18:18:34,10,10
2016-08-02 18:28:38,10,10
2016-08-02 18:38:50,11,9
2016-08-02 18:53:46,10,10
2016-08-02 19:03:55,10,10
2016-08-02 19:04:22,9,11
2016-08-02 19:06:25,10,10
2016-08-02 19:14:50,11,9
2016-08-02 19:24:54,11,9
2016-08-02 19:34:57,11,9
2016-08-02 19:45:01,11,9
2016-08-02 19:52:12,12,8
2016-08-02 20:05:25,12,8
2016-08-02 20:15:30,12,8
2016-08-02 20:24:00,11,9
2016-08-02 20:25:52,11,9
2016-08-02 20:26:27,10,10
2016-08-02 20:54:32,13,7
2016-08-02 21:24:41,13,7
2016-08-02 21:29:54,13,7
2016-08-02 21:30:55,13,7
2016-08-02 21:40:58,13,7
2016-08-02 21:51:01,13,7
2016-08-02 22:01:05,13,7
2016-08-02 22:21:26,13,7
2016-08-02 22:31:30,13,7
2016-08-02 22:41:33,13,7
2016-08-02 22:51:37,13,7
2016-08-02 22:53:27,13,7
2016-08-02 22:59:23,13,7
2016-08-02 23:09:28,13,7
2016-08-02 23:59:45,13,7
2016-08-03 00:09:27,14,6
2016-08-03 00:49:41,14,6
2016-08-03 00:59:45,14,6
2016-08-03 01:18:20,15,5
2016-08-03 01:21:03,16,4
2016-08-03 01:23:08,16,4
2016-08-03 01:33:11,16,4
2016-08-03 01:43:14,16,4
2016-08-03 01:53:18,16,4
2016-08-03 02:03:22,16,4
2016-08-03 02:13:25,16,4
2016-08-03 02:23:40,17,2
2016-08-03 02:26:29,18,2
2016-08-03 02:36:33,18,2
2016-08-03 02:46:37,18,2
2016-08-03 02:56:41,18,2
2016-08-03 03:06:44,18,2
2016-08-03 03:16:48,18,2
2016-08-03 03:26:51,18,2
2016-08-03 03:36:55,18,2
2016-08-03 03:46:59,18,2
2016-08-03 03:57:03,18,2
2016-08-03 04:07:06,18,2
2016-08-03 04:15:44,18,2
2016-08-03 04:29:46,18,2
2016-08-03 04:49:53,18,2
2016-08-03 04:59:57,18,2
2016-08-03 05:10:01,18,2
2016-08-03 05:20:05,18,2
2016-08-03 05:23:30,19,1
2016-08-03 05:33:33,19,1
2016-08-03 05:43:37,19,1
2016-08-03 05:53:41,19,1
2016-08-03 06:00:07,19,1
2016-08-03 06:00:28,18,2
2016-08-03 06:10:32,18,2
2016-08-03 06:20:35,18,2
2016-08-03 06:30:39,18,2
2016-08-03 06:40:43,18,2
2016-08-03 06:50:46,18,2
2016-08-03 07:00:50,18,2
2016-08-03 07:10:54,18,2
2016-08-03 07:21:08,18,2
2016-08-03 07:29:57,19,1
2016-08-03 07:40:00,19,1
2016-08-03 07:50:04,19,1
2016-08-03 08:10:12,19,1
2016-08-03 08:20:15,19,1
2016-08-03 08:30:19,19,1
2016-08-03 08:40:15,19,1
2016-08-03 08:50:31,20,0
2016-08-03 09:00:33,20,0
2016-08-03 09:10:37,20,0
2016-08-03 09:20:40,20,0
2016-08-03 09:27:32,20,0
2016-08-03 09:28:00,19,1
2016-08-03 09:38:03,19,1
2016-08-03 09:48:07,19,1
2016-08-03 09:58:10,19,1
2016-08-03 10:08:13,19,1
2016-08-03 10:18:16,19,1
2016-08-03 10:28:20,19,1
2016-08-03 10:38:23,19,1
2016-08-03 10:45:46,20,0
2016-08-03 10:46:46,19,1
2016-08-03 10:56:49,19,1
2016-08-03 11:06:52,19,1
2016-08-03 11:26:59,19,1
2016-08-03 11:37:03,19,1
2016-08-03 11:47:07,19,1
2016-08-03 11:57:22,19,1
2016-08-03 11:58:37,17,3
2016-08-03 12:18:37,15,5
2016-08-03 12:28:40,15,5
2016-08-03 12:38:44,15,5
2016-08-03 13:11:16,16,4
2016-08-03 13:15:04,16,4
2016-08-03 13:16:20,15,5
2016-08-03 13:26:24,15,5
2016-08-03 13:36:27,15,5
2016-08-03 13:46:31,15,5
2016-08-03 13:56:34,15,5
2016-08-03 14:06:38,15,5
2016-08-03 14:16:45,15,5
2016-08-03 14:34:41,14,6
2016-08-03 14:44:45,14,6
2016-08-03 14:54:48,14,6
2016-08-03 15:04:52,14,6
2016-08-03 15:14:55,14,6
2016-08-03 15:24:59,14,6
2016-08-03 15:35:03,14,6
2016-08-03 15:45:07,14,6
2016-08-03 15:55:10,14,6
2016-08-03 15:56:46,13,7
2016-08-03 16:06:49,13,7
2016-08-03 16:16:53,13,7
2016-08-03 16:26:57,13,7
2016-08-03 16:37:00,13,7
2016-08-03 16:47:03,13,7
2016-08-03 16:57:07,13,7
2016-08-03 17:02:49,14,6
2016-08-03 17:12:52,14,6
2016-08-03 17:22:55,14,6
2016-08-03 17:32:59,14,6
2016-08-03 17:37:44,15,5
2016-08-03 17:38:05,15,5
2016-08-03 17:49:35,16,4
2016-08-03 18:05:50,16,4
2016-08-03 18:12:27,14,6
2016-08-03 18:22:30,14,6
2016-08-03 18:32:34,14,6
2016-08-03 18:42:38,14,6
2016-08-03 18:53:50,14,6
2016-08-03 18:55:38,16,4
2016-08-03 19:07:28,13,7
2016-08-03 19:17:31,13,7
2016-08-03 19:27:35,13,7
2016-08-03 19:37:39,13,7
2016-08-03 19:47:42,13,7
2016-08-03 19:57:46,13,7
2016-08-03 20:15:49,14,6
2016-08-03 20:25:52,14,6
2016-08-03 20:35:56,14,6
2016-08-03 20:45:59,14,6
2016-08-03 20:56:03,14,6
2016-08-03 21:17:45,15,5
2016-08-03 21:32:34,13,7
2016-08-03 21:42:38,13,7
2016-08-03 21:52:42,13,7
2016-08-03 22:01:30,13,7
2016-08-03 22:12:45,13,7
2016-08-03 22:15:14,13,7
2016-08-03 22:16:05,12,8
2016-08-03 22:26:08,12,8
2016-08-03 22:35:44,13,7
2016-08-03 22:47:41,13,7
2016-08-03 23:08:11,12,8
2016-08-03 23:28:19,12,8
2016-08-03 23:32:26,13,7
2016-08-03 23:42:29,13,7
2016-08-03 23:52:32,13,7
2016-08-03 23:58:26,14,6
2016-08-04 00:08:30,14,6
2016-08-04 00:28:15,15,5
2016-08-04 00:38:18,15,5
2016-08-04 00:48:22,15,5
2016-08-04 00:51:47,13,7
2016-08-04 00:55:05,12,8
2016-08-04 01:05:08,12,8
2016-08-04 01:15:12,12,8
2016-08-04 01:23:40,13,7
2016-08-04 01:24:37,13,7
2016-08-04 01:35:03,14,6
2016-08-04 01:36:27,16,4
2016-08-04 01:46:30,16,4
2016-08-04 01:56:34,16,4
2016-08-04 02:06:36,16,4
2016-08-04 02:16:40,16,4
2016-08-04 02:36:48,16,4
2016-08-04 02:46:51,16,4
2016-08-04 02:56:57,16,4
2016-08-04 03:37:12,16,4
2016-08-04 03:47:16,16,4
2016-08-04 03:52:12,17,3
2016-08-04 04:02:15,17,3
2016-08-04 04:22:11,17,3
2016-08-04 04:24:55,17,3
2016-08-04 04:55:05,17,3
2016-08-04 05:15:13,17,3
2016-08-04 05:35:19,17,3
2016-08-04 05:45:23,17,3
2016-08-04 05:53:42,17,3
2016-08-04 05:54:15,16,4
2016-08-04 06:04:19,16,4
2016-08-04 06:14:22,16,4
2016-08-04 06:24:26,16,4
2016-08-04 06:34:30,16,4
2016-08-04 06:44:32,16,4
2016-08-04 06:54:36,16,4
2016-08-04 07:04:39,16,4
2016-08-04 07:14:43,16,4
2016-08-04 07:24:46,16,4
2016-08-04 07:34:49,16,4
2016-08-04 07:44:53,16,4
2016-08-04 07:54:57,16,4
2016-08-04 08:05:00,16,4
2016-08-04 08:15:04,16,4
2016-08-04 08:23:02,15,5
2016-08-04 08:25:49,16,4
2016-08-04 08:33:26,15,5
2016-08-04 08:43:29,15,5
2016-08-04 08:53:33,15,5
2016-08-04 09:03:37,15,5
2016-08-04 09:13:40,15,5
2016-08-04 09:23:44,15,5
2016-08-04 09:33:47,15,5
2016-08-04 09:53:54,15,5
2016-08-04 10:03:58,15,5
2016-08-04 10:14:02,15,5
2016-08-04 10:24:05,15,5
2016-08-04 10:34:09,15,5
2016-08-04 10:44:12,15,5
2016-08-04 10:52:37,14,6
2016-08-04 11:02:40,14,6
2016-08-04 11:12:43,14,6
2016-08-04 11:22:47,14,6
2016-08-04 11:32:51,14,6
2016-08-04 11:42:27,14,6
2016-08-04 12:03:10,13,7
2016-08-04 12:13:14,13,7
2016-08-04 12:35:05,12,8
2016-08-04 12:45:09,12,8
2016-08-04 13:05:16,12,8
2016-08-04 13:08:41,11,9
2016-08-04 13:18:43,11,9
2016-08-04 13:28:47,11,9
2016-08-04 13:38:51,11,9
2016-08-04 13:48:55,11,9
2016-08-04 13:58:58,11,9
2016-08-04 14:09:02,11,9
2016-08-04 14:19:05,11,9
2016-08-04 14:29:09,11,9
2016-08-04 14:39:13,11,9
2016-08-04 14:43:30,12,8
2016-08-04 15:04:25,11,9
2016-08-04 15:11:44,12,8
2016-08-04 15:21:47,12,8
2016-08-04 15:35:36,11,9
2016-08-04 15:45:40,11,9
2016-08-04 15:55:44,11,9
2016-08-04 16:15:51,11,9
2016-08-04 16:36:12,11,9
2016-08-04 16:43:12,10,10
2016-08-04 16:55:04,11,9
2016-08-04 17:25:17,11,9
2016-08-04 17:45:25,11,9
2016-08-04 17:55:29,11,9
2016-08-04 18:05:33,11,9
2016-08-04 18:15:37,11,9
2016-08-04 18:25:42,11,9
2016-08-04 18:35:46,11,9
2016-08-04 18:45:50,11,9
2016-08-04 18:49:38,12,8
2016-08-04 18:59:42,12,8
2016-08-04 19:09:45,12,8
2016-08-04 19:11:38,12,8
2016-08-04 19:13:03,11,9
2016-08-04 19:32:15,12,8
2016-08-04 19:36:45,13,7
2016-08-04 19:46:49,13,7
2016-08-04 19:56:53,13,7
2016-08-04 20:06:57,13,7
2016-08-04 20:17:00,13,7
2016-08-04 20:27:05,13,7
2016-08-04 20:31:18,14,6
2016-08-04 20:41:23,14,6
2016-08-04 20:43:12,15,5
2016-08-04 20:53:17,15,5
2016-08-04 21:03:22,15,5
2016-08-04 21:13:27,15,5
2016-08-04 21:23:31,15,5
2016-08-04 21:33:35,15,5
2016-08-04 21:53:43,15,5
2016-08-04 22:03:46,15,5
2016-08-04 22:44:03,15,5
2016-08-04 22:54:07,15,5
2016-08-04 23:24:18,15,5
2016-08-04 23:54:30,15,5
2016-08-05 00:04:34,15,5
2016-08-05 00:14:40,15,5
2016-08-05 00:24:44,15,5
2016-08-05 00:34:47,15,5
2016-08-05 00:44:51,15,5
2016-08-05 00:54:55,15,5
2016-08-05 01:04:15,15,5
2016-08-05 01:14:19,15,5
2016-08-05 01:15:24,16,4
2016-08-05 01:25:28,16,4
2016-08-05 01:31:33,17,3
2016-08-05 01:41:37,17,3
2016-08-05 01:48:49,18,2
2016-08-05 01:49:42,17,3
2016-08-05 01:59:46,17,3
2016-08-05 02:09:51,17,3
2016-08-05 02:14:29,18,2
2016-08-05 02:41:39,19,1
2016-08-05 02:44:41,20,0
2016-08-05 02:54:44,20,0
2016-08-05 03:04:48,20,0
2016-08-05 03:14:52,20,0
2016-08-05 03:24:56,20,0
2016-08-05 03:35:00,20,0
2016-08-05 03:45:04,20,0
2016-08-05 03:55:09,20,0
2016-08-05 04:05:13,20,0
2016-08-05 04:22:25,20,0
2016-08-05 04:32:28,20,0
2016-08-05 04:42:32,20,0
2016-08-05 04:52:36,20,0
2016-08-05 05:02:39,20,0
2016-08-05 05:12:43,20,0
2016-08-05 05:22:47,20,0
2016-08-05 05:32:51,20,0
2016-08-05 05:42:55,20,0
2016-08-05 06:11:18,19,1
2016-08-05 06:21:22,19,1
2016-08-05 06:31:26,19,1
2016-08-05 06:41:29,19,1
2016-08-05 06:51:34,19,1
2016-08-05 07:01:38,19,1
2016-08-05 07:11:42,19,1
2016-08-05 07:21:46,19,1
2016-08-05 07:23:37,13,7
2016-08-05 07:33:41,13,7
2016-08-05 07:43:45,13,7
2016-08-05 07:53:49,13,7
2016-08-05 08:03:53,13,7
2016-08-05 08:14:47,14,6
2016-08-05 08:24:51,14,6
2016-08-05 08:27:38,13,7
2016-08-05 08:37:42,13,7
2016-08-05 08:47:46,13,7
2016-08-05 08:57:50,13,7
2016-08-05 09:02:13,14,6
2016-08-05 09:12:17,14,6
2016-08-05 09:22:21,14,6
2016-08-05 09:32:25,14,6
2016-08-05 09:42:28,14,6
2016-08-05 10:12:40,14,6
2016-08-05 10:22:44,14,6
2016-08-05 10:32:48,14,6
2016-08-05 10:42:52,14,6
2016-08-05 11:12:09,14,6
2016-08-05 11:12:42,13,7
2016-08-05 11:22:47,13,7
2016-08-05 11:24:48,13,7
2016-08-05 11:25:28,12,8
2016-08-05 11:35:32,12,8
2016-08-05 11:43:05,13,7
2016-08-05 11:53:09,13,7
2016-08-05 12:03:13,13,7
2016-08-05 12:13:16,13,7
2016-08-05 12:19:09,12,8
2016-08-05 12:29:13,12,8
2016-08-05 12:41:48,11,9
2016-08-05 12:51:52,11,9
2016-08-05 13:07:49,9,11
2016-08-05 13:08:23,8,12
2016-08-05 13:18:27,8,12
2016-08-05 13:28:31,8,12
2016-08-05 13:38:34,8,12
2016-08-05 13:48:39,8,12
2016-08-05 14:08:47,8,12
2016-08-05 14:18:52,8,12
2016-08-05 14:28:57,8,12
2016-08-05 14:49:06,8,12
2016-08-05 15:07:33,7,13
2016-08-05 15:08:48,6,14
2016-08-05 15:19:32,6,14
2016-08-05 15:29:36,6,14
2016-08-05 16:19:57,6,14
2016-08-05 16:40:04,6,14
2016-08-05 16:48:11,6,14
2016-08-05 17:04:35,7,13
2016-08-05 17:14:39,7,13
2016-08-05 17:24:45,7,13
2016-08-05 17:26:41,7,13
2016-08-05 17:38:55,6,14
2016-08-05 17:48:47,6,14
2016-08-05 17:57:05,6,14
2016-08-05 17:59:42,5,15
2016-08-05 18:19:49,5,15
2016-08-05 18:29:53,5,15
2016-08-05 18:44:47,3,17
2016-08-05 18:55:00,2,18
2016-08-05 19:05:03,2,18
2016-08-05 19:15:07,2,18
2016-08-05 19:19:43,3,17
2016-08-05 19:29:47,3,17
2016-08-05 19:39:51,3,17
2016-08-05 19:59:59,3,17
2016-08-05 20:10:03,3,17
2016-08-05 20:20:06,3,17
2016-08-05 20:30:10,3,17
2016-08-05 20:40:14,3,17
2016-08-05 20:50:18,3,17
2016-08-05 21:00:21,3,17
2016-08-05 21:10:25,3,17
2016-08-05 21:15:48,3,17
2016-08-05 22:01:41,3,17
2016-08-05 22:11:45,3,17
2016-08-05 22:21:49,3,17
2016-08-05 22:31:53,3,17
2016-08-05 22:52:00,3,17
2016-08-05 23:22:11,3,17
2016-08-05 23:32:15,3,17
2016-08-05 23:42:19,3,17
2016-08-05 23:52:22,3,17
2016-08-06 00:02:26,3,17
2016-08-06 00:12:30,3,17
2016-08-06 00:22:34,3,17
2016-08-06 00:32:38,3,17
2016-08-06 00:42:41,3,17
2016-08-06 00:44:49,4,16
2016-08-06 00:53:32,5,15
2016-08-06 01:03:36,5,15
2016-08-06 01:13:40,5,15
2016-08-06 01:53:56,5,15
2016-08-06 02:03:59,5,15
2016-08-06 02:05:55,6,14
2016-08-06 02:15:58,6,14
2016-08-06 02:48:49,5,15
2016-08-06 02:52:15,6,14
2016-08-06 03:02:19,6,14
2016-08-06 03:12:23,6,14
2016-08-06 03:22:27,6,14
2016-08-06 03:29:43,7,13
2016-08-06 03:39:09,7,13
2016-08-06 03:40:30,5,15
2016-08-06 03:50:34,5,15
2016-08-06 04:00:38,5,15
2016-08-06 04:18:44,5,15
2016-08-06 04:38:52,5,15
2016-08-06 04:48:57,5,15
2016-08-06 04:59:00,5,15
2016-08-06 05:09:04,5,15
2016-08-06 05:14:09,6,14
2016-08-06 05:24:13,6,14
2016-08-06 05:34:16,6,14
2016-08-06 05:44:21,6,14
2016-08-06 06:14:33,6,14
2016-08-06 06:24:37,6,14
2016-08-06 06:34:42,6,14
2016-08-06 06:59:41,7,13
2016-08-06 07:29:52,7,13
2016-08-06 07:39:56,7,13
2016-08-06 07:43:08,7,13
2016-08-06 07:43:10,8,12
2016-08-06 07:53:14,8,12
2016-08-06 08:03:18,8,12
2016-08-06 08:13:22,8,12
2016-08-06 08:23:27,8,12
2016-08-06 08:33:31,8,12
2016-08-06 08:43:34,8,12
2016-08-06 08:53:39,8,12
2016-08-06 09:03:43,8,12
2016-08-06 09:13:47,8,12
2016-08-06 09:23:52,8,12
2016-08-06 09:33:55,8,12
2016-08-06 09:44:00,8,12
2016-08-06 10:04:07,8,12
2016-08-06 10:18:35,7,13
2016-08-06 10:28:38,7,13
2016-08-06 10:38:42,7,13
2016-08-06 10:48:46,7,13
2016-08-06 10:58:49,7,13
2016-08-06 11:08:53,7,13
2016-08-06 11:18:57,7,13
2016-08-06 11:25:12,9,11
2016-08-06 12:07:34,10,10
2016-08-06 12:14:05,11,9
2016-08-06 12:14:49,11,9
2016-08-06 12:23:10,10,10
2016-08-06 12:26:52,9,11
2016-08-06 12:28:37,8,12
2016-08-06 12:38:41,8,12
2016-08-06 12:50:07,8,12
2016-08-06 13:10:17,7,13
2016-08-06 13:20:21,7,13
2016-08-06 13:27:19,8,12
2016-08-06 13:47:26,8,12
2016-08-06 14:07:34,8,12
2016-08-06 14:17:39,8,12
2016-08-06 14:27:43,8,12
2016-08-06 14:37:46,8,12
2016-08-06 15:07:59,8,12
2016-08-06 15:18:03,8,12
2016-08-06 15:28:07,8,12
2016-08-06 15:38:11,8,12
2016-08-06 15:48:14,8,12
2016-08-06 15:58:18,8,12
2016-08-06 16:08:22,8,12
2016-08-06 16:18:25,8,12
2016-08-06 16:28:29,8,12
2016-08-06 16:40:05,9,11
2016-08-06 16:45:44,10,10
2016-08-06 16:55:47,10,10
2016-08-06 17:00:45,9,11
2016-08-06 17:10:50,9,11
2016-08-06 17:13:38,8,12
2016-08-06 17:20:51,10,10
2016-08-06 17:30:56,10,10
2016-08-06 17:41:00,10,10
2016-08-06 17:51:05,10,10
2016-08-06 18:00:20,11,9
2016-08-06 18:10:25,11,9
2016-08-06 18:20:29,11,9
2016-08-06 18:30:40,12,8
2016-08-06 18:40:44,12,8
2016-08-06 18:50:50,12,8
2016-08-06 18:57:51,12,8
2016-08-06 18:58:54,11,9
2016-08-06 19:08:58,11,9
2016-08-06 19:19:03,11,9
2016-08-06 19:29:07,11,9
2016-08-06 19:39:11,11,9
2016-08-06 19:49:15,11,9
2016-08-06 19:59:19,11,9
2016-08-06 20:09:22,11,9
2016-08-06 20:29:31,11,9
2016-08-06 20:39:37,11,9
2016-08-06 20:44:34,12,8
2016-08-06 21:04:42,12,8
2016-08-06 21:14:46,12,8
2016-08-06 21:24:50,12,8
2016-08-06 21:34:54,12,8
2016-08-06 21:44:57,12,8
2016-08-06 21:55:01,12,8
2016-08-06 21:58:41,13,7
2016-08-06 22:08:45,13,7
2016-08-06 22:18:50,13,7
2016-08-06 22:28:54,13,7
2016-08-06 22:38:59,13,7
2016-08-06 22:59:06,13,7
2016-08-06 23:19:15,13,7
2016-08-06 23:29:19,13,7
2016-08-06 23:39:24,13,7
2016-08-06 23:49:27,13,7
2016-08-06 23:59:32,13,7
2016-08-07 00:09:36,13,7
2016-08-07 00:19:40,13,7
2016-08-07 00:29:43,13,7
2016-08-07 00:39:47,13,7
2016-08-07 00:43:17,14,6
2016-08-07 00:53:21,14,6
2016-08-07 01:03:25,14,6
2016-08-07 01:13:29,14,6
2016-08-07 01:23:35,14,6
2016-08-07 01:33:38,14,6
2016-08-07 01:43:44,14,6
2016-08-07 01:53:47,14,6
2016-08-07 02:03:51,14,6
2016-08-07 02:13:55,14,6
2016-08-07 02:23:59,14,6
2016-08-07 02:33:35,13,7
2016-08-07 02:43:38,13,7
2016-08-07 02:53:42,13,7
2016-08-07 03:13:51,13,7
2016-08-07 03:23:55,13,7
2016-08-07 03:33:59,13,7
2016-08-07 03:44:03,13,7
2016-08-07 03:54:06,13,7
2016-08-07 04:04:10,13,7
2016-08-07 04:15:16,13,7
2016-08-07 04:18:39,13,7
2016-08-07 04:28:43,13,7
2016-08-07 04:38:47,13,7
2016-08-07 04:48:51,13,7
2016-08-07 04:58:54,13,7
2016-08-07 05:08:58,13,7
2016-08-07 05:19:02,13,7
2016-08-07 05:29:06,13,7
2016-08-07 05:39:10,13,7
2016-08-07 05:49:14,13,7
2016-08-07 05:59:18,13,7
2016-08-07 06:09:22,13,7
2016-08-07 06:19:26,13,7
2016-08-07 06:29:29,13,7
2016-08-07 06:39:33,13,7
2016-08-07 06:49:37,13,7
2016-08-07 06:59:41,13,7
2016-08-07 07:09:45,13,7
2016-08-07 07:19:48,13,7
2016-08-07 07:29:52,13,7
2016-08-07 07:39:56,13,7
2016-08-07 07:50:00,13,7
2016-08-07 08:00:04,13,7
2016-08-07 08:10:07,13,7
2016-08-07 08:20:11,13,7
2016-08-07 08:30:15,13,7
2016-08-07 08:40:19,13,7
2016-08-07 08:50:23,13,7
2016-08-07 09:00:26,13,7
2016-08-07 09:10:30,13,7
2016-08-07 09:20:34,13,7
2016-08-07 09:30:39,13,7
2016-08-07 09:40:07,12,8
2016-08-07 09:41:55,11,9
2016-08-07 10:02:03,11,9
2016-08-07 10:12:06,11,9
2016-08-07 10:22:10,11,9
2016-08-07 10:32:14,11,9
2016-08-07 10:42:18,11,9
2016-08-07 10:52:22,11,9
2016-08-07 11:10:52,12,8
2016-08-07 11:20:55,12,8
2016-08-07 11:30:59,12,8
2016-08-07 11:41:03,12,8
2016-08-07 11:51:07,12,8
2016-08-07 11:53:38,14,6
2016-08-07 12:03:41,14,6
2016-08-07 12:13:43,13,7
2016-08-07 12:23:47,13,7
2016-08-07 12:32:06,12,8
2016-08-07 12:39:38,11,9
2016-08-07 13:06:56,12,8
2016-08-07 13:17:00,12,8
2016-08-07 13:27:04,12,8
2016-08-07 13:37:07,12,8
2016-08-07 13:47:11,12,8
2016-08-07 13:49:45,11,9
2016-08-07 13:59:49,11,9
2016-08-07 14:04:44,12,8
2016-08-07 14:14:48,12,8
2016-08-07 14:24:52,12,8
2016-08-07 14:34:56,12,8
2016-08-07 14:45:00,12,8
2016-08-07 14:55:05,12,8
2016-08-07 15:05:08,12,8
2016-08-07 15:23:18,13,7
2016-08-07 15:34:02,12,8
2016-08-07 15:37:17,13,7
2016-08-07 16:07:28,13,7
2016-08-07 16:27:35,13,7
2016-08-07 16:37:39,13,7
2016-08-07 16:57:49,13,7
2016-08-07 17:07:53,13,7
2016-08-07 17:17:57,13,7
2016-08-07 17:28:02,13,7
2016-08-07 17:38:05,13,7
2016-08-07 17:48:09,13,7
2016-08-07 17:58:13,13,7
2016-08-07 18:06:04,13,7
2016-08-07 18:06:43,12,8
2016-08-07 18:16:47,12,8
2016-08-07 18:36:55,12,8
2016-08-07 18:54:05,14,6
2016-08-07 19:04:09,14,6
2016-08-07 19:14:13,14,6
2016-08-07 19:19:36,13,7
2016-08-07 19:22:02,12,8
2016-08-07 19:23:39,11,9
2016-08-07 19:33:43,11,9
2016-08-07 19:39:19,10,10
2016-08-07 19:41:48,10,10
2016-08-07 19:43:39,9,11
2016-08-07 19:53:43,9,11
2016-08-07 20:13:51,9,11
2016-08-07 20:17:35,8,12
2016-08-07 20:27:39,8,12
2016-08-07 20:37:44,8,12
2016-08-07 20:50:41,9,11
2016-08-07 21:00:45,9,11
2016-08-07 21:10:50,9,11
2016-08-07 21:20:54,9,11
2016-08-07 21:40:51,11,9
2016-08-07 21:44:18,13,7
2016-08-07 21:54:51,14,6
2016-08-07 22:14:58,14,6
2016-08-07 22:25:02,14,6
2016-08-07 22:28:37,15,5
2016-08-07 22:38:42,15,5
2016-08-07 22:48:46,15,5
2016-08-07 22:56:02,16,4
2016-08-07 23:06:06,16,4
2016-08-07 23:17:36,15,5
2016-08-07 23:27:40,15,5
2016-08-07 23:37:45,15,5
2016-08-07 23:47:52,15,5
2016-08-07 23:57:55,15,5
2016-08-08 00:07:59,15,5
2016-08-08 00:16:01,16,4
2016-08-08 00:26:04,16,4
2016-08-08 00:36:08,16,4
2016-08-08 00:46:12,16,4
2016-08-08 00:56:15,16,4
2016-08-08 01:06:19,16,4
2016-08-08 01:26:27,16,4
2016-08-08 01:29:46,17,3
2016-08-08 01:39:49,17,3
2016-08-08 01:49:53,17,3
2016-08-08 02:10:01,17,3
2016-08-08 02:30:09,17,3
2016-08-08 02:40:13,17,3
2016-08-08 03:20:28,17,3
2016-08-08 03:30:32,17,3
2016-08-08 03:40:35,17,3
2016-08-08 03:50:39,17,3
2016-08-08 04:15:17,17,3
2016-08-08 04:21:47,17,3
2016-08-08 04:31:51,17,3
2016-08-08 04:52:00,17,3
2016-08-08 05:02:05,17,3
2016-08-08 05:12:09,17,3
2016-08-08 05:42:20,17,3
2016-08-08 05:52:24,17,3
2016-08-08 06:02:28,17,3
2016-08-08 06:12:32,17,3
2016-08-08 06:22:36,17,3
2016-08-08 06:32:39,17,3
2016-08-08 06:42:43,17,3
2016-08-08 06:52:47,17,3
2016-08-08 07:02:50,17,3
2016-08-08 07:12:54,17,3
2016-08-08 07:22:58,17,3
2016-08-08 07:33:03,17,3
2016-08-08 07:43:06,17,3
2016-08-08 07:53:10,17,3
2016-08-08 08:03:21,18,2
2016-08-08 08:13:26,18,2
2016-08-08 08:20:12,17,3
2016-08-08 08:43:18,18,2
2016-08-08 08:58:13,19,1
2016-08-08 09:08:17,19,1
2016-08-08 09:18:22,19,1
2016-08-08 09:28:25,19,1
2016-08-08 09:38:29,19,1
2016-08-08 09:48:34,19,1
2016-08-08 09:58:38,19,1
2016-08-08 10:08:43,19,1
2016-08-08 10:21:43,19,1
2016-08-08 10:31:48,19,1
2016-08-08 10:37:55,20,0
2016-08-08 10:47:59,20,0
2016-08-08 10:54:32,20,0
2016-08-08 10:55:43,9,11
2016-08-08 11:05:48,9,11
2016-08-08 11:15:51,9,11
2016-08-08 11:25:55,9,11
2016-08-08 11:34:38,10,10
2016-08-08 11:44:41,10,10
2016-08-08 11:54:45,10,10
2016-08-08 12:04:49,10,10
2016-08-08 12:14:53,10,10
2016-08-08 12:39:14,10,10
2016-08-08 12:39:55,9,11
2016-08-08 12:55:38,8,12
2016-08-08 13:01:31,8,12
2016-08-08 13:03:19,7,13
2016-08-08 13:13:24,7,13
2016-08-08 13:23:27,7,13
2016-08-08 13:41:30,8,12
2016-08-08 13:51:34,8,12
2016-08-08 14:01:43,7,13
2016-08-08 14:11:47,7,13
2016-08-08 14:21:52,7,13
2016-08-08 14:31:57,7,13
2016-08-08 14:42:00,7,13
2016-08-08 14:52:05,7,13
2016-08-08 14:58:59,8,12
2016-08-08 15:01:50,9,11
2016-08-08 15:11:56,9,11
2016-08-08 15:22:01,9,11
2016-08-08 15:32:06,9,11
2016-08-08 15:42:10,9,11
2016-08-08 15:52:28,9,11
2016-08-08 16:18:09,8,12
2016-08-08 16:40:52,9,11
2016-08-08 16:51:31,8,12
2016-08-08 17:12:11,8,12
2016-08-08 17:23:52,8,12
2016-08-08 17:33:56,8,12
2016-08-08 17:43:59,8,12
2016-08-08 17:54:03,8,12
2016-08-08 18:04:07,8,12
2016-08-08 18:55:57,9,11
2016-08-08 19:02:28,10,10
2016-08-08 19:12:31,10,10
2016-08-08 19:31:53,11,9
2016-08-08 19:41:57,11,9
2016-08-08 19:52:01,11,9
2016-08-08 20:02:04,11,9
2016-08-08 20:12:08,11,9
2016-08-08 20:17:00,12,8
2016-08-08 20:27:46,11,9
2016-08-08 20:29:14,10,10
2016-08-08 20:39:17,10,10
2016-08-08 20:49:20,10,10
2016-08-08 20:59:24,10,10
2016-08-08 21:09:28,10,10
2016-08-08 21:19:31,10,10
2016-08-08 21:29:34,10,10
2016-08-08 21:36:35,11,9
2016-08-08 21:46:18,11,9
2016-08-08 21:53:26,10,10
2016-08-08 22:03:29,10,10
2016-08-08 22:13:33,10,10
2016-08-08 22:21:00,11,9
2016-08-08 22:31:04,11,9
2016-08-08 22:41:07,11,9
2016-08-08 23:21:22,11,9
2016-08-08 23:31:26,11,9
2016-08-08 23:41:30,11,9
2016-08-08 23:51:34,11,9
2016-08-08 23:52:31,11,9
2016-08-08 23:55:56,10,10
2016-08-08 23:57:48,9,11
2016-08-08 23:59:58,9,10
2016-08-09 00:26:21,8,12
2016-08-09 01:06:36,8,12
2016-08-09 01:16:40,8,12
2016-08-09 01:26:44,8,12
2016-08-09 01:36:48,8,12
2016-08-09 01:46:51,8,12
2016-08-09 01:56:55,8,12
2016-08-09 02:06:58,8,12
2016-08-09 02:17:02,8,12
2016-08-09 02:27:06,8,12
2016-08-09 02:37:00,10,10
2016-08-09 02:45:43,12,8
2016-08-09 02:55:47,12,8
2016-08-09 03:05:50,12,8
2016-08-09 03:15:54,12,8
2016-08-09 03:25:57,12,8
2016-08-09 03:36:00,12,8
2016-08-09 03:46:11,15,5
2016-08-09 03:56:14,15,5
2016-08-09 04:06:18,15,5
2016-08-09 04:22:25,15,5
2016-08-09 04:32:29,15,5
2016-08-09 04:42:32,15,5
2016-08-09 04:52:36,15,5
2016-08-09 05:02:40,15,5
2016-08-09 05:12:44,15,5
2016-08-09 05:22:47,15,5
2016-08-09 05:32:51,15,5
2016-08-09 05:42:54,15,5
2016-08-09 05:52:58,15,5
2016-08-09 06:03:02,15,5
2016-08-09 06:13:06,15,5
2016-08-09 06:23:09,15,5
2016-08-09 06:33:13,15,5
2016-08-09 06:43:17,15,5
2016-08-09 06:53:21,15,5
2016-08-09 07:03:24,15,5
2016-08-09 07:13:28,15,5
2016-08-09 07:23:32,15,5
2016-08-09 07:33:36,15,5
2016-08-09 07:42:09,15,5
2016-08-09 07:42:11,16,4
2016-08-09 07:52:15,16,4
2016-08-09 08:02:19,16,4
2016-08-09 08:12:22,16,4
2016-08-09 08:22:26,16,4
2016-08-09 08:32:30,16,4
2016-08-09 08:39:29,15,5
2016-08-09 08:49:33,15,5
2016-08-09 08:59:36,15,5
2016-08-09 09:03:45,16,4
2016-08-09 09:13:49,16,4
2016-08-09 09:23:53,16,4
2016-08-09 09:33:57,16,4
2016-08-09 09:44:00,16,4
2016-08-09 09:54:04,16,4
2016-08-09 10:04:08,16,4
2016-08-09 10:24:15,16,4
2016-08-09 10:34:19,16,4
2016-08-09 10:44:23,16,4
2016-08-09 10:54:27,16,4
2016-08-09 11:14:34,16,4
2016-08-09 11:17:17,14,6
2016-08-09 12:05:28,14,6
2016-08-09 12:07:52,13,7
2016-08-09 12:25:31,13,7
2016-08-09 12:34:22,14,6
2016-08-09 12:44:25,14,6
2016-08-09 13:04:33,14,6
2016-08-09 13:11:53,15,5
2016-08-09 13:21:55,15,5
2016-08-09 13:31:59,15,5
2016-08-09 13:42:03,15,5
2016-08-09 13:56:08,14,6
2016-08-09 14:56:42,13,7
2016-08-09 15:06:46,13,7
2016-08-09 15:16:50,13,7
2016-08-09 15:27:40,14,6
2016-08-09 15:37:44,14,6
2016-08-09 15:47:47,14,6
2016-08-09 15:57:51,14,6
2016-08-09 16:07:54,14,6
2016-08-09 16:14:08,15,5
2016-08-09 16:14:19,16,4
2016-08-09 16:17:05,15,5
2016-08-09 16:27:08,15,5
2016-08-09 16:29:29,14,6
2016-08-09 16:36:05,14,6
2016-08-09 16:36:33,13,7
2016-08-09 16:53:39,12,8
2016-08-09 17:03:43,12,8
2016-08-09 17:13:47,12,8
2016-08-09 17:18:59,13,7
2016-08-09 17:26:49,12,8
2016-08-09 17:36:53,12,8
2016-08-09 17:42:47,13,7
2016-08-09 17:51:08,12,8
2016-08-09 17:56:49,13,7
2016-08-09 18:06:52,13,7
2016-08-09 18:16:56,13,7
2016-08-09 18:24:36,14,6
2016-08-09 18:30:39,15,5
2016-08-09 18:34:09,15,5
2016-08-09 18:34:31,14,6
2016-08-09 18:44:35,14,6
2016-08-09 18:51:54,15,5
2016-08-09 19:01:57,15,5
2016-08-09 19:07:52,16,4
2016-08-09 19:17:56,16,4
2016-08-09 19:19:43,17,3
2016-08-09 19:29:46,17,3
2016-08-09 19:35:42,18,2
2016-08-09 19:46:10,18,2
2016-08-09 19:46:12,19,1
2016-08-09 19:54:08,19,1
2016-08-09 19:54:23,20,0
2016-08-09 20:04:26,20,0
2016-08-09 20:09:56,20,0
2016-08-09 20:10:27,19,1
2016-08-09 20:20:30,19,1
2016-08-09 20:28:46,20,0
2016-08-09 20:38:49,20,0
2016-08-09 20:48:53,20,0
2016-08-09 20:58:57,20,0
2016-08-09 21:09:01,20,0
2016-08-09 21:17:59,19,1
2016-08-09 21:28:02,19,1
2016-08-09 21:38:06,19,1
2016-08-09 21:48:10,19,1
2016-08-09 21:58:13,19,1
2016-08-09 22:08:17,19,1
2016-08-09 22:18:21,19,1
2016-08-09 22:27:42,19,1
2016-08-09 22:28:18,18,2
2016-08-09 22:38:21,18,2
2016-08-09 22:48:25,18,2
2016-08-09 22:58:28,18,2
2016-08-09 23:08:31,18,2
2016-08-09 23:21:34,19,1
2016-08-09 23:31:42,18,2
2016-08-09 23:41:46,18,2
2016-08-09 23:51:50,18,2
2016-08-10 00:01:54,18,2
2016-08-10 00:11:58,18,2
2016-08-10 00:22:01,18,2
2016-08-10 00:42:08,18,2
2016-08-10 00:52:12,18,2
2016-08-10 01:02:16,18,2
2016-08-10 01:12:19,18,2
2016-08-10 01:22:23,18,2
2016-08-10 01:23:58,19,1
2016-08-10 01:34:01,19,1
2016-08-10 01:44:05,19,1
2016-08-10 01:46:03,20,0
2016-08-10 01:56:06,20,0
2016-08-10 02:06:10,20,0
2016-08-10 02:16:14,20,0
2016-08-10 02:26:17,20,0
2016-08-10 02:36:21,20,0
2016-08-10 02:46:23,20,0
2016-08-10 02:56:27,20,0
2016-08-10 03:06:31,20,0
2016-08-10 03:16:35,20,0
2016-08-10 03:26:38,20,0
2016-08-10 03:36:42,20,0
2016-08-10 03:46:46,20,0
2016-08-10 03:56:50,20,0
2016-08-10 04:24:34,19,1
2016-08-10 04:34:37,19,1
2016-08-10 04:44:41,19,1
2016-08-10 04:49:16,20,0
2016-08-10 04:59:29,20,0
2016-08-10 05:09:24,20,0
2016-08-10 05:19:28,20,0
2016-08-10 05:29:31,20,0
2016-08-10 05:39:35,20,0
2016-08-10 05:49:49,20,0
2016-08-10 05:50:32,13,7
2016-08-10 06:00:36,13,7
2016-08-10 06:10:40,13,7
2016-08-10 06:20:44,13,7
2016-08-10 06:40:51,13,7
2016-08-10 07:21:07,13,7
2016-08-10 07:31:10,13,7
2016-08-10 07:41:14,13,7
2016-08-10 07:51:18,13,7
2016-08-10 08:01:21,13,7
2016-08-10 08:03:20,14,6
2016-08-10 08:13:23,14,6
2016-08-10 08:23:27,14,6
2016-08-10 08:33:30,14,6
2016-08-10 08:43:34,14,6
2016-08-10 08:53:38,14,6
2016-08-10 09:03:41,14,6
2016-08-10 09:13:45,14,6
2016-08-10 09:23:50,14,6
2016-08-10 09:33:53,14,6
2016-08-10 09:43:57,14,6
2016-08-10 09:54:01,14,6
2016-08-10 10:14:09,14,6
2016-08-10 10:21:23,13,7
2016-08-10 10:24:41,12,8
2016-08-10 10:34:44,12,8
2016-08-10 10:39:41,13,7
2016-08-10 10:49:46,13,7
2016-08-10 11:09:54,13,7
2016-08-10 11:19:59,13,7
2016-08-10 11:28:06,12,8
2016-08-10 11:38:10,12,8
2016-08-10 11:48:15,12,8
2016-08-10 11:58:19,12,8
2016-08-10 12:08:23,12,8
2016-08-10 12:15:34,13,7
2016-08-10 12:16:54,12,8
2016-08-10 12:20:52,11,9
2016-08-10 12:30:55,11,9
2016-08-10 12:41:00,11,9
2016-08-10 12:45:33,12,8
2016-08-10 12:55:37,12,8
2016-08-10 13:05:41,12,8
2016-08-10 13:25:49,12,8
2016-08-10 13:35:51,12,8
2016-08-10 13:45:39,11,9
2016-08-10 14:15:50,11,9
2016-08-10 14:25:54,11,9
2016-08-10 14:35:58,11,9
2016-08-10 14:46:01,11,9
2016-08-10 14:56:05,11,9
2016-08-10 15:07:12,12,8
2016-08-10 15:15:40,13,7
2016-08-10 15:25:45,13,7
2016-08-10 15:45:05,12,8
2016-08-10 15:55:10,12,8
2016-08-10 16:05:15,12,8
2016-08-10 16:15:19,12,8
2016-08-10 16:25:23,12,8
2016-08-10 16:35:27,12,8
2016-08-10 16:45:31,12,8
2016-08-10 16:55:34,12,8
2016-08-10 17:06:15,12,8
2016-08-10 17:29:43,12,8
2016-08-10 17:29:45,12,8
2016-08-10 17:39:49,12,8
2016-08-10 17:49:53,12,8
2016-08-10 17:59:57,12,8
2016-08-10 18:04:12,11,9
2016-08-10 18:09:11,11,9
2016-08-10 18:19:58,10,10
2016-08-10 18:27:33,10,10
2016-08-10 18:28:06,9,11
2016-08-10 18:34:16,8,12
2016-08-10 18:44:20,8,12
2016-08-10 18:46:51,7,13
2016-08-10 18:56:55,7,13
2016-08-10 19:06:59,7,13
2016-08-10 19:17:04,7,13
2016-08-10 19:26:30,8,12
2016-08-10 19:36:34,8,12
2016-08-10 19:46:38,8,12
2016-08-10 19:56:42,8,12
2016-08-10 20:06:47,8,12
2016-08-10 20:17:20,10,10
2016-08-10 20:17:48,9,11
2016-08-10 20:48:22,10,10
2016-08-10 20:58:27,10,10
2016-08-10 21:05:29,11,9
2016-08-10 21:06:26,10,10
2016-08-10 21:16:38,10,10
2016-08-10 21:26:42,10,10
2016-08-10 21:36:45,10,10
2016-08-10 21:53:16,11,9
2016-08-10 21:59:36,11,9
2016-08-10 22:00:05,10,10
2016-08-10 22:14:23,12,8
2016-08-10 22:24:26,12,8
2016-08-10 22:34:30,12,8
2016-08-10 22:44:34,12,8
2016-08-10 23:06:57,11,9
2016-08-10 23:17:01,11,9
2016-08-10 23:27:05,11,9
2016-08-10 23:37:08,11,9
2016-08-10 23:47:12,11,9
2016-08-10 23:57:17,11,9
2016-08-11 00:07:21,11,9
2016-08-11 00:17:25,11,9
2016-08-11 00:27:28,11,9
2016-08-11 00:37:32,11,9
2016-08-11 00:40:28,11,9
2016-08-11 00:41:50,9,11
2016-08-11 01:00:02,10,10
2016-08-11 01:10:06,10,10
2016-08-11 01:12:17,11,9
2016-08-11 01:22:20,11,9
2016-08-11 01:32:24,11,9
2016-08-11 01:42:28,11,9
2016-08-11 01:52:31,11,9
2016-08-11 02:02:35,11,9
2016-08-11 02:12:39,11,9
2016-08-11 02:24:22,12,8
2016-08-11 02:26:30,11,9
2016-08-11 02:36:33,11,9
2016-08-11 02:46:37,11,9
2016-08-11 02:56:40,11,9
2016-08-11 02:59:07,12,8
2016-08-11 03:09:11,12,8
2016-08-11 03:19:15,12,8
2016-08-11 03:29:19,12,8
2016-08-11 03:39:23,12,8
2016-08-11 03:49:47,13,7
2016-08-11 03:59:51,13,7
2016-08-11 04:09:55,13,7
2016-08-11 04:22:42,13,7
2016-08-11 04:22:47,13,7
2016-08-11 05:03:01,13,7
2016-08-11 05:13:05,13,7
2016-08-11 05:43:16,13,7
2016-08-11 05:53:20,13,7
2016-08-11 06:13:27,13,7
2016-08-11 06:23:31,13,7
2016-08-11 06:33:34,13,7
2016-08-11 06:43:38,13,7
2016-08-11 06:53:42,13,7
2016-08-11 07:03:46,13,7
2016-08-11 07:13:49,13,7
2016-08-11 07:23:53,13,7
2016-08-11 07:33:57,13,7
2016-08-11 07:44:01,13,7
2016-08-11 07:54:04,13,7
2016-08-11 08:04:08,13,7
2016-08-11 08:14:12,13,7
2016-08-11 08:19:47,12,8
2016-08-11 08:39:54,12,8
2016-08-11 09:04:02,13,7
2016-08-11 09:14:05,13,7
2016-08-11 09:24:09,13,7
2016-08-11 09:44:16,13,7
2016-08-11 09:54:19,13,7
2016-08-11 10:04:23,13,7
2016-08-11 10:14:27,13,7
2016-08-11 10:24:31,13,7
2016-08-11 10:34:34,13,7
2016-08-11 10:44:38,13,7
2016-08-11 10:51:42,13,7
2016-08-11 11:01:45,13,7
2016-08-11 11:11:49,13,7
2016-08-11 11:15:48,14,6
2016-08-11 11:25:51,14,6
2016-08-11 11:32:41,14,6
2016-08-11 11:42:46,15,5
2016-08-11 11:45:26,14,6
2016-08-11 11:48:07,13,7
2016-08-11 11:58:10,13,7
2016-08-11 12:08:14,13,7
2016-08-11 12:11:25,12,8
2016-08-11 12:18:37,12,8
2016-08-11 12:25:32,13,7
2016-08-11 12:27:48,11,9
2016-08-11 12:47:56,11,9
2016-08-11 12:53:30,12,8
2016-08-11 12:58:39,11,9
2016-08-11 12:59:34,11,9
2016-08-11 13:09:37,11,9
2016-08-11 13:19:41,11,9
2016-08-11 13:39:48,11,9
2016-08-11 13:56:33,10,10
2016-08-11 14:06:37,10,10
2016-08-11 14:16:05,10,10
2016-08-11 14:18:01,9,11
2016-08-11 14:28:05,9,11
2016-08-11 14:29:47,10,10
2016-08-11 14:39:51,10,10
2016-08-11 14:49:54,10,10
2016-08-11 14:59:58,10,10
2016-08-11 15:10:02,10,10
2016-08-11 15:20:06,10,10
2016-08-11 15:40:13,10,10
2016-08-11 15:49:40,10,10
2016-08-11 15:50:22,8,12
2016-08-11 15:57:29,8,12
2016-08-11 16:00:41,8,12
2016-08-11 16:01:14,7,13
2016-08-11 16:11:17,7,13
2016-08-11 16:21:35,7,13
2016-08-11 16:22:04,6,14
2016-08-11 16:32:07,6,14
2016-08-11 16:35:25,7,13
2016-08-11 16:45:28,7,13
2016-08-11 16:49:32,7,13
2016-08-11 17:10:33,6,14
2016-08-11 17:27:31,7,13
2016-08-11 17:37:34,7,13
2016-08-11 17:40:41,7,13
2016-08-11 17:49:38,7,13
2016-08-11 17:51:28,8,12
2016-08-11 18:11:37,8,12
2016-08-11 18:38:16,7,13
2016-08-11 18:58:53,8,12
2016-08-11 19:08:57,8,12
2016-08-11 19:21:17,6,14
2016-08-11 19:25:21,7,13
2016-08-11 19:34:33,8,12
2016-08-11 19:48:19,9,11
2016-08-11 19:58:23,9,11
2016-08-11 20:08:31,9,11
2016-08-11 20:10:21,8,12
2016-08-11 20:16:44,7,13
2016-08-11 20:18:20,8,12
2016-08-11 20:28:25,8,12
2016-08-11 20:38:29,8,12
2016-08-11 20:48:37,8,12
2016-08-11 20:58:42,8,12
2016-08-11 21:00:12,9,11
2016-08-11 21:08:29,8,12
2016-08-11 21:28:37,8,12
2016-08-11 21:31:14,10,10
2016-08-11 21:33:16,11,9
2016-08-11 21:43:20,11,9
2016-08-11 21:53:23,11,9
2016-08-11 22:03:27,11,9
2016-08-11 22:11:22,12,8
2016-08-11 22:21:26,12,8
2016-08-11 22:31:30,12,8
2016-08-11 22:41:36,12,8
2016-08-11 22:51:39,12,8
2016-08-11 23:11:47,12,8
2016-08-11 23:31:54,12,8
2016-08-11 23:52:02,12,8
2016-08-12 00:02:06,12,8
2016-08-12 00:12:10,12,8
2016-08-12 00:22:14,12,8
2016-08-12 00:24:12,10,10
2016-08-12 00:34:16,10,10
2016-08-12 00:44:20,10,10
2016-08-12 00:54:24,10,10
2016-08-12 00:55:40,11,9
2016-08-12 01:05:44,11,9
2016-08-12 01:35:55,11,9
2016-08-12 01:45:27,12,8
2016-08-12 01:55:30,12,8
2016-08-12 02:05:34,12,8
2016-08-12 02:15:38,12,8
2016-08-12 02:25:42,12,8
2016-08-12 02:35:45,12,8
2016-08-12 02:45:49,12,8
2016-08-12 02:55:53,12,8
2016-08-12 03:05:57,12,8
2016-08-12 03:16:00,12,8
2016-08-12 03:26:04,12,8
2016-08-12 03:36:08,12,8
2016-08-12 03:46:12,12,8
2016-08-12 04:06:19,12,8
2016-08-12 04:15:27,12,8
2016-08-12 04:32:08,12,8
2016-08-12 04:42:12,12,8
2016-08-12 04:52:15,12,8
2016-08-12 05:02:20,12,8
2016-08-12 05:12:26,12,8
2016-08-12 05:22:30,12,8
2016-08-12 05:24:17,11,9
2016-08-12 05:34:21,11,9
2016-08-12 05:44:25,11,9
2016-08-12 05:54:28,11,9
2016-08-12 06:04:32,11,9
2016-08-12 06:14:36,11,9
2016-08-12 06:24:40,11,9
2016-08-12 06:34:43,11,9
2016-08-12 06:44:49,11,9
2016-08-12 06:54:52,11,9
2016-08-12 07:04:56,11,9
2016-08-12 07:15:00,11,9
2016-08-12 07:25:04,11,9
2016-08-12 07:45:11,11,9
2016-08-12 07:55:15,11,9
2016-08-12 08:05:18,11,9
2016-08-12 08:25:26,11,9
2016-08-12 08:35:30,11,9
2016-08-12 08:45:33,11,9
2016-08-12 08:55:37,11,9
2016-08-12 09:05:41,11,9
2016-08-12 10:06:06,11,9
2016-08-12 10:10:40,10,10
2016-08-12 10:12:28,9,11
2016-08-12 10:22:32,9,11
2016-08-12 10:32:36,9,11
2016-08-12 10:42:40,9,11
2016-08-12 10:48:42,9,11
2016-08-12 10:57:21,9,11
2016-08-12 11:07:24,9,11
2016-08-12 11:12:54,9,11
2016-08-12 11:22:59,9,11
2016-08-12 11:43:08,9,11
2016-08-12 11:53:12,9,11
2016-08-12 12:13:20,9,11
2016-08-12 12:21:31,10,10
2016-08-12 12:31:34,10,10
2016-08-12 12:51:43,10,10
2016-08-12 13:01:48,10,10
2016-08-12 13:05:22,9,11
2016-08-12 13:15:26,9,11
2016-08-12 13:25:30,9,11
2016-08-12 13:35:34,9,11
2016-08-12 13:45:39,9,11
2016-08-12 13:55:42,9,11
2016-08-12 14:05:47,9,11
2016-08-12 14:15:52,9,11
2016-08-12 14:17:37,9,11
2016-08-12 14:20:25,9,11
2016-08-12 14:21:07,8,12
2016-08-12 14:31:11,8,12
2016-08-12 14:41:15,8,12
2016-08-12 14:51:19,8,12
2016-08-12 15:39:56,9,11
2016-08-12 15:50:00,9,11
2016-08-12 16:10:08,9,11
2016-08-12 16:20:12,9,11
2016-08-12 16:30:15,9,11
2016-08-12 16:38:14,10,10
2016-08-12 16:48:18,10,10
2016-08-12 17:12:15,9,11
2016-08-12 17:23:39,9,11
2016-08-12 17:33:43,9,11
2016-08-12 17:43:47,9,11
2016-08-12 17:57:26,9,11
2016-08-12 17:57:52,8,12
2016-08-12 18:19:02,7,13
2016-08-12 18:29:06,7,13
2016-08-12 18:39:10,7,13
2016-08-12 18:49:14,7,13
2016-08-12 18:59:18,7,13
2016-08-12 19:09:21,7,13
2016-08-12 19:19:26,7,13
2016-08-12 19:29:30,7,13
2016-08-12 19:39:34,7,13
2016-08-12 19:59:41,7,13
2016-08-12 20:09:45,7,13
2016-08-12 20:19:51,7,13
2016-08-12 20:38:09,8,12
2016-08-12 20:43:43,7,13
2016-08-12 20:43:45,6,14
2016-08-12 20:53:49,6,14
2016-08-12 20:59:29,5,15
2016-08-12 21:09:34,5,15
2016-08-12 21:19:38,5,15
2016-08-12 21:21:14,6,14
2016-08-12 21:31:18,6,14
2016-08-12 21:41:22,6,14
2016-08-12 22:01:29,6,14
2016-08-12 22:11:33,6,14
2016-08-12 22:21:37,6,14
2016-08-12 22:31:40,6,14
2016-08-12 22:41:44,6,14
2016-08-12 22:51:48,6,14
2016-08-12 23:10:11,7,13
2016-08-12 23:20:15,7,13
2016-08-12 23:30:18,7,13
2016-08-12 23:40:22,7,13
2016-08-12 23:50:26,7,13
2016-08-13 00:00:30,7,13
2016-08-13 00:20:37,7,13
2016-08-13 00:29:06,8,12
2016-08-13 00:49:13,8,12
2016-08-13 00:59:17,8,12
2016-08-13 01:09:21,8,12
2016-08-13 01:19:25,8,12
2016-08-13 01:29:29,8,12
2016-08-13 01:39:32,8,12
2016-08-13 01:49:36,8,12
2016-08-13 01:59:40,8,12
2016-08-13 02:09:43,8,12
2016-08-13 02:19:47,8,12
2016-08-13 02:29:51,8,12
2016-08-13 02:49:58,8,12
2016-08-13 03:00:10,8,12
2016-08-13 03:10:06,8,12
2016-08-13 03:20:10,8,12
2016-08-13 03:30:13,8,12
2016-08-13 03:40:17,8,12
2016-08-13 03:50:21,8,12
2016-08-13 04:00:24,8,12
2016-08-13 04:10:28,8,12
2016-08-13 04:22:15,8,12
2016-08-13 04:32:19,8,12
2016-08-13 05:02:30,8,12
2016-08-13 05:12:34,8,12
2016-08-13 05:22:39,8,12
2016-08-13 05:32:43,8,12
2016-08-13 05:42:47,8,12
2016-08-13 05:52:51,8,12
2016-08-13 06:02:55,8,12
2016-08-13 06:12:58,8,12
2016-08-13 06:23:02,8,12
2016-08-13 06:33:06,8,12
2016-08-13 06:43:10,8,12
2016-08-13 06:53:13,8,12
2016-08-13 07:03:17,8,12
2016-08-13 07:04:40,7,13
2016-08-13 07:14:44,7,13
2016-08-13 07:24:48,7,13
2016-08-13 07:34:52,7,13
2016-08-13 08:05:03,7,13
2016-08-13 08:08:52,6,14
2016-08-13 08:18:56,6,14
2016-08-13 08:29:00,6,14
2016-08-13 08:39:04,6,14
2016-08-13 08:49:07,6,14
2016-08-13 08:59:11,6,14
2016-08-13 09:09:15,6,14
2016-08-13 09:19:19,6,14
2016-08-13 09:29:22,6,14
2016-08-13 09:47:01,7,13
2016-08-13 10:07:11,7,13
2016-08-13 10:17:15,7,13
2016-08-13 10:18:47,8,12
2016-08-13 10:28:51,8,12
2016-08-13 10:38:55,8,12
2016-08-13 10:49:01,8,12
2016-08-13 10:59:05,8,12
2016-08-13 11:27:15,7,13
2016-08-13 11:37:18,7,13
2016-08-13 11:47:22,7,13
2016-08-13 11:57:26,7,13
2016-08-13 12:07:41,7,13
2016-08-13 12:17:45,7,13
2016-08-13 12:27:49,7,13
2016-08-13 12:37:53,7,13
2016-08-13 12:47:57,7,13
2016-08-13 13:08:04,7,13
2016-08-13 13:19:26,6,14
2016-08-13 13:28:58,6,14
2016-08-13 13:39:01,6,14
2016-08-13 13:49:05,6,14
2016-08-13 13:59:08,6,14
2016-08-13 14:09:05,8,12
2016-08-13 14:13:19,9,11
2016-08-13 14:23:23,9,11
2016-08-13 14:41:23,8,12
2016-08-13 14:51:26,8,12
2016-08-13 15:01:30,8,12
2016-08-13 15:11:34,8,12
2016-08-13 15:21:38,8,12
2016-08-13 15:31:41,8,12
2016-08-13 15:41:46,8,12
2016-08-13 15:45:22,7,13
2016-08-13 15:55:26,7,13
2016-08-13 16:25:01,6,14
2016-08-13 16:35:05,6,14
2016-08-13 16:37:09,5,15
2016-08-13 16:47:12,5,15
2016-08-13 16:57:17,5,15
2016-08-13 17:07:20,5,15
2016-08-13 17:17:24,5,15
2016-08-13 17:27:28,5,15
2016-08-13 17:37:32,5,15
2016-08-13 17:47:36,5,15
2016-08-13 17:57:40,5,15
2016-08-13 18:07:43,5,15
2016-08-13 18:17:47,5,15
2016-08-13 18:29:39,4,16
2016-08-13 18:30:08,3,17
2016-08-13 18:40:12,3,17
2016-08-13 18:50:16,3,17
2016-08-13 18:53:19,4,16
2016-08-13 19:03:23,4,16
2016-08-13 19:05:41,4,16
2016-08-13 19:06:02,3,17
2016-08-13 19:16:06,3,17
2016-08-13 19:26:11,3,17
2016-08-13 19:29:15,4,16
2016-08-13 19:39:19,4,16
2016-08-13 19:44:35,5,15
2016-08-13 19:54:40,5,15
2016-08-13 20:12:10,6,14
2016-08-13 20:15:42,7,13
2016-08-13 20:25:46,7,13
2016-08-13 20:31:26,8,12
2016-08-13 20:51:36,8,12
2016-08-13 21:41:57,8,12
2016-08-13 21:52:01,8,12
2016-08-13 22:02:05,8,12
2016-08-13 22:12:09,8,12
2016-08-13 22:22:13,8,12
2016-08-13 22:23:51,9,11
2016-08-13 22:33:54,9,11
2016-08-13 22:43:58,9,11
2016-08-13 22:54:02,9,11
2016-08-13 23:04:06,9,11
2016-08-13 23:14:10,9,11
2016-08-13 23:24:14,9,11
2016-08-13 23:34:17,9,11
2016-08-13 23:44:21,9,11
2016-08-13 23:54:25,9,11
2016-08-14 00:04:29,9,11
2016-08-14 00:07:00,9,11
2016-08-14 00:17:05,9,11
2016-08-14 00:27:09,9,11
2016-08-14 00:37:12,9,11
2016-08-14 00:47:16,9,11
2016-08-14 00:51:59,7,13
2016-08-14 00:57:20,8,12
2016-08-14 01:07:23,8,12
2016-08-14 01:17:31,8,12
2016-08-14 01:27:34,8,12
2016-08-14 01:37:38,8,12
2016-08-14 01:47:42,8,12
2016-08-14 01:57:46,8,12
2016-08-14 02:08:09,9,11
2016-08-14 02:18:13,9,11
2016-08-14 02:28:17,9,11
2016-08-14 02:38:21,9,11
2016-08-14 02:48:24,9,11
2016-08-14 02:58:28,9,11
2016-08-14 03:02:25,10,10
2016-08-14 03:12:28,10,10
2016-08-14 03:22:32,10,10
2016-08-14 03:32:36,10,10
2016-08-14 03:42:40,10,10
2016-08-14 03:52:43,10,10
2016-08-14 04:12:51,10,10
2016-08-14 04:15:16,10,10
2016-08-14 04:19:42,10,10
2016-08-14 04:20:21,12,8
2016-08-14 04:30:25,12,8
2016-08-14 04:40:29,12,8
2016-08-14 04:46:20,13,7
2016-08-14 04:56:23,13,7
2016-08-14 05:06:27,13,7
2016-08-14 05:16:31,13,7
2016-08-14 05:19:14,12,8
2016-08-14 05:29:18,12,8
2016-08-14 05:39:22,12,8
2016-08-14 05:49:26,12,8
2016-08-14 05:59:29,12,8
2016-08-14 06:09:33,12,8
2016-08-14 06:19:37,12,8
2016-08-14 06:29:40,12,8
2016-08-14 06:39:43,12,8
2016-08-14 06:49:47,12,8
2016-08-14 07:09:54,12,8
2016-08-14 07:40:05,12,8
2016-08-14 07:50:09,12,8
2016-08-14 08:00:13,12,8
2016-08-14 08:10:16,12,8
2016-08-14 08:20:20,12,8
2016-08-14 08:30:24,12,8
2016-08-14 08:40:28,12,8
2016-08-14 08:50:31,12,8
2016-08-14 09:00:35,12,8
2016-08-14 09:10:39,12,8
2016-08-14 09:20:43,12,8
2016-08-14 09:30:46,12,8
2016-08-14 09:40:50,12,8
2016-08-14 09:59:05,11,9
2016-08-14 10:09:08,11,9
2016-08-14 10:19:12,11,9
2016-08-14 10:29:16,11,9
2016-08-14 10:39:19,11,9
2016-08-14 10:49:07,12,8
2016-08-14 10:59:11,12,8
2016-08-14 11:09:15,12,8
2016-08-14 11:19:19,12,8
2016-08-14 11:26:57,13,7
2016-08-14 11:37:00,13,7
2016-08-14 11:47:04,13,7
2016-08-14 11:57:08,13,7
2016-08-14 12:07:12,13,7
2016-08-14 12:17:15,13,7
2016-08-14 12:23:27,14,6
2016-08-14 12:33:31,14,6
2016-08-14 12:43:35,14,6
2016-08-14 12:53:39,14,6
2016-08-14 13:07:54,14,6
2016-08-14 13:17:58,14,6
2016-08-14 13:28:02,14,6
2016-08-14 13:31:24,14,6
2016-08-14 13:32:33,12,8
2016-08-14 13:42:37,12,8
2016-08-14 14:02:45,12,8
2016-08-14 14:12:49,12,8
2016-08-14 14:22:53,12,8
2016-08-14 14:25:02,13,7
2016-08-14 14:43:37,13,7
2016-08-14 14:45:39,12,8
2016-08-14 14:46:05,11,9
2016-08-14 14:56:09,11,9
2016-08-14 15:06:13,11,9
2016-08-14 15:16:16,11,9
2016-08-14 15:26:20,11,9
2016-08-14 15:36:24,11,9
2016-08-14 15:41:26,11,9
2016-08-14 15:41:58,10,10
2016-08-14 15:52:03,10,10
2016-08-14 15:57:09,9,11
2016-08-14 16:07:13,9,11
2016-08-14 16:17:16,9,11
2016-08-14 16:27:20,9,11
2016-08-14 16:37:24,9,11
2016-08-14 16:47:28,9,11
2016-08-14 16:57:31,9,11
2016-08-14 17:07:35,9,11
2016-08-14 17:17:39,9,11
2016-08-14 17:27:43,9,11
2016-08-14 17:37:46,9,11
2016-08-14 17:47:51,9,11
2016-08-14 17:57:55,9,11
2016-08-14 18:07:59,9,11
2016-08-14 18:16:47,10,10
2016-08-14 18:26:50,10,10
2016-08-14 18:36:54,10,10
2016-08-14 18:43:34,11,9
2016-08-14 18:43:46,11,9
2016-08-14 18:53:50,11,9
2016-08-14 19:03:53,11,9
2016-08-14 19:13:57,11,9
2016-08-14 19:24:01,11,9
2016-08-14 19:34:05,11,9
2016-08-14 19:36:37,11,9
2016-08-14 19:38:59,11,9
2016-08-14 19:42:50,11,9
2016-08-14 19:52:53,11,9
2016-08-14 20:02:57,11,9
2016-08-14 20:13:33,13,7
2016-08-14 20:13:45,13,7
2016-08-14 20:24:02,14,6
2016-08-14 20:34:06,14,6
2016-08-14 20:44:12,14,6
2016-08-14 20:54:16,14,6
2016-08-14 21:04:20,14,6
2016-08-14 21:14:23,14,6
2016-08-14 21:24:27,14,6
2016-08-14 21:34:30,14,6
2016-08-14 21:44:34,14,6
2016-08-14 21:54:38,14,6
2016-08-14 22:04:42,14,6
2016-08-14 22:14:46,14,6
2016-08-14 22:24:49,14,6
2016-08-14 22:34:53,14,6
2016-08-14 22:39:22,14,6
2016-08-14 22:39:52,13,7
2016-08-14 22:49:56,13,7
2016-08-14 23:10:03,13,7
2016-08-14 23:20:07,13,7
2016-08-14 23:30:10,13,7
2016-08-14 23:40:14,13,7
2016-08-14 23:50:18,13,7
2016-08-15 00:00:22,13,7
2016-08-15 00:10:25,13,7
2016-08-15 00:20:29,13,7
2016-08-15 00:30:33,13,7
2016-08-15 00:40:36,13,7
2016-08-15 00:43:54,14,6
2016-08-15 00:53:57,14,6
2016-08-15 01:04:00,14,6
2016-08-15 01:14:19,15,5
2016-08-15 01:21:29,15,5
2016-08-15 01:26:24,14,6
2016-08-15 01:26:49,13,7
2016-08-15 01:36:52,13,7
2016-08-15 01:39:47,17,3
2016-08-15 01:50:41,17,2
2016-08-15 02:21:10,19,1
2016-08-15 02:31:14,19,1
2016-08-15 02:41:18,19,1
2016-08-15 02:51:22,19,1
2016-08-15 03:01:26,19,1
2016-08-15 03:11:30,19,1
2016-08-15 03:21:34,19,1
2016-08-15 03:31:37,19,1
2016-08-15 03:41:41,19,1
2016-08-15 03:51:45,19,1
2016-08-15 04:01:49,19,1
2016-08-15 04:11:52,19,1
2016-08-15 04:16:16,19,1
2016-08-15 04:22:52,19,1
2016-08-15 04:32:56,19,1
2016-08-15 04:42:59,19,1
2016-08-15 04:53:03,19,1
2016-08-15 05:03:07,19,1
2016-08-15 05:13:11,19,1
2016-08-15 05:23:14,19,1
2016-08-15 05:34:25,19,1
2016-08-15 05:44:29,19,1
2016-08-15 05:54:33,19,1
2016-08-15 06:04:37,19,1
2016-08-15 06:14:40,19,1
2016-08-15 06:24:44,19,1
2016-08-15 06:34:48,19,1
2016-08-15 06:44:52,19,1
2016-08-15 06:54:55,19,1
2016-08-15 07:04:59,19,1
2016-08-15 07:15:03,19,1
2016-08-15 07:25:06,19,1
2016-08-15 07:35:10,19,1
2016-08-15 07:42:24,20,0
2016-08-15 07:52:27,20,0
2016-08-15 08:02:31,20,0
2016-08-15 08:12:34,20,0
2016-08-15 08:22:38,20,0
2016-08-15 08:25:10,16,4
2016-08-15 08:27:47,11,8
2016-08-15 08:37:50,11,8
2016-08-15 08:47:54,11,8
2016-08-15 08:57:58,11,8
2016-08-15 09:48:17,11,8
2016-08-15 09:58:20,11,8
2016-08-15 10:08:24,11,8
2016-08-15 10:18:28,11,8
2016-08-15 10:28:32,11,8
2016-08-15 10:33:48,10,9
2016-08-15 10:43:51,10,9
2016-08-15 10:45:58,9,10
2016-08-15 10:56:01,9,10
2016-08-15 10:58:54,8,11
2016-08-15 11:08:16,9,10
2016-08-15 11:18:19,9,10
2016-08-15 11:28:23,9,10
2016-08-15 11:38:27,9,10
2016-08-15 11:44:29,8,11
2016-08-15 11:54:33,8,11
2016-08-15 12:04:37,8,11
2016-08-15 12:14:41,8,11
2016-08-15 12:33:58,10,9
2016-08-15 12:44:02,10,9
2016-08-15 12:54:05,10,9
2016-08-15 13:04:09,10,9
2016-08-15 13:14:13,10,9
2016-08-15 13:24:17,10,9
2016-08-15 13:34:20,10,9
2016-08-15 13:44:24,10,9
2016-08-15 14:04:45,9,10
2016-08-15 14:14:49,9,10
2016-08-15 14:16:57,10,9
2016-08-15 14:27:00,10,9
2016-08-15 14:37:04,10,9
2016-08-15 14:43:09,11,8
2016-08-15 14:53:12,11,8
2016-08-15 15:13:20,11,8
2016-08-15 15:23:24,11,8
2016-08-15 15:33:28,11,8
2016-08-15 15:43:56,10,9
2016-08-15 15:45:56,9,10
2016-08-15 15:56:00,9,10
2016-08-15 16:02:38,8,11
2016-08-15 16:12:41,8,11
2016-08-15 16:22:45,8,11
2016-08-15 16:32:49,8,11
2016-08-15 16:42:53,8,11
2016-08-15 16:52:56,8,11
2016-08-15 17:03:00,8,11
2016-08-15 17:13:04,8,11
2016-08-15 17:23:08,8,11
2016-08-15 17:26:13,7,12
2016-08-15 17:36:16,7,12
2016-08-15 17:46:20,7,12
2016-08-15 18:03:47,6,13
2016-08-15 18:13:50,6,13
2016-08-15 18:23:53,6,13
2016-08-15 18:33:57,6,13
2016-08-15 18:44:01,6,13
2016-08-15 18:50:06,6,13
2016-08-15 19:05:45,7,12
2016-08-15 19:10:05,7,12
2016-08-15 19:10:31,6,13
2016-08-15 19:27:04,5,14
2016-08-15 19:58:36,6,13
2016-08-15 20:06:05,7,12
2016-08-15 20:06:33,7,12
2016-08-15 20:16:36,7,12
2016-08-15 20:26:40,7,12
2016-08-15 20:29:44,8,11
2016-08-15 20:35:00,8,11
2016-08-15 20:45:04,8,11
2016-08-15 20:57:44,10,9
2016-08-15 21:07:47,10,9
2016-08-15 21:17:51,10,9
2016-08-15 21:27:54,10,9
2016-08-15 21:37:58,10,9
2016-08-15 21:48:01,10,9
2016-08-15 21:58:05,10,9
2016-08-15 22:07:51,11,8
2016-08-15 22:17:55,11,8
2016-08-15 22:19:44,12,7
2016-08-15 22:29:47,12,7
2016-08-15 22:36:02,11,8
2016-08-15 22:46:05,11,8
2016-08-15 22:56:09,11,8
2016-08-15 23:06:13,11,8
2016-08-15 23:16:16,11,8
2016-08-15 23:26:20,11,8
2016-08-15 23:36:24,11,8
2016-08-15 23:46:28,11,8
2016-08-15 23:56:32,11,8
2016-08-16 00:06:35,11,8
2016-08-16 00:16:39,11,8
2016-08-16 00:26:43,11,8
2016-08-16 00:37:10,12,7
2016-08-16 00:47:13,12,7
2016-08-16 00:57:16,12,7
2016-08-16 01:07:20,12,7
2016-08-16 01:17:24,12,7
2016-08-16 01:27:27,12,7
2016-08-16 01:37:31,12,7
2016-08-16 01:47:35,12,7
2016-08-16 01:57:39,12,7
2016-08-16 02:07:42,12,7
2016-08-16 02:17:46,12,7
2016-08-16 02:27:50,12,7
2016-08-16 03:22:52,12,7
2016-08-16 03:32:55,12,7
2016-08-16 03:53:03,12,7
2016-08-16 04:03:06,12,7
2016-08-16 04:13:10,12,7
2016-08-16 04:14:51,13,6
2016-08-16 04:19:49,13,6
2016-08-16 04:29:53,13,6
2016-08-16 04:39:56,13,6
2016-08-16 04:50:00,13,6
2016-08-16 05:00:03,13,6
2016-08-16 05:10:07,13,6
2016-08-16 05:20:11,13,6
2016-08-16 05:30:15,13,6
2016-08-16 05:50:22,13,6
2016-08-16 05:57:11,12,7
2016-08-16 06:07:15,12,7
2016-08-16 06:17:18,12,7
2016-08-16 06:27:22,12,7
2016-08-16 06:37:26,12,7
2016-08-16 06:47:30,12,7
2016-08-16 06:57:33,12,7
2016-08-16 07:07:37,12,7
2016-08-16 07:17:41,12,7
2016-08-16 07:27:45,12,7
2016-08-16 07:47:52,12,7
2016-08-16 07:57:56,12,7
2016-08-16 08:07:59,12,7
2016-08-16 08:18:03,12,7
2016-08-16 08:28:07,12,7
2016-08-16 08:53:37,11,8
2016-08-16 09:02:55,12,7
2016-08-16 09:07:13,13,6
2016-08-16 09:17:16,13,6
2016-08-16 09:27:20,13,6
2016-08-16 09:37:24,13,6
2016-08-16 09:46:22,14,5
2016-08-16 09:56:25,14,5
2016-08-16 09:59:45,13,6
2016-08-16 10:07:08,13,6
2016-08-16 10:08:14,12,7
2016-08-16 10:18:18,12,7
2016-08-16 10:22:44,13,6
2016-08-16 10:32:47,13,6
2016-08-16 10:38:31,12,7
2016-08-16 10:55:09,13,6
2016-08-16 10:55:48,12,7
2016-08-16 11:05:52,12,7
2016-08-16 11:15:56,12,7
2016-08-16 11:25:59,12,7
2016-08-16 11:36:03,12,7
2016-08-16 11:46:06,12,7
2016-08-16 11:51:12,13,6
2016-08-16 11:56:55,13,6
2016-08-16 11:57:21,12,7
2016-08-16 12:07:25,12,7
2016-08-16 12:12:50,12,7
2016-08-16 12:16:43,11,8
2016-08-16 12:17:18,10,9
2016-08-16 12:36:54,11,9
2016-08-16 12:48:50,12,8
2016-08-16 12:58:53,12,8
2016-08-16 13:08:57,12,8
2016-08-16 13:29:04,12,8
2016-08-16 13:56:11,12,8
2016-08-16 13:56:49,11,9
2016-08-16 14:06:52,11,9
2016-08-16 14:26:59,11,9
2016-08-16 14:37:03,11,9
2016-08-16 14:47:07,11,9
2016-08-16 14:57:10,11,9
2016-08-16 15:05:54,11,9
2016-08-16 15:06:45,10,10
2016-08-16 15:16:49,10,10
2016-08-16 15:26:53,10,10
2016-08-16 15:36:57,10,10
2016-08-16 15:47:01,10,10
2016-08-16 15:52:04,9,11
2016-08-16 15:54:08,10,10
2016-08-16 15:55:43,8,12
2016-08-16 16:05:46,8,12
2016-08-16 16:39:04,7,13
2016-08-16 16:49:08,7,13
2016-08-16 16:51:56,6,14
2016-08-16 17:01:43,5,15
2016-08-16 17:11:46,5,15
2016-08-16 17:21:50,5,15
2016-08-16 17:23:00,5,15
2016-08-16 17:31:37,6,14
2016-08-16 17:41:41,6,14
2016-08-16 17:51:45,6,14
2016-08-16 18:01:17,5,15
2016-08-16 18:29:44,4,16
2016-08-16 18:39:48,4,16
2016-08-16 18:49:51,4,16
2016-08-16 18:59:55,4,16
2016-08-16 19:09:59,4,16
2016-08-16 19:20:16,4,16
2016-08-16 19:30:20,4,16
2016-08-16 19:40:23,4,16
2016-08-16 19:50:27,4,16
2016-08-16 20:00:31,4,16
2016-08-16 20:07:05,5,15
2016-08-16 20:17:10,5,15
2016-08-16 20:24:56,5,15
2016-08-16 20:25:30,4,16
2016-08-16 20:29:42,6,14
2016-08-16 20:39:46,6,14
2016-08-16 20:49:50,6,14
2016-08-16 20:59:54,6,14
2016-08-16 21:06:42,10,10
2016-08-16 21:16:46,10,10
2016-08-16 21:26:49,10,10
2016-08-16 21:35:10,11,9
2016-08-16 21:37:46,10,10
2016-08-16 21:47:50,10,10
2016-08-16 21:57:53,10,10
2016-08-16 22:07:57,10,10
2016-08-16 22:10:52,11,9
2016-08-16 22:20:55,11,9
2016-08-16 22:30:58,11,9
2016-08-16 22:44:59,12,8
2016-08-16 22:55:02,12,8
2016-08-16 23:05:06,12,8
2016-08-16 23:08:22,13,7
2016-08-16 23:28:29,13,7
2016-08-16 23:38:32,13,7
2016-08-16 23:48:36,13,7
2016-08-16 23:58:16,14,6
2016-08-17 00:08:19,14,6
2016-08-17 00:38:31,14,6
2016-08-17 00:47:05,13,7
2016-08-17 00:54:23,14,6
2016-08-17 01:04:27,14,6
2016-08-17 01:14:31,14,6
2016-08-17 01:24:34,14,6
2016-08-17 01:44:41,14,6
2016-08-17 01:54:45,14,6
2016-08-17 02:04:49,14,6
2016-08-17 02:14:53,14,6
2016-08-17 02:24:24,15,5
2016-08-17 02:34:27,15,5
2016-08-17 02:41:29,15,5
2016-08-17 02:51:32,15,5
2016-08-17 03:01:36,15,5
2016-08-17 03:11:40,15,5
2016-08-17 03:21:43,15,5
2016-08-17 03:31:47,15,5
2016-08-17 03:41:51,15,5
2016-08-17 03:51:55,15,5
2016-08-17 04:01:59,15,5
2016-08-17 04:12:03,15,5
2016-08-17 04:22:23,15,5
2016-08-17 04:32:26,15,5
2016-08-17 04:42:30,15,5
2016-08-17 04:52:34,15,5
2016-08-17 05:02:37,15,5
2016-08-17 05:12:41,15,5
2016-08-17 05:22:45,15,5
2016-08-17 05:26:48,14,6
2016-08-17 05:36:51,14,6
2016-08-17 05:46:55,14,6
2016-08-17 05:56:59,14,6
2016-08-17 06:07:02,14,6
2016-08-17 06:17:06,14,6
2016-08-17 06:27:10,14,6
2016-08-17 06:37:14,14,6
2016-08-17 06:47:17,14,6
2016-08-17 06:57:21,14,6
2016-08-17 07:07:25,14,6
2016-08-17 07:17:29,14,6
2016-08-17 07:27:32,14,6
2016-08-17 07:37:36,14,6
2016-08-17 07:47:40,14,6
2016-08-17 07:57:43,14,6
2016-08-17 08:07:47,14,6
2016-08-17 08:17:50,14,6
2016-08-17 08:27:53,14,6
2016-08-17 08:37:04,14,6
2016-08-17 08:37:28,13,7
2016-08-17 08:47:31,13,7
2016-08-17 09:07:39,13,7
2016-08-17 09:17:43,13,7
2016-08-17 09:27:46,13,7
2016-08-17 09:31:58,12,8
2016-08-17 09:34:33,11,9
2016-08-17 09:44:36,11,9
2016-08-17 09:54:40,11,9
2016-08-17 10:04:44,11,9
2016-08-17 10:07:01,10,10
2016-08-17 10:17:05,10,10
2016-08-17 10:27:09,10,10
2016-08-17 10:37:12,10,10
2016-08-17 10:47:16,10,10
2016-08-17 10:49:26,9,11
2016-08-17 10:54:38,10,10
2016-08-17 11:04:42,10,10
2016-08-17 11:14:45,10,10
2016-08-17 11:17:57,11,9
2016-08-17 11:19:12,12,8
2016-08-17 11:29:15,12,8
2016-08-17 11:39:19,12,8
2016-08-17 11:49:22,12,8
2016-08-17 11:59:26,12,8
2016-08-17 12:09:29,12,8
2016-08-17 12:10:33,13,7
2016-08-17 12:13:51,12,8
2016-08-17 12:23:55,12,8
2016-08-17 12:33:58,12,8
2016-08-17 12:44:02,12,8
2016-08-17 12:54:05,12,8
2016-08-17 13:01:24,13,7
2016-08-17 13:11:28,13,7
2016-08-17 13:21:31,13,7
2016-08-17 13:59:40,14,6
2016-08-17 14:06:11,14,6
2016-08-17 14:06:14,13,7
2016-08-17 14:09:03,12,8
2016-08-17 14:19:07,12,8
2016-08-17 14:39:14,12,8
2016-08-17 14:49:18,12,8
2016-08-17 14:59:22,12,8
2016-08-17 15:09:26,12,8
2016-08-17 15:19:29,12,8
2016-08-17 15:29:33,12,8
2016-08-17 15:39:37,12,8
2016-08-17 15:49:40,12,8
2016-08-17 15:56:22,13,7
2016-08-17 16:20:18,14,6
2016-08-17 16:30:21,14,6
2016-08-17 16:45:58,13,7
2016-08-17 17:07:01,13,7
2016-08-17 17:27:53,13,7
2016-08-17 17:48:00,13,7
2016-08-17 18:08:04,11,9
2016-08-17 18:18:07,11,9
2016-08-17 18:28:11,11,9
2016-08-17 18:31:57,12,8
2016-08-17 18:34:19,13,7
2016-08-17 18:45:03,12,8
2016-08-17 18:50:10,12,8
2016-08-17 18:50:26,13,7
2016-08-17 18:52:59,14,6
2016-08-17 19:03:03,14,6
2016-08-17 19:12:39,15,5
2016-08-17 19:20:03,16,4
2016-08-17 19:21:28,17,3
2016-08-17 19:22:53,16,4
2016-08-17 19:32:56,16,4
2016-08-17 20:12:26,15,5
2016-08-17 20:22:29,15,5
2016-08-17 20:32:33,15,5
2016-08-17 20:42:37,15,5
2016-08-17 21:02:45,15,5
2016-08-17 21:12:48,15,5
2016-08-17 21:22:52,15,5
2016-08-17 21:32:56,15,5
2016-08-17 21:43:00,15,5
2016-08-17 21:53:04,15,5
2016-08-17 22:03:07,15,5
2016-08-17 22:13:11,15,5
2016-08-17 22:25:06,16,4
2016-08-17 22:35:10,16,4
2016-08-17 22:38:07,17,3
2016-08-17 22:48:10,17,3
2016-08-17 22:58:14,17,3
2016-08-17 23:07:04,16,4
2016-08-17 23:13:39,16,4
2016-08-17 23:14:36,15,5
2016-08-17 23:44:47,15,5
2016-08-17 23:54:51,15,5
2016-08-18 00:04:54,15,5
2016-08-18 00:14:58,15,5
2016-08-18 00:25:02,15,5
2016-08-18 00:35:06,15,5
2016-08-18 01:00:20,16,4
2016-08-18 01:02:33,17,3
2016-08-18 01:12:36,17,3
2016-08-18 01:13:57,18,2
2016-08-18 01:24:00,18,2
2016-08-18 01:34:04,18,2
2016-08-18 01:42:06,19,1
2016-08-18 01:46:21,18,2
2016-08-18 01:56:24,18,2
2016-08-18 02:06:28,18,2
2016-08-18 02:16:32,18,2
2016-08-18 02:26:36,18,2
2016-08-18 02:36:39,18,2
2016-08-18 02:43:43,20,0
2016-08-18 02:53:47,20,0
2016-08-18 03:03:51,20,0
2016-08-18 03:13:54,20,0
2016-08-18 03:23:58,20,0
2016-08-18 03:34:02,20,0
2016-08-18 03:44:06,20,0
2016-08-18 03:54:09,20,0
2016-08-18 04:04:13,20,0
2016-08-18 04:22:29,20,0
2016-08-18 04:32:33,20,0
2016-08-18 04:42:37,20,0
2016-08-18 04:52:40,20,0
2016-08-18 05:02:44,20,0
2016-08-18 05:12:48,20,0
2016-08-18 05:22:51,20,0
2016-08-18 05:32:55,20,0
2016-08-18 05:42:59,20,0
2016-08-18 05:53:02,20,0
2016-08-18 06:03:06,20,0
2016-08-18 06:13:10,20,0
2016-08-18 06:23:14,20,0
2016-08-18 06:33:17,20,0
2016-08-18 06:43:21,20,0
2016-08-18 06:53:25,20,0
2016-08-18 07:03:29,20,0
2016-08-18 07:13:32,20,0
2016-08-18 07:23:36,20,0
2016-08-18 07:27:24,12,8
2016-08-18 07:29:18,11,8
2016-08-18 07:31:11,12,7
2016-08-18 07:31:32,10,8
2016-08-18 07:41:36,10,8
2016-08-18 07:51:39,10,8
2016-08-18 08:01:43,10,8
2016-08-18 08:11:47,10,8
2016-08-18 08:16:02,11,7
2016-08-18 08:36:10,11,7
2016-08-18 08:46:13,11,7
2016-08-18 08:56:17,11,7
2016-08-18 09:02:26,12,6
2016-08-18 09:12:29,12,6
2016-08-18 09:22:33,12,6
2016-08-18 09:32:36,12,6
2016-08-18 09:42:40,12,6
2016-08-18 09:52:44,12,6
2016-08-18 09:55:37,13,5
2016-08-18 10:05:40,13,5
2016-08-18 10:15:44,13,5
2016-08-18 10:25:47,13,5
2016-08-18 10:29:09,12,6
2016-08-18 10:39:12,12,6
2016-08-18 10:49:16,12,6
2016-08-18 10:59:20,12,6
2016-08-18 11:29:30,12,6
2016-08-18 11:39:34,12,6
2016-08-18 11:49:38,12,6
2016-08-18 12:08:15,13,5
2016-08-18 12:16:43,12,6
2016-08-18 12:26:46,12,6
2016-08-18 12:36:50,12,6
2016-08-18 12:46:54,12,6
2016-08-18 12:56:57,12,6
2016-08-18 13:05:27,11,7
2016-08-18 13:15:31,11,7
2016-08-18 13:25:35,11,7
2016-08-18 13:35:38,11,7
2016-08-18 13:36:53,12,6
2016-08-18 13:46:56,12,6
2016-08-18 13:57:00,12,6
2016-08-18 14:07:04,12,6
2016-08-18 14:17:08,12,6
2016-08-18 14:27:11,12,6
2016-08-18 14:37:15,12,6
2016-08-18 14:47:19,12,6
2016-08-18 14:57:22,12,6
2016-08-18 15:07:26,12,6
2016-08-18 15:17:30,12,6
2016-08-18 15:27:34,12,6
2016-08-18 15:38:11,12,6
2016-08-18 15:39:16,13,5
2016-08-18 15:49:19,13,5
2016-08-18 15:59:23,13,5
2016-08-18 16:19:30,13,5
2016-08-18 16:29:33,13,5
2016-08-18 16:39:37,13,5
2016-08-18 16:49:40,13,5
2016-08-18 16:52:02,12,6
2016-08-18 17:02:05,12,6
2016-08-18 17:12:38,12,6
2016-08-18 17:31:44,13,5
2016-08-18 17:50:55,12,6
2016-08-18 17:53:46,12,6
2016-08-18 17:56:12,10,8
2016-08-18 17:58:08,9,9
2016-08-18 18:18:48,8,10
2016-08-18 18:28:53,8,10
2016-08-18 18:38:57,8,10
2016-08-18 18:45:31,8,10
2016-08-18 18:46:19,7,11
2016-08-18 18:56:23,7,11
2016-08-18 18:58:46,8,10
2016-08-18 19:08:49,8,10
2016-08-18 19:31:30,6,12
2016-08-18 19:41:34,6,12
2016-08-18 19:51:38,6,12
2016-08-18 20:01:42,6,12
2016-08-18 20:21:50,6,12
2016-08-18 20:22:24,7,11
2016-08-18 20:43:42,8,10
2016-08-18 20:53:46,8,10
2016-08-18 21:03:50,8,10
2016-08-18 21:13:54,8,10
2016-08-18 21:17:01,10,8
2016-08-18 21:27:04,10,8
2016-08-18 21:37:08,10,8
2016-08-18 21:47:12,10,8
2016-08-18 22:07:19,10,8
2016-08-18 22:15:46,9,9
2016-08-18 22:17:49,10,8
2016-08-18 22:27:53,9,9
2016-08-18 22:51:39,10,8
2016-08-18 23:01:42,10,8
2016-08-18 23:11:46,10,8
2016-08-18 23:14:26,11,7
2016-08-18 23:24:29,11,7
2016-08-18 23:34:34,11,7
2016-08-18 23:44:38,11,7
2016-08-18 23:54:42,11,7
2016-08-19 00:04:46,11,7
2016-08-19 00:14:50,11,7
2016-08-19 00:24:54,11,7
2016-08-19 00:34:58,11,7
2016-08-19 00:45:03,11,7
2016-08-19 00:55:06,11,7
2016-08-19 01:05:10,11,7
2016-08-19 01:15:14,11,7
2016-08-19 01:25:18,11,7
2016-08-19 01:35:22,11,7
2016-08-19 01:45:25,11,7
2016-08-19 01:55:29,11,7
2016-08-19 02:05:33,11,7
2016-08-19 02:12:35,12,6
2016-08-19 02:22:38,12,6
2016-08-19 02:32:42,12,6
2016-08-19 02:42:46,12,6
2016-08-19 02:52:49,12,6
2016-08-19 04:16:15,12,6
2016-08-19 04:23:38,12,6
2016-08-19 04:33:42,12,6
2016-08-19 04:43:45,12,6
2016-08-19 04:53:49,12,6
2016-08-19 05:03:53,12,6
2016-08-19 05:11:53,13,5
2016-08-19 06:22:23,13,5
2016-08-19 06:32:27,13,5
2016-08-19 06:52:35,13,5
2016-08-19 07:22:48,13,5
2016-08-19 07:32:52,13,5
2016-08-19 07:42:56,13,5
2016-08-19 07:52:59,13,5
2016-08-19 08:27:27,15,3
2016-08-19 08:37:32,15,3
2016-08-19 08:47:37,15,3
2016-08-19 08:57:41,15,3
2016-08-19 09:07:45,15,3
2016-08-19 09:27:54,15,3
2016-08-19 09:37:57,15,3
2016-08-19 09:48:01,15,3
2016-08-19 09:58:05,15,3
2016-08-19 10:08:09,15,3
2016-08-19 10:18:13,15,3
2016-08-19 10:28:11,15,4
2016-08-19 10:38:16,15,4
2016-08-19 10:48:19,15,4
2016-08-19 10:58:23,15,4
2016-08-19 11:08:18,15,4
2016-08-19 11:20:21,16,4
2016-08-19 11:30:24,16,4
2016-08-19 11:40:28,16,4
2016-08-19 11:50:29,15,5
2016-08-19 11:52:29,14,6
2016-08-19 11:53:12,13,7
2016-08-19 12:03:18,11,9
2016-08-19 12:05:44,10,10
2016-08-19 12:07:36,9,11
2016-08-19 12:10:29,9,11
2016-08-19 12:12:14,9,11
2016-08-19 12:14:16,8,12
2016-08-19 12:24:21,8,12
2016-08-19 12:34:25,8,12
2016-08-19 12:40:05,9,11
2016-08-19 12:50:09,9,11
2016-08-19 13:00:13,9,11
2016-08-19 13:10:17,9,11
2016-08-19 13:22:46,9,11
2016-08-19 13:42:55,9,11
2016-08-19 14:04:07,9,11
2016-08-19 14:06:40,9,11
2016-08-19 14:16:44,9,11
2016-08-19 14:26:48,9,11
2016-08-19 14:36:51,9,11
2016-08-19 14:47:12,9,11
2016-08-19 14:57:16,9,11
2016-08-19 15:07:20,9,11
2016-08-19 15:17:23,9,11
2016-08-19 15:27:27,9,11
2016-08-19 15:37:31,9,11
2016-08-19 15:46:53,10,10
2016-08-19 16:07:00,10,10
2016-08-19 16:17:06,10,10
2016-08-19 16:27:10,10,10
2016-08-19 16:37:14,10,10
2016-08-19 16:41:02,9,11
2016-08-19 16:55:12,9,11
2016-08-19 17:05:16,9,11
2016-08-19 17:17:17,10,10
2016-08-19 17:18:13,11,9
2016-08-19 17:23:11,11,9
2016-08-19 17:33:14,11,9
2016-08-19 17:38:45,12,8
2016-08-19 17:48:48,12,8
2016-08-19 17:58:52,12,8
2016-08-19 18:08:56,12,8
2016-08-19 18:18:59,12,8
2016-08-19 18:29:03,12,8
2016-08-19 18:31:11,12,8
2016-08-19 18:33:11,10,10
2016-08-19 18:43:15,10,10
2016-08-19 18:46:21,9,11
2016-08-19 18:56:25,9,11
2016-08-19 19:06:29,9,11
2016-08-19 19:16:33,9,11
2016-08-19 19:20:16,10,10
2016-08-19 19:30:20,10,10
2016-08-19 19:40:54,9,11
2016-08-19 19:49:15,10,10
2016-08-19 19:59:19,10,10
2016-08-19 20:09:24,10,10
2016-08-19 20:29:34,10,10
2016-08-19 20:39:38,10,10
2016-08-19 20:49:41,10,10
2016-08-19 21:09:49,10,10
2016-08-19 21:13:25,11,9
2016-08-19 21:23:29,11,9
2016-08-19 21:33:33,11,9
2016-08-19 21:43:37,11,9
2016-08-19 22:03:46,11,9
2016-08-19 22:13:51,11,9
2016-08-19 22:34:01,11,9
2016-08-19 22:41:03,10,10
2016-08-19 22:51:07,10,10
2016-08-19 23:01:11,10,10
2016-08-19 23:08:39,11,9
2016-08-19 23:18:43,11,9
2016-08-19 23:34:28,10,10
2016-08-19 23:40:25,9,11
2016-08-19 23:50:28,9,11
2016-08-20 00:00:32,9,11
2016-08-20 00:26:17,8,12
2016-08-20 00:36:20,8,12
2016-08-20 00:51:23,10,10
2016-08-20 01:01:27,10,10
2016-08-20 01:11:31,10,10
2016-08-20 01:21:37,10,10
2016-08-20 01:31:41,10,10
2016-08-20 01:41:45,10,10
2016-08-20 01:48:43,11,9
2016-08-20 02:08:50,11,9
2016-08-20 02:45:52,13,7
2016-08-20 02:55:56,13,7
2016-08-20 03:00:27,12,8
2016-08-20 03:10:31,12,8
2016-08-20 03:20:35,12,8
2016-08-20 03:30:09,13,7
2016-08-20 03:32:10,11,9
2016-08-20 03:33:43,11,9
2016-08-20 03:38:27,11,9
2016-08-20 03:39:11,11,9
2016-08-20 04:03:29,11,9
2016-08-20 04:13:33,11,9
2016-08-20 04:22:31,11,9
2016-08-20 04:28:48,11,9
2016-08-20 04:29:49,10,10
2016-08-20 04:39:54,10,10
2016-08-20 04:49:58,10,10
2016-08-20 05:00:01,10,10
2016-08-20 05:10:05,10,10
2016-08-20 05:20:09,10,10
2016-08-20 05:30:13,10,10
2016-08-20 05:40:16,10,10
2016-08-20 05:50:20,10,10
2016-08-20 06:00:24,10,10
2016-08-20 06:10:28,10,10
2016-08-20 06:20:31,10,10
2016-08-20 06:30:35,10,10
2016-08-20 06:35:49,11,9
2016-08-20 06:45:53,11,9
2016-08-20 06:55:57,11,9
2016-08-20 07:06:01,11,9
2016-08-20 07:36:14,11,9
2016-08-20 07:46:18,11,9
2016-08-20 07:56:23,11,9
2016-08-20 08:06:28,11,9
2016-08-20 08:16:33,11,9
2016-08-20 08:26:38,11,9
2016-08-20 08:36:42,11,9
2016-08-20 08:46:46,11,9
2016-08-20 08:56:50,11,9
2016-08-20 09:06:54,11,9
2016-08-20 09:57:14,11,9
2016-08-20 10:27:26,11,9
2016-08-20 10:37:30,11,9
2016-08-20 10:47:35,11,9
2016-08-20 10:57:39,11,9
2016-08-20 11:07:43,11,9
2016-08-20 11:17:47,11,9
2016-08-20 11:27:51,11,9
2016-08-20 11:37:55,11,9
2016-08-20 11:47:59,11,9
2016-08-20 11:58:03,11,9
2016-08-20 12:08:07,11,9
2016-08-20 12:18:11,11,9
2016-08-20 12:28:15,11,9
2016-08-20 12:40:05,11,9
2016-08-20 12:40:33,10,10
2016-08-20 12:46:20,8,12
2016-08-20 12:49:05,9,11
2016-08-20 12:59:05,10,10
2016-08-20 13:09:09,10,10
2016-08-20 13:19:13,10,10
2016-08-20 13:29:17,10,10
2016-08-20 13:59:30,10,10
2016-08-20 14:19:39,10,10
2016-08-20 14:29:43,10,10
2016-08-20 14:39:47,10,10
2016-08-20 14:49:50,10,10
2016-08-20 14:53:51,10,10
2016-08-20 14:55:53,9,11
2016-08-20 14:58:01,9,11
2016-08-20 14:59:37,7,13
2016-08-20 15:04:59,6,14
2016-08-20 15:14:03,5,15
2016-08-20 15:23:44,4,16
2016-08-20 15:29:51,4,16
2016-08-20 15:51:14,2,18
2016-08-20 16:01:18,2,18
2016-08-20 16:11:25,2,18
2016-08-20 16:21:33,2,18
2016-08-20 16:41:41,2,18
2016-08-20 16:51:45,2,18
2016-08-20 17:01:49,2,18
2016-08-20 17:27:51,2,18
2016-08-20 17:37:55,2,18
2016-08-20 17:47:58,2,18
2016-08-20 17:51:55,3,17
2016-08-20 17:52:52,1,19
2016-08-20 18:02:55,1,19
2016-08-20 18:33:15,1,19
2016-08-20 18:43:18,1,19
2016-08-20 19:03:26,1,19
2016-08-20 19:13:56,0,20
2016-08-20 19:23:59,0,20
2016-08-20 19:34:03,0,20
2016-08-20 19:38:11,1,19
2016-08-20 19:48:15,1,19
2016-08-20 19:58:18,1,19
2016-08-20 20:08:22,1,19
2016-08-20 20:14:35,0,20
2016-08-20 20:24:39,0,20
2016-08-20 20:34:43,0,20
2016-08-20 20:44:47,0,20
2016-08-20 20:54:50,0,20
2016-08-20 21:03:44,1,19
2016-08-20 21:04:15,2,18
2016-08-20 21:10:08,1,18
2016-08-20 21:20:51,1,19
2016-08-20 21:30:55,1,19
2016-08-20 21:40:57,1,19
2016-08-20 21:49:41,0,19
2016-08-20 21:59:45,1,19
2016-08-20 22:09:49,1,19
2016-08-20 22:29:56,1,19
2016-08-20 22:40:00,1,19
2016-08-20 22:50:04,1,19
2016-08-20 23:00:08,1,19
2016-08-20 23:04:19,3,17
2016-08-20 23:14:23,3,17
2016-08-20 23:24:27,3,17
2016-08-20 23:34:30,3,17
2016-08-20 23:44:34,3,17
2016-08-20 23:54:38,3,17
2016-08-21 00:04:42,3,17
2016-08-21 00:09:10,3,17
2016-08-21 00:19:14,3,17
2016-08-21 01:09:33,3,17
2016-08-21 01:19:36,3,17
2016-08-21 01:29:40,3,17
2016-08-21 01:39:44,3,17
2016-08-21 01:49:47,3,17
2016-08-21 01:52:42,4,16
2016-08-21 02:02:45,4,16
2016-08-21 02:12:49,4,16
2016-08-21 02:22:53,4,16
2016-08-21 02:32:57,4,16
2016-08-21 02:43:00,4,16
2016-08-21 02:53:04,4,16
2016-08-21 03:03:07,4,16
2016-08-21 03:13:11,4,16
2016-08-21 03:23:15,4,16
2016-08-21 03:33:18,4,16
2016-08-21 03:43:22,4,16
2016-08-21 03:53:26,4,16
2016-08-21 04:03:30,4,16
2016-08-21 04:09:55,3,17
2016-08-21 04:12:50,2,18
2016-08-21 04:15:11,1,19
2016-08-21 04:15:36,0,20
2016-08-21 04:17:14,0,20
2016-08-21 04:22:35,0,20
2016-08-21 04:32:44,0,20
2016-08-21 04:42:47,0,20
2016-08-21 04:52:51,0,20
2016-08-21 05:12:59,0,20
2016-08-21 05:23:02,0,20
2016-08-21 05:33:06,0,20
2016-08-21 05:43:10,0,20
2016-08-21 05:53:14,0,20
2016-08-21 06:03:17,0,20
2016-08-21 06:13:21,0,20
2016-08-21 06:23:24,0,20
2016-08-21 06:53:35,0,20
2016-08-21 07:03:39,0,20
2016-08-21 07:13:43,0,20
2016-08-21 07:23:47,0,20
2016-08-21 07:33:51,0,20
2016-08-21 07:43:56,0,20
2016-08-21 07:53:59,0,20
2016-08-21 08:04:03,0,20
2016-08-21 08:14:07,0,20
2016-08-21 08:24:11,0,20
2016-08-21 08:34:15,0,20
2016-08-21 08:44:18,0,20
2016-08-21 08:54:22,0,20
2016-08-21 09:04:25,0,20
2016-08-21 09:14:29,0,20
2016-08-21 09:24:33,0,20
2016-08-21 09:34:37,0,20
2016-08-21 09:44:40,0,20
2016-08-21 09:54:44,0,20
2016-08-21 10:04:47,0,20
2016-08-21 10:14:51,0,20
2016-08-21 10:24:55,0,20
2016-08-21 10:34:59,0,20
2016-08-21 11:05:09,0,20
2016-08-21 11:15:13,0,20
2016-08-21 11:25:16,0,20
2016-08-21 11:35:20,0,20
2016-08-21 11:45:23,0,20
2016-08-21 11:55:27,0,20
2016-08-21 12:05:30,0,20
2016-08-21 12:15:34,0,20
2016-08-21 12:35:41,0,20
2016-08-21 12:45:44,0,20
2016-08-21 12:51:25,1,19
2016-08-21 12:58:12,2,18
2016-08-21 13:08:15,2,18
2016-08-21 13:23:19,1,19
2016-08-21 13:53:30,1,19
2016-08-21 14:13:36,1,19
2016-08-21 14:16:15,0,20
2016-08-21 14:26:19,0,20
2016-08-21 14:36:22,0,20
2016-08-21 14:46:26,0,20
2016-08-21 14:56:30,0,20
2016-08-21 15:06:34,0,20
2016-08-21 15:16:37,0,20
2016-08-21 15:26:41,0,20
2016-08-21 15:36:45,0,20
2016-08-21 15:46:49,0,20
2016-08-21 15:54:51,1,19
2016-08-21 16:04:55,1,19
2016-08-21 16:14:58,1,19
2016-08-21 16:22:18,0,20
2016-08-21 16:32:21,0,20
2016-08-21 16:42:26,0,20
2016-08-21 16:52:29,0,20
2016-08-21 17:02:33,0,20
2016-08-21 17:12:50,0,20
2016-08-21 17:35:54,3,17
2016-08-21 17:45:58,3,17
2016-08-21 18:05:36,6,14
2016-08-21 18:08:20,6,14
2016-08-21 18:12:37,6,14
2016-08-21 18:15:10,6,14
2016-08-21 18:25:14,6,14
2016-08-21 18:45:22,6,14
2016-08-21 19:40:27,7,13
2016-08-21 19:50:30,7,13
2016-08-21 19:54:32,8,12
2016-08-21 20:01:07,8,12
2016-08-21 20:02:32,7,13
2016-08-21 20:12:36,7,13
2016-08-21 20:22:40,7,13
2016-08-21 20:32:45,7,13
2016-08-21 20:42:48,7,13
2016-08-21 20:52:53,7,13
2016-08-21 21:02:57,7,13
2016-08-21 21:43:14,7,13
2016-08-21 21:53:19,7,13
2016-08-21 22:03:24,7,13
2016-08-21 22:33:37,7,13
2016-08-21 22:52:21,8,12
2016-08-21 23:02:25,8,12
2016-08-21 23:12:29,8,12
2016-08-21 23:22:33,8,12
2016-08-21 23:32:37,8,12
2016-08-21 23:42:41,8,12
2016-08-21 23:52:45,8,12
2016-08-22 00:02:49,8,12
2016-08-22 00:13:27,9,11
2016-08-22 00:23:31,9,11
2016-08-22 00:33:35,9,11
2016-08-22 00:43:39,9,11
2016-08-22 00:53:43,9,11
2016-08-22 00:55:10,10,10
2016-08-22 01:05:14,10,10
2016-08-22 01:15:17,10,10
2016-08-22 01:17:21,11,9
2016-08-22 01:27:25,11,9
2016-08-22 01:37:29,11,9
2016-08-22 01:47:32,11,9
2016-08-22 01:57:36,11,9
2016-08-22 02:07:40,11,9
2016-08-22 02:17:44,11,9
2016-08-22 02:27:48,11,9
2016-08-22 02:37:51,11,9
2016-08-22 02:47:55,11,9
2016-08-22 02:57:59,11,9
2016-08-22 03:08:03,11,9
2016-08-22 03:18:07,11,9
2016-08-22 03:28:10,11,9
2016-08-22 03:38:14,11,9
2016-08-22 03:48:18,11,9
2016-08-22 03:58:22,11,9
2016-08-22 04:08:28,11,9
2016-08-22 04:15:17,11,9
2016-08-22 04:23:35,11,9
2016-08-22 04:33:39,11,9
2016-08-22 04:43:43,11,9
2016-08-22 04:53:47,11,9
2016-08-22 04:59:52,12,8
2016-08-22 05:09:55,12,8
2016-08-22 05:21:11,12,8
2016-08-22 05:41:22,12,8
2016-08-22 05:45:17,13,7
2016-08-22 05:55:20,13,7
2016-08-22 06:05:23,13,7
2016-08-22 06:15:26,13,7
2016-08-22 06:25:30,13,7
2016-08-22 06:35:35,13,7
2016-08-22 06:55:43,13,7
2016-08-22 07:01:43,14,6
2016-08-22 07:11:47,14,6
2016-08-22 07:21:51,14,6
2016-08-22 07:31:55,14,6
2016-08-22 07:34:59,9,11
2016-08-22 07:45:02,9,11
2016-08-22 07:55:07,9,11
2016-08-22 08:05:12,9,11
2016-08-22 08:11:08,9,11
2016-08-22 08:11:28,8,12
2016-08-22 08:21:33,8,12
2016-08-22 08:26:04,9,11
2016-08-22 08:36:07,9,11
2016-08-22 08:46:12,9,11
2016-08-22 08:56:15,9,11
2016-08-22 09:06:20,9,11
2016-08-22 09:07:53,10,10
2016-08-22 09:17:58,10,10
2016-08-22 09:28:01,10,10
2016-08-22 09:38:01,12,8
2016-08-22 09:41:29,12,8
2016-08-22 09:51:32,12,8
2016-08-22 10:01:36,12,8
2016-08-22 10:11:40,12,8
2016-08-22 10:21:11,12,8
2016-08-22 10:31:16,12,8
2016-08-22 10:41:19,12,8
2016-08-22 10:51:23,12,8
2016-08-22 11:11:31,12,8
2016-08-22 11:31:38,12,8
2016-08-22 11:41:42,12,8
2016-08-22 11:51:46,12,8
2016-08-22 12:10:47,11,9
2016-08-22 12:20:51,11,9
2016-08-22 12:30:56,11,9
2016-08-22 12:36:59,13,7
2016-08-22 12:47:03,13,7
2016-08-22 12:57:08,13,7
2016-08-22 13:07:12,13,7
2016-08-22 13:17:16,13,7
2016-08-22 13:27:19,13,7
2016-08-22 13:37:23,13,7
2016-08-22 13:44:03,13,7
2016-08-22 13:54:07,13,7
2016-08-22 14:00:10,13,7
2016-08-22 14:30:23,13,7
2016-08-22 14:40:27,13,7
2016-08-22 14:50:31,13,7
2016-08-22 15:10:38,13,7
2016-08-22 15:20:42,13,7
2016-08-22 15:30:46,13,7
2016-08-22 15:50:46,14,6
2016-08-22 15:51:40,14,6
2016-08-22 15:58:03,13,7
2016-08-22 16:08:07,13,7
2016-08-22 16:29:01,12,8
2016-08-22 16:39:06,12,8
2016-08-22 16:49:23,11,9
2016-08-22 16:59:27,11,9
2016-08-22 17:09:44,11,9
2016-08-22 17:15:01,11,9
2016-08-22 17:25:04,11,9
2016-08-22 17:29:42,10,10
2016-08-22 17:39:45,10,10
2016-08-22 17:47:16,9,11
2016-08-22 17:52:37,6,14
2016-08-22 17:56:06,5,15
2016-08-22 18:06:06,4,16
2016-08-22 18:11:34,3,17
2016-08-22 18:13:03,3,17
2016-08-22 18:13:32,2,18
2016-08-22 18:23:34,2,18
2016-08-22 18:25:58,3,17
2016-08-22 18:36:02,3,17
2016-08-22 18:56:09,3,17
2016-08-22 19:05:57,4,16
2016-08-22 19:16:00,4,16
2016-08-22 19:26:04,4,16
2016-08-22 19:36:08,4,16
2016-08-22 19:56:14,4,16
2016-08-22 20:06:12,5,15
2016-08-22 20:07:13,5,15
2016-08-22 20:17:16,5,15
2016-08-22 20:27:20,5,15
2016-08-22 20:37:24,5,15
2016-08-22 20:41:48,6,14
2016-08-22 20:43:48,5,15
2016-08-22 20:47:39,5,15
2016-08-22 20:48:18,4,16
2016-08-22 20:56:06,5,15
2016-08-22 21:06:10,5,15
2016-08-22 21:14:24,6,14
2016-08-22 21:24:28,6,14
2016-08-22 21:32:01,6,14
2016-08-22 21:41:59,8,12
2016-08-22 21:52:03,8,12
2016-08-22 22:02:06,8,12
2016-08-22 22:12:10,8,12
2016-08-22 22:22:00,8,12
2016-08-22 22:33:01,6,14
2016-08-22 22:43:05,6,14
2016-08-22 22:53:08,6,14
2016-08-22 23:03:08,8,12
2016-08-22 23:13:12,8,12
2016-08-22 23:23:15,8,12
2016-08-22 23:33:19,8,12
2016-08-22 23:43:23,8,12
2016-08-22 23:53:26,8,12
2016-08-23 00:03:30,8,12
2016-08-23 00:13:33,8,12
2016-08-23 00:23:37,8,12
2016-08-23 00:33:41,8,12
2016-08-23 00:43:44,8,12
2016-08-23 00:53:48,8,12
2016-08-23 01:03:52,8,12
2016-08-23 01:13:56,8,12
2016-08-23 01:24:00,8,12
2016-08-23 01:34:03,8,12
2016-08-23 01:44:07,8,12
2016-08-23 01:54:11,8,12
2016-08-23 02:04:15,8,12
2016-08-23 02:14:18,8,12
2016-08-23 02:24:22,8,12
2016-08-23 02:34:26,8,12
2016-08-23 02:40:45,9,11
2016-08-23 02:50:49,9,11
2016-08-23 03:00:53,9,11
2016-08-23 03:10:56,9,11
2016-08-23 03:21:00,9,11
2016-08-23 03:31:04,9,11
2016-08-23 03:41:07,9,11
2016-08-23 03:51:11,9,11
2016-08-23 04:11:18,9,11
2016-08-23 04:21:45,9,11
2016-08-23 04:31:49,9,11
2016-08-23 04:41:52,9,11
2016-08-23 04:51:56,9,11
2016-08-23 05:02:00,9,11
2016-08-23 05:12:04,9,11
2016-08-23 05:22:08,9,11
2016-08-23 05:32:12,9,11
2016-08-23 05:39:44,8,12
2016-08-23 05:49:47,8,12
2016-08-23 05:59:51,8,12
2016-08-23 06:09:55,8,12
2016-08-23 06:19:59,8,12
2016-08-23 06:30:02,8,12
2016-08-23 06:40:07,8,12
2016-08-23 06:50:10,8,12
2016-08-23 07:30:02,9,11
2016-08-23 07:40:06,9,11
2016-08-23 07:50:10,9,11
2016-08-23 08:00:13,9,11
2016-08-23 08:10:17,9,11
2016-08-23 08:15:46,10,10
2016-08-23 08:18:44,11,9
2016-08-23 08:43:10,12,8
2016-08-23 09:03:17,12,8
2016-08-23 09:13:21,12,8
2016-08-23 09:23:25,12,8
2016-08-23 09:53:26,10,9
2016-08-23 09:58:33,9,10
2016-08-23 10:08:36,10,10
2016-08-23 10:18:40,10,10
2016-08-23 10:28:44,10,10
2016-08-23 10:38:47,10,10
2016-08-23 10:58:54,10,10
2016-08-23 11:19:02,10,10
2016-08-23 11:29:06,10,10
2016-08-23 11:39:10,10,10
2016-08-23 11:59:17,10,10
2016-08-23 12:08:31,10,10
2016-08-23 12:09:04,9,11
2016-08-23 12:14:47,8,12
2016-08-23 12:34:54,8,12
2016-08-23 12:44:58,8,12
2016-08-23 12:55:02,8,12
2016-08-23 12:59:35,8,12
2016-08-23 13:02:29,6,14
2016-08-23 13:12:33,6,14
2016-08-23 13:22:36,6,14
2016-08-23 13:43:02,4,16
2016-08-23 13:53:05,4,16
2016-08-23 13:58:03,5,15
2016-08-23 14:08:06,5,15
2016-08-23 14:14:21,4,16
2016-08-23 14:18:31,3,17
2016-08-23 14:23:33,4,16
2016-08-23 14:28:00,5,15
2016-08-23 14:44:55,4,16
2016-08-23 14:54:58,4,16
2016-08-23 15:05:01,4,16
2016-08-23 15:15:04,4,16
2016-08-23 15:21:21,3,17
2016-08-23 15:31:25,3,17
2016-08-23 15:38:06,5,15
2016-08-23 15:48:10,5,15
2016-08-23 15:58:13,5,15
2016-08-23 16:08:17,5,15
2016-08-23 16:28:23,5,15
2016-08-23 16:38:27,5,15
2016-08-23 16:43:10,4,16
2016-08-23 16:56:53,3,17
2016-08-23 17:06:56,3,17
2016-08-23 17:17:00,3,17
2016-08-23 17:27:04,3,17
2016-08-23 17:37:07,3,17
2016-08-23 17:38:42,4,16
2016-08-23 17:48:46,4,16
2016-08-23 17:51:21,3,17
2016-08-23 18:01:25,3,17
2016-08-23 18:20:57,4,16
2016-08-23 18:21:37,4,16
2016-08-23 18:29:16,4,16
2016-08-23 18:31:31,4,16
2016-08-23 18:31:57,3,17
2016-08-23 18:42:00,3,17
2016-08-23 18:45:19,4,16
2016-08-23 18:59:03,4,16
2016-08-23 19:01:08,2,18
2016-08-23 19:28:57,1,19
2016-08-23 19:32:22,3,17
2016-08-23 19:42:26,3,17
2016-08-23 19:52:45,2,18
2016-08-23 19:59:03,4,16
2016-08-23 20:09:07,4,16
2016-08-23 20:39:18,4,16
2016-08-23 20:49:22,4,16
2016-08-23 21:09:29,4,16
2016-08-23 21:19:32,4,16
2016-08-23 21:29:36,4,16
2016-08-23 21:39:40,4,16
2016-08-23 21:49:44,4,16
2016-08-23 21:59:47,4,16
2016-08-23 22:09:51,4,16
2016-08-23 22:19:55,4,16
2016-08-23 22:30:13,5,15
2016-08-23 23:00:44,5,15
2016-08-23 23:10:28,5,15
2016-08-24 00:06:44,5,15
2016-08-24 00:12:04,6,14
2016-08-24 00:22:08,6,14
2016-08-24 00:32:11,6,14
2016-08-24 00:37:00,7,13
2016-08-24 00:47:04,7,13
2016-08-24 00:57:08,7,13
2016-08-24 01:07:12,7,13
2016-08-24 01:27:19,7,13
2016-08-24 02:07:34,7,13
2016-08-24 02:12:13,8,12
2016-08-24 02:16:06,10,10
2016-08-24 02:26:09,10,10
2016-08-24 02:27:55,11,9
2016-08-24 02:37:59,11,9
2016-08-24 02:48:02,11,9
2016-08-24 02:58:06,11,9
2016-08-24 03:08:10,11,9
2016-08-24 03:18:14,11,9
2016-08-24 03:25:10,11,9
2016-08-24 03:25:15,13,7
2016-08-24 03:35:18,13,7
2016-08-24 03:45:21,13,7
2016-08-24 03:55:25,13,7
2016-08-24 04:05:28,13,7
2016-08-24 04:16:15,13,7
2016-08-24 04:19:12,13,7
2016-08-24 04:29:14,13,7
2016-08-24 04:39:18,13,7
2016-08-24 04:46:54,13,6
2016-08-24 04:50:31,14,6
2016-08-24 05:00:34,14,6
2016-08-24 05:10:38,14,6
2016-08-24 05:20:42,14,6
2016-08-24 05:30:45,14,6
2016-08-24 05:50:53,14,6
2016-08-24 06:00:57,14,6
2016-08-24 06:11:01,14,6
2016-08-24 06:21:04,14,6
2016-08-24 06:31:08,14,6
2016-08-24 06:51:16,14,6
2016-08-24 06:58:57,15,5
2016-08-24 07:09:01,15,5
2016-08-24 07:19:04,15,5
2016-08-24 07:29:08,15,5
2016-08-24 07:39:12,15,5
2016-08-24 07:49:15,15,5
2016-08-24 07:59:19,15,5
2016-08-24 08:02:15,15,5
2016-08-24 08:02:41,14,6
2016-08-24 08:22:48,14,6
2016-08-24 08:24:12,15,5
2016-08-24 08:34:15,15,5
2016-08-24 08:44:19,15,5
2016-08-24 08:54:23,15,5
2016-08-24 09:04:27,15,5
2016-08-24 09:14:30,15,5
2016-08-24 09:24:33,15,5
2016-08-24 09:34:37,15,5
2016-08-24 09:44:41,15,5
2016-08-24 09:57:01,16,4
2016-08-24 10:07:05,16,4
2016-08-24 10:17:08,16,4
2016-08-24 10:27:12,16,4
2016-08-24 10:37:16,16,4
2016-08-24 10:48:46,16,4
2016-08-24 10:49:48,15,5
2016-08-24 11:04:41,14,6
2016-08-24 11:26:31,14,6
2016-08-24 11:36:34,14,6
2016-08-24 11:46:33,14,6
2016-08-24 12:35:28,14,5
2016-08-24 13:07:18,14,6
2016-08-24 13:17:22,14,6
2016-08-24 13:31:49,13,7
2016-08-24 14:12:03,13,7
2016-08-24 14:22:07,13,7
2016-08-24 14:52:18,13,7
2016-08-24 15:04:14,12,8
2016-08-24 15:14:18,12,8
2016-08-24 15:24:22,12,8
2016-08-24 15:34:26,12,8
2016-08-24 15:44:29,12,8
2016-08-24 15:47:03,14,6
2016-08-24 15:49:17,13,7
2016-08-24 15:50:49,12,8
2016-08-24 16:00:52,12,8
2016-08-24 16:10:56,12,8
2016-08-24 16:20:59,12,8
2016-08-24 16:31:03,12,8
2016-08-24 16:41:24,11,9
2016-08-24 16:48:30,10,10
2016-08-24 16:58:33,10,10
2016-08-24 17:08:37,10,10
2016-08-24 17:14:53,10,10
2016-08-24 17:20:28,11,9
2016-08-24 17:26:58,9,11
2016-08-24 17:34:58,8,12
2016-08-24 17:45:01,8,12
2016-08-24 17:58:00,9,11
2016-08-24 18:09:14,9,11
2016-08-24 18:16:21,9,11
2016-08-24 18:26:25,9,11
2016-08-24 18:36:29,9,11
2016-08-24 18:46:33,9,11
2016-08-24 19:02:10,10,10
2016-08-24 19:07:01,9,11
2016-08-24 19:17:04,9,11
2016-08-24 19:27:07,8,12
2016-08-24 19:28:42,7,13
2016-08-24 19:38:45,7,13
2016-08-24 19:48:49,7,13
2016-08-24 20:03:34,8,12
2016-08-24 20:05:58,9,11
2016-08-24 20:36:10,9,11
2016-08-24 20:45:18,8,12
2016-08-24 20:55:22,8,12
2016-08-24 21:25:33,8,12
2016-08-24 21:28:30,9,11
2016-08-24 21:38:34,9,11
2016-08-24 21:48:37,9,11
2016-08-24 21:58:41,9,11
2016-08-24 22:08:03,8,12
2016-08-24 22:18:06,8,12
2016-08-24 22:28:10,8,12
2016-08-24 22:34:13,9,11
2016-08-24 22:44:16,9,11
2016-08-24 23:04:23,9,11
2016-08-24 23:14:27,9,11
2016-08-24 23:24:31,9,11
2016-08-24 23:34:35,9,11
2016-08-24 23:44:38,9,11
2016-08-24 23:54:42,9,11
2016-08-25 00:04:46,9,11
2016-08-25 00:14:49,9,11
2016-08-25 00:24:53,9,11
2016-08-25 00:37:42,10,10
2016-08-25 00:47:45,10,10
2016-08-25 00:57:49,10,10
2016-08-25 01:07:53,10,10
2016-08-25 01:17:56,10,10
2016-08-25 01:28:00,10,10
2016-08-25 01:30:48,11,9
2016-08-25 02:00:58,11,9
2016-08-25 02:41:13,11,9
2016-08-25 02:51:17,11,9
2016-08-25 03:01:21,11,9
2016-08-25 03:11:25,11,9
2016-08-25 03:21:28,11,9
2016-08-25 03:31:32,11,9
2016-08-25 03:41:12,12,8
2016-08-25 03:51:16,12,8
2016-08-25 04:01:20,12,8
2016-08-25 04:11:23,12,8
2016-08-25 04:23:02,17,3
2016-08-25 04:26:59,16,4
2016-08-25 04:37:02,16,4
2016-08-25 04:47:06,16,4
2016-08-25 04:57:10,16,4
2016-08-25 05:07:14,16,4
2016-08-25 05:17:17,16,4
2016-08-25 05:27:21,16,4
2016-08-25 05:37:25,16,4
2016-08-25 05:47:29,16,4
2016-08-25 05:57:32,16,4
2016-08-25 06:07:36,16,4
2016-08-25 06:17:40,16,4
2016-08-25 06:27:44,16,4
2016-08-25 06:37:47,16,4
2016-08-25 06:48:00,8,12
2016-08-25 06:59:54,9,11
2016-08-25 07:40:08,9,11
2016-08-25 07:50:11,9,11
2016-08-25 08:00:14,9,11
2016-08-25 08:10:17,9,11
2016-08-25 08:19:23,11,9
2016-08-25 08:39:30,11,9
2016-08-25 08:49:33,11,9
2016-08-25 08:59:37,11,9
2016-08-25 09:09:41,11,9
2016-08-25 09:15:41,10,10
2016-08-25 09:25:45,10,10
2016-08-25 09:35:49,10,10
2016-08-25 09:45:52,10,10
2016-08-25 09:55:56,10,10
2016-08-25 10:03:03,11,9
2016-08-25 10:13:06,11,9
2016-08-25 10:23:10,11,9
2016-08-25 10:25:45,10,10
2016-08-25 10:53:12,10,10
2016-08-25 10:53:54,9,11
2016-08-25 11:03:57,9,11
2016-08-25 11:14:01,9,11
2016-08-25 11:24:04,9,11
2016-08-25 11:34:08,9,11
2016-08-25 11:36:36,10,10
2016-08-25 11:46:40,10,10
2016-08-25 11:56:43,10,10
2016-08-25 12:03:53,9,11
2016-08-25 12:13:57,9,11
2016-08-25 12:24:00,9,11
2016-08-25 12:34:04,9,11
2016-08-25 12:44:08,9,11
2016-08-25 12:54:12,9,11
2016-08-25 13:04:15,9,11
2016-08-25 13:15:55,9,11
2016-08-25 13:17:00,8,12
2016-08-25 13:27:08,8,12
2016-08-25 13:30:24,7,13
2016-08-25 13:50:32,7,13
2016-08-25 14:00:36,7,13
2016-08-25 14:10:39,7,13
2016-08-25 14:20:43,7,13
2016-08-25 14:30:46,7,13
2016-08-25 14:34:25,8,12
2016-08-25 14:44:12,9,11
2016-08-25 14:52:04,10,10
2016-08-25 14:52:35,12,8
2016-08-25 15:02:39,12,8
2016-08-25 15:12:43,12,8
2016-08-25 15:22:46,12,8
2016-08-25 15:32:50,12,8
2016-08-25 15:42:54,12,8
2016-08-25 15:44:46,13,7
2016-08-25 15:49:04,13,7
2016-08-25 15:59:07,13,7
2016-08-25 16:09:11,13,7
2016-08-25 16:18:57,12,8
2016-08-25 16:29:01,12,8
2016-08-25 16:40:01,12,8
2016-08-25 16:41:04,11,9
2016-08-25 16:41:33,10,10
2016-08-25 16:43:50,9,11
2016-08-25 16:53:53,9,11
2016-08-25 17:00:03,8,12
2016-08-25 17:12:25,6,14
2016-08-25 17:33:55,5,15
2016-08-25 17:44:34,5,15
2016-08-25 17:54:39,5,15
2016-08-25 18:01:54,6,14
2016-08-25 18:08:11,6,14
2016-08-25 18:10:54,6,14
2016-08-25 18:12:02,6,14
2016-08-25 18:15:47,5,15
2016-08-25 18:25:52,5,15
2016-08-25 18:27:14,7,13
2016-08-25 18:30:09,6,14
2016-08-25 18:40:07,7,13
2016-08-25 18:40:20,7,13
2016-08-25 18:50:23,7,13
2016-08-25 19:00:27,7,13
2016-08-25 19:10:31,7,13
2016-08-25 19:20:07,7,13
2016-08-25 19:30:36,6,14
2016-08-25 19:40:41,6,14
2016-08-25 19:48:49,5,15
2016-08-25 19:58:53,5,15
2016-08-25 20:08:28,5,15
2016-08-25 20:18:31,5,15
2016-08-25 20:22:30,5,15
2016-08-25 20:32:34,5,15
2016-08-25 20:46:38,6,14
2016-08-25 20:56:41,7,13
2016-08-25 21:06:51,7,13
2016-08-25 21:13:54,6,14
2016-08-25 21:23:58,6,14
2016-08-25 21:34:02,6,14
2016-08-25 21:44:07,6,14
2016-08-25 22:04:15,6,14
2016-08-25 22:14:20,6,14
2016-08-25 22:24:25,6,14
2016-08-25 22:28:09,7,13
2016-08-25 22:48:19,7,13
2016-08-25 23:21:43,8,12
2016-08-25 23:28:08,9,11
2016-08-25 23:38:12,9,11
2016-08-25 23:48:16,9,11
2016-08-25 23:58:20,9,11
2016-08-26 00:08:24,9,11
2016-08-26 00:18:27,9,11
2016-08-26 00:38:35,9,11
2016-08-26 00:47:07,10,10
2016-08-26 00:47:28,11,9
2016-08-26 00:57:31,11,9
2016-08-26 01:07:36,11,9
2016-08-26 01:15:11,11,9
2016-08-26 01:15:13,12,8
2016-08-26 01:25:17,12,8
2016-08-26 01:35:21,12,8
2016-08-26 01:55:28,12,8
2016-08-26 02:05:32,12,8
2016-08-26 02:15:36,12,8
2016-08-26 02:25:40,12,8
2016-08-26 02:35:43,12,8
2016-08-26 02:45:47,12,8
2016-08-26 02:55:51,12,8
2016-08-26 03:05:55,12,8
2016-08-26 03:15:58,12,8
2016-08-26 03:26:02,12,8
2016-08-26 03:36:06,12,8
2016-08-26 03:38:18,11,9
2016-08-26 03:48:22,11,9
2016-08-26 03:58:26,11,9
2016-08-26 04:08:30,11,9
2016-08-26 04:15:24,11,9
2016-08-26 04:32:03,11,9
2016-08-26 04:42:07,11,9
2016-08-26 05:02:14,11,9
2016-08-26 05:12:18,11,9
2016-08-26 05:22:22,11,9
2016-08-26 05:32:26,11,9
2016-08-26 05:42:29,11,9
2016-08-26 05:44:31,12,8
2016-08-26 05:54:36,12,8
2016-08-26 06:04:40,12,8
2016-08-26 06:14:43,12,8
2016-08-26 06:24:47,12,8
2016-08-26 06:34:51,12,8
2016-08-26 06:44:55,12,8
2016-08-26 06:54:59,12,8
2016-08-26 07:02:25,13,7
2016-08-26 07:12:29,13,7
2016-08-26 07:22:33,13,7
2016-08-26 07:32:37,13,7
2016-08-26 08:02:51,13,7
2016-08-26 08:12:55,13,7
2016-08-26 08:15:43,14,6
2016-08-26 08:21:43,15,5
2016-08-26 08:31:47,15,5
2016-08-26 08:41:51,15,5
2016-08-26 08:47:06,14,5
2016-08-26 08:48:38,14,5
2016-08-26 08:51:02,14,5
2016-08-26 08:51:45,13,6
2016-08-26 09:01:49,14,6
2016-08-26 09:11:53,14,6
2016-08-26 09:21:56,14,6
2016-08-26 09:32:00,14,6
2016-08-26 09:42:04,14,6
2016-08-26 09:52:08,14,6
2016-08-26 10:02:13,14,6
2016-08-26 10:32:27,14,6
2016-08-26 10:42:30,14,6
2016-08-26 10:52:35,14,6
2016-08-26 10:58:42,13,7
2016-08-26 11:02:56,14,6
2016-08-26 11:13:00,14,6
2016-08-26 11:21:47,15,5
2016-08-26 11:41:55,15,5
2016-08-26 11:52:00,15,5
2016-08-26 12:02:33,14,6
2016-08-26 12:22:42,14,6
2016-08-26 12:32:46,14,6
2016-08-26 12:42:49,14,6
2016-08-26 12:52:53,14,6
2016-08-26 13:02:57,14,6
2016-08-26 13:08:54,13,7
2016-08-26 13:16:59,13,7
2016-08-26 13:17:37,12,8
2016-08-26 13:39:01,13,7
2016-08-26 13:42:17,12,8
2016-08-26 13:50:02,13,7
2016-08-26 14:00:06,13,7
2016-08-26 14:12:58,13,7
2016-08-26 14:24:23,11,9
2016-08-26 14:27:05,11,9
2016-08-26 14:27:13,12,8
2016-08-26 14:35:05,12,8
2016-08-26 14:35:34,11,9
2016-08-26 14:51:01,11,9
2016-08-26 14:51:46,10,10
2016-08-26 15:01:50,10,10
2016-08-26 15:11:55,10,10
2016-08-26 15:21:14,9,11
2016-08-26 15:31:19,9,11
2016-08-26 15:42:01,8,12
2016-08-26 15:52:05,8,12
2016-08-26 16:02:09,8,12
2016-08-26 16:06:21,7,13
2016-08-26 16:16:25,7,13
2016-08-26 16:19:55,7,13
2016-08-26 16:23:38,5,15
2016-08-26 16:33:43,5,15
2016-08-26 16:42:08,4,16
2016-08-26 16:52:12,4,16
2016-08-26 17:02:17,4,16
2016-08-26 17:12:22,4,16
2016-08-26 17:14:52,4,16
2016-08-26 17:15:27,3,17
2016-08-26 17:25:31,3,17
2016-08-26 18:01:09,3,17
2016-08-26 18:11:14,3,17
2016-08-26 18:21:18,3,17
2016-08-26 18:31:10,2,18
2016-08-26 18:41:57,2,18
2016-08-26 18:42:41,2,18
2016-08-26 18:52:45,2,18
2016-08-26 19:02:49,2,18
2016-08-26 19:12:53,2,18
2016-08-26 19:32:00,1,19
2016-08-26 19:42:04,1,19
2016-08-26 19:52:08,1,19
2016-08-26 19:59:02,2,18
2016-08-26 20:09:06,2,18
2016-08-26 20:19:11,2,18
2016-08-26 20:29:15,2,18
2016-08-26 20:39:18,2,18
2016-08-26 20:49:22,2,18
2016-08-26 21:13:42,3,17
2016-08-26 21:23:46,3,17
2016-08-26 21:33:49,3,17
2016-08-26 21:53:57,3,17
2016-08-26 22:04:02,3,17
2016-08-26 22:24:10,3,17
2016-08-26 22:34:15,3,17
2016-08-26 22:44:19,3,17
2016-08-26 22:54:23,3,17
2016-08-26 23:14:05,3,17
2016-08-26 23:14:32,2,18
2016-08-26 23:24:36,2,18
2016-08-26 23:34:40,2,18
2016-08-26 23:44:44,2,18
2016-08-26 23:54:48,2,18
2016-08-27 00:04:51,2,18
2016-08-27 00:14:55,2,18
2016-08-27 00:24:59,2,18
2016-08-27 00:35:03,2,18
2016-08-27 00:45:07,2,18
2016-08-27 00:55:10,2,18
2016-08-27 01:05:14,2,18
2016-08-27 01:15:18,2,18
2016-08-27 01:32:53,1,19
2016-08-27 01:42:57,1,19
2016-08-27 01:53:00,1,19
2016-08-27 02:23:12,1,19
2016-08-27 02:33:15,1,19
2016-08-27 02:43:19,1,19
2016-08-27 02:53:23,1,19
2016-08-27 03:03:27,1,19
2016-08-27 03:13:30,1,19
2016-08-27 03:23:34,1,19
2016-08-27 03:33:38,1,19
2016-08-27 03:43:42,1,19
2016-08-27 03:53:45,1,19
2016-08-27 04:03:49,1,19
2016-08-27 04:13:53,1,19
2016-08-27 04:23:38,1,19
2016-08-27 05:03:53,1,19
2016-08-27 05:13:57,1,19
2016-08-27 05:44:09,1,19
2016-08-27 06:14:20,1,19
2016-08-27 06:24:24,1,19
2016-08-27 06:34:27,1,19
2016-08-27 06:44:31,1,19
2016-08-27 08:25:15,1,19
2016-08-27 08:35:20,1,19
2016-08-27 08:45:24,1,19
2016-08-27 08:55:28,1,19
2016-08-27 08:59:09,2,18
2016-08-27 09:09:54,3,17
2016-08-27 09:19:57,3,17
2016-08-27 09:30:02,3,17
2016-08-27 09:40:07,3,17
2016-08-27 09:50:10,3,17
2016-08-27 10:00:14,3,17
2016-08-27 10:10:18,3,17
2016-08-27 10:12:40,3,17
2016-08-27 10:13:46,3,17
2016-08-27 10:15:52,2,18
2016-08-27 10:33:59,3,17
2016-08-27 10:44:04,3,17
2016-08-27 10:54:08,3,17
2016-08-27 11:04:12,3,17
2016-08-27 11:14:15,3,17
2016-08-27 11:24:19,3,17
2016-08-27 11:35:44,3,17
2016-08-27 11:46:28,2,18
2016-08-27 11:56:32,2,18
2016-08-27 12:06:36,2,18
2016-08-27 12:17:07,1,19
2016-08-27 12:37:15,1,19
2016-08-27 12:46:34,0,20
2016-08-27 12:56:38,0,20
2016-08-27 13:06:42,0,20
2016-08-27 13:16:46,0,20
2016-08-27 13:26:51,0,20
2016-08-27 13:36:56,0,20
2016-08-27 13:46:59,0,20
2016-08-27 13:57:03,0,20
2016-08-27 14:07:07,0,20
2016-08-27 14:13:22,1,19
2016-08-27 14:23:26,1,19
2016-08-27 14:33:30,1,19
2016-08-27 14:43:33,1,19
2016-08-27 14:53:37,1,19
2016-08-27 15:02:05,1,19
2016-08-27 15:02:27,0,20
2016-08-27 15:09:16,1,19
2016-08-27 15:20:39,2,18
2016-08-27 15:30:43,2,18
2016-08-27 15:33:56,3,17
2016-08-27 15:44:00,3,17
2016-08-27 15:54:04,3,17
2016-08-27 15:56:51,2,18
2016-08-27 16:06:54,2,18
2016-08-27 16:10:04,1,19
2016-08-27 16:20:08,1,19
2016-08-27 16:30:12,1,19
2016-08-27 16:40:16,1,19
2016-08-27 16:50:21,1,19
2016-08-27 17:02:09,0,20
2016-08-27 17:12:14,0,20
2016-08-27 17:22:19,0,20
2016-08-27 17:32:24,0,20
2016-08-27 17:52:31,0,20
2016-08-27 18:02:35,0,20
2016-08-27 18:12:39,0,20
2016-08-27 18:22:44,0,20
2016-08-27 18:32:48,0,20
2016-08-27 18:42:52,0,20
2016-08-27 19:03:00,0,20
2016-08-27 19:06:10,0,20
2016-08-27 19:16:17,1,19
2016-08-27 19:37:57,3,16
2016-08-27 19:48:01,3,16
2016-08-27 19:58:05,3,16
2016-08-27 20:01:26,1,18
2016-08-27 20:05:25,0,19
2016-08-27 20:13:42,0,19
2016-08-27 20:23:45,0,19
2016-08-27 20:33:51,0,19
2016-08-27 20:43:55,0,19
2016-08-27 20:53:59,0,19
2016-08-27 20:59:41,1,18
2016-08-27 21:09:46,1,18
2016-08-27 21:19:51,1,18
2016-08-27 21:29:56,1,18
2016-08-27 21:40:00,1,18
2016-08-27 21:50:04,1,18
2016-08-27 22:00:08,1,18
2016-08-27 22:10:11,2,17
2016-08-27 22:20:15,2,17
2016-08-27 22:30:19,2,17
2016-08-27 22:40:23,2,17
2016-08-27 22:44:58,1,18
2016-08-27 22:48:57,2,17
2016-08-27 22:59:01,2,17
2016-08-27 23:03:35,3,16
2016-08-27 23:13:39,3,16
2016-08-27 23:19:55,2,17
2016-08-27 23:20:14,1,18
2016-08-27 23:24:10,1,18
2016-08-27 23:34:15,1,18
2016-08-27 23:44:19,1,18
2016-08-27 23:51:43,1,18
2016-08-27 23:52:39,1,18
2016-08-28 00:02:43,1,18
2016-08-28 00:12:47,1,18
2016-08-28 00:22:51,1,18
2016-08-28 00:33:11,2,17
2016-08-28 00:33:37,0,19
2016-08-28 00:43:40,0,19
2016-08-28 00:48:45,1,18
2016-08-28 00:58:49,1,18
2016-08-28 01:37:02,2,17
2016-08-28 01:47:06,2,17
2016-08-28 01:57:09,2,17
2016-08-28 01:57:56,5,14
2016-08-28 02:07:06,5,14
2016-08-28 02:07:14,6,13
2016-08-28 02:17:18,6,13
2016-08-28 02:27:22,6,13
2016-08-28 02:38:40,6,14
2016-08-28 02:40:36,5,15
2016-08-28 02:50:41,5,15
2016-08-28 03:00:45,5,15
2016-08-28 03:03:28,6,14
2016-08-28 03:13:31,6,14
2016-08-28 03:21:09,4,15
2016-08-28 03:31:13,5,15
2016-08-28 03:51:20,5,15
2016-08-28 04:03:11,4,16
2016-08-28 04:13:15,4,16
2016-08-28 04:15:26,4,16
2016-08-28 04:23:55,4,16
2016-08-28 04:33:59,4,16
2016-08-28 04:44:03,4,16
2016-08-28 04:54:07,4,16
2016-08-28 05:03:41,5,15
2016-08-28 05:13:45,5,15
2016-08-28 05:23:49,5,15
2016-08-28 05:33:52,5,15
2016-08-28 05:43:56,5,15
2016-08-28 05:54:00,5,15
2016-08-28 06:04:05,5,15
2016-08-28 06:24:12,5,15
2016-08-28 06:34:16,5,15
2016-08-28 06:44:48,5,15
2016-08-28 06:56:09,5,15
2016-08-28 07:02:14,5,15
2016-08-28 07:12:18,5,15
2016-08-28 07:22:21,5,15
2016-08-28 07:49:56,4,16
2016-08-28 07:59:59,4,16
2016-08-28 08:10:03,4,16
2016-08-28 08:20:07,4,16
2016-08-28 08:30:11,4,16
2016-08-28 08:40:14,4,16
2016-08-28 08:50:18,4,16
2016-08-28 09:00:22,4,16
2016-08-28 09:10:26,4,16
2016-08-28 09:20:29,4,16
2016-08-28 09:30:33,4,16
2016-08-28 09:40:37,4,16
2016-08-28 09:50:41,4,16
2016-08-28 10:00:45,4,16
2016-08-28 10:10:48,4,16
2016-08-28 10:20:52,4,16
2016-08-28 10:30:56,4,16
2016-08-28 10:40:59,4,16
2016-08-28 11:01:07,4,16
2016-08-28 11:07:10,3,17
2016-08-28 11:08:42,4,16
2016-08-28 11:18:46,4,16
2016-08-28 11:28:50,4,16
2016-08-28 11:38:53,4,16
2016-08-28 11:48:58,4,16
2016-08-28 12:09:06,4,16
2016-08-28 12:19:10,4,16
2016-08-28 12:39:17,4,16
2016-08-28 12:49:22,4,16
2016-08-28 12:59:25,4,16
2016-08-28 13:09:29,4,16
2016-08-28 13:19:34,4,16
2016-08-28 13:29:38,4,16
2016-08-28 13:36:47,3,17
2016-08-28 13:46:51,3,17
2016-08-28 13:56:55,3,17
2016-08-28 14:05:09,3,17
2016-08-28 14:05:41,2,18
2016-08-28 14:25:50,2,18
2016-08-28 14:35:54,2,18
2016-08-28 14:45:59,2,18
2016-08-28 15:06:09,2,18
2016-08-28 15:16:13,2,18
2016-08-28 15:26:18,2,18
2016-08-28 15:36:21,2,18
2016-08-28 15:46:26,2,18
2016-08-28 15:56:30,2,18
2016-08-28 16:06:34,2,18
2016-08-28 16:16:37,2,18
2016-08-28 16:26:41,2,18
2016-08-28 16:36:45,2,18
2016-08-28 16:46:49,2,18
2016-08-28 16:56:44,1,19
2016-08-28 17:16:51,1,19
2016-08-28 17:17:17,2,18
2016-08-28 17:27:22,2,18
2016-08-28 17:37:26,2,18
2016-08-28 17:47:29,2,18
2016-08-28 17:57:33,2,18
2016-08-28 18:07:37,2,18
2016-08-28 18:17:41,2,18
2016-08-28 18:27:46,2,18
2016-08-28 18:37:50,2,18
2016-08-28 18:40:55,1,19
2016-08-28 18:50:59,1,19
2016-08-28 19:01:04,1,19
2016-08-28 19:11:08,1,19
2016-08-28 19:22:49,0,20
2016-08-28 19:32:53,0,20
2016-08-28 19:34:46,1,19
2016-08-28 19:42:24,1,19
2016-08-28 19:47:39,1,19
2016-08-28 19:57:43,1,19
2016-08-28 20:07:46,1,19
2016-08-28 20:17:52,1,19
2016-08-28 20:32:51,2,18
2016-08-28 20:54:25,1,19
2016-08-28 21:04:29,1,19
2016-08-28 21:07:22,2,18
2016-08-28 21:17:43,3,17
2016-08-28 21:27:47,3,17
2016-08-28 21:37:51,3,17
2016-08-28 21:47:55,3,17
2016-08-28 21:57:11,2,18
2016-08-28 22:27:22,2,18
2016-08-28 22:37:26,2,18
2016-08-28 22:44:56,3,17
2016-08-28 22:55:00,3,17
2016-08-28 23:15:11,2,18
2016-08-28 23:15:13,3,17
2016-08-28 23:25:18,3,17
2016-08-28 23:35:23,3,17
2016-08-28 23:45:27,3,17
2016-08-28 23:55:30,3,17
2016-08-29 00:05:34,3,17
2016-08-29 00:15:38,3,17
2016-08-29 00:25:41,3,17
2016-08-29 00:35:45,3,17
2016-08-29 00:45:49,3,17
2016-08-29 00:55:53,3,17
2016-08-29 01:26:06,3,17
2016-08-29 01:31:11,4,16
2016-08-29 01:41:15,4,16
2016-08-29 01:51:19,4,16
2016-08-29 02:01:23,4,16
2016-08-29 02:03:26,5,15
2016-08-29 02:13:31,5,15
2016-08-29 02:23:34,5,15
2016-08-29 02:33:39,5,15
2016-08-29 02:43:43,5,15
2016-08-29 02:53:47,5,15
2016-08-29 03:03:51,5,15
2016-08-29 03:13:55,5,15
2016-08-29 03:23:58,5,15
2016-08-29 03:34:02,5,15
2016-08-29 03:44:06,5,15
2016-08-29 03:54:10,5,15
2016-08-29 04:04:13,5,15
2016-08-29 04:14:17,5,15
2016-08-29 04:15:25,5,15
2016-08-29 04:21:23,5,15
2016-08-29 04:31:27,5,15
2016-08-29 04:41:30,5,15
2016-08-29 04:51:34,5,15
2016-08-29 05:01:37,5,15
2016-08-29 05:11:41,5,15
2016-08-29 05:21:45,5,15
2016-08-29 05:31:49,5,15
2016-08-29 05:41:53,5,15
2016-08-29 05:51:56,5,15
2016-08-29 06:02:00,5,15
2016-08-29 06:12:04,5,15
2016-08-29 06:22:08,5,15
2016-08-29 06:32:12,5,15
2016-08-29 06:42:15,5,15
2016-08-29 06:52:19,5,15
2016-08-29 07:02:23,5,15
2016-08-29 07:03:34,6,14
2016-08-29 07:13:38,6,14
2016-08-29 07:24:22,6,14
2016-08-29 07:24:44,5,15
2016-08-29 07:34:48,5,15
2016-08-29 07:44:52,5,15
2016-08-29 07:54:55,5,15
2016-08-29 08:04:59,5,15
2016-08-29 08:15:03,5,15
2016-08-29 08:35:10,5,15
2016-08-29 08:42:38,6,14
2016-08-29 09:02:46,6,14
2016-08-29 09:14:24,5,15
2016-08-29 09:24:28,5,15
2016-08-29 09:34:32,5,15
2016-08-29 09:44:35,5,15
2016-08-29 09:47:50,4,16
2016-08-29 10:07:57,4,16
2016-08-29 10:18:01,4,16
2016-08-29 10:19:47,5,15
2016-08-29 10:29:50,5,15
2016-08-29 10:39:54,5,15
2016-08-29 10:49:58,5,15
2016-08-29 11:00:02,5,15
2016-08-29 11:10:06,5,15
2016-08-29 11:16:46,6,14
2016-08-29 11:36:53,6,14
2016-08-29 12:04:26,6,14
2016-08-29 12:09:30,4,16
2016-08-29 12:19:33,3,17
2016-08-29 12:29:37,3,17
2016-08-29 12:39:41,3,17
2016-08-29 12:49:45,3,17
2016-08-29 12:59:50,3,17
2016-08-29 13:09:53,3,17
2016-08-29 13:19:37,2,18
2016-08-29 13:29:42,2,18
2016-08-29 13:35:48,1,19
2016-08-29 13:45:58,2,18
2016-08-29 13:56:03,2,18
2016-08-29 13:58:15,3,17
2016-08-29 14:08:19,3,17
2016-08-29 14:18:30,2,18
2016-08-29 14:37:49,1,19
2016-08-29 14:47:53,1,19
2016-08-29 14:57:57,1,19
2016-08-29 15:04:30,2,18
2016-08-29 15:14:34,2,18
2016-08-29 15:24:38,2,18
2016-08-29 15:28:12,1,19
2016-08-29 15:30:23,0,20
2016-08-29 15:40:27,0,20
2016-08-29 16:20:45,0,20
2016-08-29 16:28:25,1,19
2016-08-29 16:42:03,1,19
2016-08-29 16:44:27,0,20
2016-08-29 16:54:31,0,20
2016-08-29 17:05:10,0,20
2016-08-29 17:15:40,1,19
2016-08-29 17:25:44,1,19
2016-08-29 17:35:48,1,19
2016-08-29 17:37:55,0,20
2016-08-29 17:47:58,0,20
2016-08-29 17:58:02,0,20
2016-08-29 18:08:06,0,20
2016-08-29 18:16:20,1,19
2016-08-29 18:26:24,1,19
2016-08-29 18:28:57,2,18
2016-08-29 18:33:24,3,17
2016-08-29 18:37:04,2,18
2016-08-29 18:41:41,3,17
2016-08-29 18:51:43,3,17
2016-08-29 19:01:55,3,17
2016-08-29 19:11:59,3,17
2016-08-29 19:27:57,5,15
2016-08-29 19:38:01,5,15
2016-08-29 19:48:04,5,15
2016-08-29 19:58:08,5,15
2016-08-29 20:09:01,6,14
2016-08-29 20:19:05,6,14
2016-08-29 20:25:59,7,13
2016-08-29 20:36:03,7,13
2016-08-29 20:52:03,6,14
2016-08-29 21:07:21,8,12
2016-08-29 21:27:27,8,12
2016-08-29 21:57:39,8,12
2016-08-29 22:07:43,8,12
2016-08-29 22:17:46,8,12
2016-08-29 22:27:50,8,12
2016-08-29 22:37:54,8,12
2016-08-29 23:02:07,9,11
2016-08-29 23:08:07,9,11
2016-08-29 23:20:00,8,12
2016-08-29 23:30:04,8,12
2016-08-29 23:48:36,9,11
2016-08-29 23:58:40,9,11
2016-08-30 00:01:19,10,10
2016-08-30 00:11:23,10,10
2016-08-30 00:21:26,10,10
2016-08-30 00:31:30,10,10
2016-08-30 00:41:33,10,10
2016-08-30 00:51:36,10,10
2016-08-30 01:01:40,10,10
2016-08-30 01:11:43,10,10
2016-08-30 01:28:43,9,11
2016-08-30 01:38:47,9,11
2016-08-30 01:48:51,9,11
2016-08-30 02:06:10,11,9
2016-08-30 02:16:13,11,9
2016-08-30 02:26:17,11,9
2016-08-30 02:36:21,11,9
2016-08-30 02:46:24,11,9
2016-08-30 02:47:37,13,7
2016-08-30 02:51:56,12,8
2016-08-30 03:12:04,12,8
2016-08-30 03:22:08,12,8
2016-08-30 03:52:19,12,8
2016-08-30 04:02:23,12,8
2016-08-30 04:12:26,12,8
2016-08-30 04:16:15,12,8
2016-08-30 04:21:29,12,8
2016-08-30 04:31:32,12,8
2016-08-30 04:41:36,12,8
2016-08-30 04:51:40,12,8
2016-08-30 05:01:44,12,8
2016-08-30 05:11:47,12,8
2016-08-30 05:21:51,12,8
2016-08-30 05:31:55,12,8
2016-08-30 05:41:59,12,8
2016-08-30 05:52:02,12,8
2016-08-30 06:02:06,12,8
2016-08-30 06:12:10,12,8
2016-08-30 06:22:13,12,8
2016-08-30 06:52:24,12,8
2016-08-30 07:05:13,13,7
2016-08-30 07:15:17,13,7
2016-08-30 07:25:20,13,7
2016-08-30 07:35:24,13,7
2016-08-30 07:45:28,13,7
2016-08-30 07:55:32,13,7
2016-08-30 08:05:36,13,7
2016-08-30 08:15:39,13,7
2016-08-30 08:25:43,13,7
2016-08-30 08:34:21,13,7
2016-08-30 08:45:18,12,8
2016-08-30 08:47:31,11,9
2016-08-30 08:57:34,11,9
2016-08-30 09:01:55,12,8
2016-08-30 09:03:23,13,7
2016-08-30 09:13:26,13,7
2016-08-30 09:17:59,14,6
2016-08-30 09:20:12,13,7
2016-08-30 09:30:15,13,7
2016-08-30 09:39:01,12,8
2016-08-30 09:53:57,13,7
2016-08-30 10:02:04,12,8
2016-08-30 10:12:07,12,8
2016-08-30 10:19:16,11,9
2016-08-30 10:22:23,11,9
2016-08-30 10:32:45,11,9
2016-08-30 10:36:29,11,9
2016-08-30 10:37:18,11,9
2016-08-30 10:47:22,11,9
2016-08-30 10:57:26,11,9
2016-08-30 11:07:29,11,9
2016-08-30 11:21:20,12,8
2016-08-30 11:41:28,12,8
2016-08-30 11:51:32,12,8
2016-08-30 12:13:12,13,7
2016-08-30 12:37:53,13,7
2016-08-30 12:47:56,13,7
2016-08-30 13:02:03,13,7
2016-08-30 13:02:33,12,8
2016-08-30 13:08:26,11,9
2016-08-30 13:18:30,11,9
2016-08-30 13:27:13,10,10
2016-08-30 13:37:17,10,10
2016-08-30 13:42:16,11,9
2016-08-30 14:02:56,10,10
2016-08-30 14:13:00,10,10
2016-08-30 14:23:03,10,10
2016-08-30 14:39:19,11,9
2016-08-30 14:44:28,12,8
2016-08-30 14:55:27,11,9
2016-08-30 15:05:30,11,9
2016-08-30 15:15:34,11,9
2016-08-30 15:25:38,11,9
2016-08-30 15:35:42,11,9
2016-08-30 15:45:45,11,9
2016-08-30 15:47:28,12,8
2016-08-30 15:57:32,12,8
2016-08-30 15:59:30,12,8
2016-08-30 16:01:55,11,9
2016-08-30 16:11:59,11,9
2016-08-30 16:19:33,10,10
2016-08-30 16:39:39,10,10
2016-08-30 16:41:46,9,11
2016-08-30 16:51:50,9,11
2016-08-30 17:01:53,9,11
2016-08-30 17:08:21,10,10
2016-08-30 17:18:25,10,10
2016-08-30 17:41:01,9,11
2016-08-30 17:46:27,8,12
2016-08-30 17:46:49,9,11
2016-08-30 17:56:52,9,11
2016-08-30 18:06:56,9,11
2016-08-30 18:32:51,10,10
2016-08-30 18:42:54,10,10
2016-08-30 19:05:30,11,9
2016-08-30 19:15:34,11,9
2016-08-30 19:25:38,11,9
2016-08-30 19:30:49,12,8
2016-08-30 19:40:52,12,8
2016-08-30 20:07:14,11,9
2016-08-30 20:17:17,11,9
2016-08-30 20:27:21,11,9
2016-08-30 20:37:25,11,9
2016-08-30 20:47:28,11,9
2016-08-30 20:57:32,11,9
2016-08-30 21:07:36,11,9
2016-08-30 21:14:29,11,9
2016-08-30 21:22:24,12,8
2016-08-30 21:24:08,12,8
2016-08-30 21:28:07,12,8
2016-08-30 21:30:20,12,8
2016-08-30 21:30:42,11,9
2016-08-30 21:40:45,11,9
2016-08-30 21:50:49,11,9
2016-08-30 22:00:52,11,9
2016-08-30 22:11:37,10,10
2016-08-30 22:22:57,12,8
2016-08-30 22:33:01,12,8
2016-08-30 22:43:02,13,7
2016-08-30 22:53:06,13,7
2016-08-30 23:01:09,15,5
2016-08-30 23:13:50,13,7
2016-08-30 23:20:20,13,7
2016-08-30 23:29:41,15,5
2016-08-30 23:39:44,15,5
2016-08-30 23:49:48,15,5
2016-08-30 23:59:52,15,5
2016-08-31 00:09:55,15,5
2016-08-31 00:19:59,15,5
2016-08-31 00:30:03,15,5
2016-08-31 00:40:07,15,5
2016-08-31 00:46:21,13,7
2016-08-31 00:52:56,12,8
2016-08-31 01:02:59,12,8
2016-08-31 01:08:24,11,9
2016-08-31 01:09:12,10,10
2016-08-31 01:14:54,9,11
2016-08-31 01:18:25,7,13
2016-08-31 01:26:02,8,12
2016-08-31 01:46:09,8,12
2016-08-31 01:56:13,8,12
2016-08-31 02:06:17,8,12
2016-08-31 02:16:20,8,12
2016-08-31 02:26:24,8,12
2016-08-31 02:36:27,8,12
2016-08-31 02:41:34,9,11
2016-08-31 02:51:38,9,11
2016-08-31 03:01:42,9,11
2016-08-31 03:11:45,9,11
2016-08-31 03:21:49,9,11
2016-08-31 03:31:52,9,11
2016-08-31 03:52:00,9,11
2016-08-31 04:02:04,9,11
2016-08-31 04:12:07,9,11
2016-08-31 04:20:38,9,11
2016-08-31 04:30:42,9,11
2016-08-31 04:40:46,9,11
2016-08-31 04:50:50,9,11
2016-08-31 05:00:53,9,11
2016-08-31 05:10:57,9,11
2016-08-31 05:21:01,9,11
2016-08-31 05:31:05,9,11
2016-08-31 05:41:08,9,11
2016-08-31 05:51:12,9,11
2016-08-31 06:01:16,9,11
2016-08-31 06:11:20,9,11
2016-08-31 06:21:23,9,11
2016-08-31 06:31:27,9,11
2016-08-31 06:41:31,9,11
2016-08-31 06:51:34,9,11
2016-08-31 07:01:38,9,11
2016-08-31 07:11:42,9,11
2016-08-31 07:21:45,9,11
2016-08-31 07:31:48,9,11
2016-08-31 07:41:52,9,11
2016-08-31 07:51:56,9,11
2016-08-31 07:59:02,10,10
2016-08-31 08:17:31,9,11
2016-08-31 08:23:41,10,10
2016-08-31 08:33:44,10,10
2016-08-31 08:53:51,10,10
2016-08-31 09:03:55,10,10
2016-08-31 09:08:49,9,11
2016-08-31 09:12:20,9,11
2016-08-31 09:20:34,8,12
2016-08-31 09:23:03,7,13
2016-08-31 09:29:09,6,14
2016-08-31 09:36:45,6,14
2016-08-31 09:38:59,5,15
2016-08-31 09:49:02,5,15
2016-08-31 10:18:03,5,15
2016-08-31 10:28:07,5,15
2016-08-31 10:38:11,5,15
2016-08-31 10:48:15,5,15
2016-08-31 11:00:49,4,16
2016-08-31 11:02:01,2,18
2016-08-31 11:12:05,2,18
2016-08-31 11:22:08,2,18
2016-08-31 11:28:43,1,19
2016-08-31 11:38:22,0,20
2016-08-31 11:48:25,0,20
2016-08-31 11:58:29,0,20
2016-08-31 12:08:33,0,20
2016-08-31 12:18:37,0,20
2016-08-31 12:28:41,0,20
2016-08-31 12:38:44,0,20
2016-08-31 12:48:48,0,20
2016-08-31 12:58:52,0,20
2016-08-31 13:08:56,0,20
2016-08-31 13:13:43,1,19
2016-08-31 13:24:00,3,17
2016-08-31 13:28:45,4,16
2016-08-31 13:38:48,4,16
2016-08-31 13:48:51,4,16
2016-08-31 13:58:55,4,16
2016-08-31 14:00:44,3,17
2016-08-31 14:08:04,2,18
2016-08-31 14:18:07,2,18
2016-08-31 14:37:05,1,19
2016-08-31 14:47:09,1,19
2016-08-31 14:48:47,0,20
2016-08-31 14:58:51,0,20
2016-08-31 15:08:55,0,20
2016-08-31 15:15:11,1,19
2016-08-31 15:15:13,0,20
2016-08-31 15:25:16,0,20
2016-08-31 15:30:49,1,19
2016-08-31 15:32:18,2,18
2016-08-31 15:38:56,2,18
2016-08-31 15:39:20,1,19
2016-08-31 15:49:24,1,19
2016-08-31 15:51:35,2,18
2016-08-31 16:01:38,2,18
2016-08-31 16:08:22,1,19
2016-08-31 16:26:13,0,20
2016-08-31 16:36:17,0,20
2016-08-31 16:56:34,1,19
2016-08-31 17:02:26,2,18
2016-08-31 17:12:58,3,17
2016-08-31 17:23:02,3,17
2016-08-31 17:28:24,5,15
2016-08-31 17:39:12,5,15
2016-08-31 17:49:47,4,16
2016-08-31 18:04:57,3,17
2016-08-31 18:06:56,2,18
2016-08-31 18:08:06,1,19
2016-08-31 18:12:14,2,18
2016-08-31 18:22:18,2,18
2016-08-31 18:29:50,4,16
2016-08-31 18:39:54,4,16
2016-08-31 18:49:57,4,16
2016-08-31 18:58:56,5,15
2016-08-31 19:08:51,6,14
2016-08-31 19:11:44,5,15
2016-08-31 19:18:35,7,13
2016-08-31 19:32:41,7,13
2016-08-31 19:42:59,4,16
2016-08-31 19:53:03,4,16
2016-08-31 19:54:55,5,15
2016-08-31 19:56:51,4,16
2016-08-31 20:12:54,3,17
2016-08-31 20:24:41,4,16
2016-08-31 20:26:19,4,16
2016-08-31 20:27:49,3,17
2016-08-31 20:42:21,2,18
2016-08-31 20:52:25,2,18
2016-08-31 21:02:29,2,18
2016-08-31 21:12:32,2,18
2016-08-31 21:20:51,2,18
2016-08-31 21:21:24,1,19
2016-08-31 21:31:28,1,19
2016-08-31 21:36:53,1,19
2016-08-31 21:46:57,1,19
2016-08-31 21:57:00,1,19
2016-08-31 22:07:06,1,19
2016-08-31 22:17:09,1,19
2016-08-31 22:27:13,1,19
2016-08-31 22:37:17,1,19
2016-08-31 22:47:20,1,19
2016-08-31 22:59:40,2,18
2016-08-31 23:09:43,2,18
2016-08-31 23:17:50,3,17
2016-08-31 23:27:53,3,17
2016-08-31 23:37:49,6,14
2016-08-31 23:47:52,6,14
2016-08-31 23:57:56,6,14
2016-09-01 00:08:00,6,14
2016-09-01 00:15:51,7,13
2016-09-01 00:25:54,7,13
2016-09-01 00:35:58,7,13
2016-09-01 00:46:02,7,13
2016-09-01 00:56:05,7,13
2016-09-01 01:06:09,7,13
2016-09-01 01:16:13,7,13
2016-09-01 01:26:17,7,13
2016-09-01 01:31:36,9,11
2016-09-01 01:41:39,9,11
2016-09-01 01:51:43,9,11
2016-09-01 02:01:47,9,11
2016-09-01 02:11:51,9,11
2016-09-01 02:21:54,9,11
2016-09-01 02:31:58,9,11
2016-09-01 02:42:01,9,11
2016-09-01 02:52:04,9,11
2016-09-01 03:02:08,9,11
2016-09-01 03:12:12,9,11
2016-09-01 03:22:16,9,11
2016-09-01 03:32:19,9,11
2016-09-01 03:42:23,9,11
2016-09-01 03:52:26,9,11
2016-09-01 04:02:30,9,11
2016-09-01 04:12:34,9,11
2016-09-01 04:21:59,9,11
2016-09-01 04:26:00,9,11
2016-09-01 04:36:04,9,11
2016-09-01 04:46:08,9,11
2016-09-01 04:56:11,9,11
2016-09-01 05:06:15,9,11
2016-09-01 05:16:19,9,11
2016-09-01 05:26:23,9,11
2016-09-01 05:36:27,9,11
2016-09-01 05:46:30,9,11
2016-09-01 05:56:34,9,11
2016-09-01 06:06:38,9,11
2016-09-01 06:16:42,9,11
2016-09-01 06:21:54,10,10
2016-09-01 06:31:57,10,10
2016-09-01 06:42:01,10,10
2016-09-01 06:52:05,10,10
2016-09-01 07:02:08,10,10
2016-09-01 07:22:16,10,10
2016-09-01 07:30:36,9,11
2016-09-01 07:40:40,9,11
2016-09-01 07:53:14,10,10
2016-09-01 08:03:17,10,10
2016-09-01 08:20:46,11,9
2016-09-01 08:25:10,12,8
2016-09-01 08:28:54,12,8
2016-09-01 08:38:56,12,8
2016-09-01 08:44:13,13,7
2016-09-01 08:50:36,14,6
2016-09-01 08:55:04,15,5
2016-09-01 09:08:41,13,7
2016-09-01 09:21:07,13,7
2016-09-01 09:21:12,12,8
2016-09-01 09:41:08,12,8
2016-09-01 09:41:29,11,9
2016-09-01 09:51:32,11,9
2016-09-01 10:01:36,11,9
2016-09-01 10:11:39,11,9
2016-09-01 10:21:42,11,9
2016-09-01 10:27:45,12,8
2016-09-01 10:37:49,12,8
2016-09-01 10:53:54,12,8
2016-09-01 11:01:57,12,8
2016-09-01 11:08:49,11,8
2016-09-01 11:18:53,11,8
2016-09-01 11:27:03,11,8
2016-09-01 11:27:46,10,9
2016-09-01 11:37:50,10,9
2016-09-01 11:47:53,10,9
2016-09-01 11:53:14,11,8
2016-09-01 11:58:56,11,8
2016-09-01 11:59:21,10,9
2016-09-01 12:09:25,10,9
2016-09-01 12:19:29,10,9
2016-09-01 12:25:08,9,10
2016-09-01 12:35:12,9,10
2016-09-01 12:44:49,10,9
2016-09-01 12:54:52,10,9
2016-09-01 13:04:56,10,9
2016-09-01 13:17:08,8,11
2016-09-01 13:29:18,7,12
2016-09-01 13:39:21,7,12
2016-09-01 13:49:25,7,12
2016-09-01 14:17:11,7,12
2016-09-01 14:26:58,6,13
2016-09-01 14:27:29,5,14
2016-09-01 14:35:12,5,14
2016-09-01 14:35:14,4,15
2016-09-01 14:45:18,4,15
2016-09-01 14:54:20,5,14
2016-09-01 15:04:24,5,14
2016-09-01 15:14:28,5,14
2016-09-01 15:24:31,5,14
2016-09-01 15:34:34,5,14
2016-09-01 15:44:38,5,14
2016-09-01 15:46:53,6,13
2016-09-01 15:56:56,6,13
2016-09-01 16:04:35,7,12
2016-09-01 16:14:39,7,12
2016-09-01 16:16:43,6,13
2016-09-01 16:19:51,7,12
2016-09-01 16:30:57,7,12
2016-09-01 16:31:42,6,13
2016-09-01 16:42:37,5,14
2016-09-01 16:46:26,5,14
2016-09-01 16:56:29,5,14
2016-09-01 17:06:33,5,14
2016-09-01 17:16:37,5,14
2016-09-01 17:26:40,5,14
2016-09-01 17:36:11,6,13
2016-09-01 17:38:30,5,14
2016-09-01 17:48:34,5,14
2016-09-01 17:56:40,4,15
2016-09-01 18:06:43,4,15
2016-09-01 18:13:12,3,16
2016-09-01 18:16:44,1,18
2016-09-01 18:27:10,2,17
2016-09-01 18:27:47,2,17
2016-09-01 18:37:51,2,17
2016-09-01 18:47:55,2,17
2016-09-01 18:57:59,2,17
2016-09-01 19:00:56,2,17
2016-09-01 19:03:00,1,18
2016-09-01 19:03:26,0,19
2016-09-01 19:13:30,0,19
2016-09-01 19:26:06,2,17
2016-09-01 19:31:20,1,18
2016-09-01 19:41:23,1,18
2016-09-01 20:00:13,3,16
2016-09-01 20:10:17,3,16
2016-09-01 20:11:27,4,15
2016-09-01 20:21:31,4,15
2016-09-01 20:31:34,4,15
2016-09-01 20:42:12,5,14
2016-09-01 20:51:48,6,13
2016-09-01 20:55:11,6,13
2016-09-01 21:07:09,5,14
2016-09-01 21:27:17,5,14
2016-09-01 21:37:20,5,14
2016-09-01 21:40:24,4,15
2016-09-01 21:50:28,4,15
2016-09-01 22:00:31,4,15
2016-09-01 22:10:35,4,15
2016-09-01 22:20:38,4,15
2016-09-01 22:30:42,4,15
2016-09-01 22:40:45,4,15
2016-09-01 22:50:49,4,15
2016-09-01 23:00:53,4,15
2016-09-01 23:11:00,5,14
2016-09-01 23:21:03,5,14
2016-09-01 23:33:45,6,13
2016-09-01 23:43:48,6,13
2016-09-01 23:53:52,6,13
2016-09-02 00:03:55,6,13
2016-09-02 00:14:00,6,13
2016-09-02 00:14:30,7,12
2016-09-02 00:24:33,7,12
2016-09-02 00:33:45,6,13
2016-09-02 00:43:48,6,13
2016-09-02 01:03:54,6,13
2016-09-02 01:11:47,9,10
2016-09-02 01:20:57,11,8
2016-09-02 01:41:04,11,8
2016-09-02 01:59:40,12,7
2016-09-02 02:09:33,15,4
2016-09-02 02:11:31,17,2
2016-09-02 02:21:35,17,2
2016-09-02 02:31:38,17,2
2016-09-02 02:41:42,17,2
2016-09-02 02:49:49,18,1
2016-09-02 03:33:13,19,0
2016-09-02 03:43:16,19,0
2016-09-02 03:53:20,19,0
2016-09-02 04:03:23,19,0
2016-09-02 04:13:27,19,0
2016-09-02 04:20:29,19,0
2016-09-02 04:30:32,19,0
2016-09-02 04:40:37,19,0
2016-09-02 04:50:41,19,0
2016-09-02 05:00:44,19,0
2016-09-02 05:10:48,19,0
2016-09-02 05:20:52,19,0
2016-09-02 05:30:56,19,0
2016-09-02 05:40:59,19,0
2016-09-02 05:51:03,19,0
2016-09-02 05:56:53,19,0
2016-09-02 05:58:03,17,1
2016-09-02 06:08:06,18,1
2016-09-02 06:18:10,18,1
2016-09-02 06:38:17,18,1
2016-09-02 06:47:40,19,0
2016-09-02 06:57:44,19,0
2016-09-02 07:07:47,19,0
2016-09-02 07:17:51,19,0
2016-09-02 07:27:54,19,0
2016-09-02 07:30:50,18,1
2016-09-02 07:40:53,18,1
2016-09-02 07:48:14,17,2
2016-09-02 07:58:17,17,2
2016-09-02 08:03:55,16,3
2016-09-02 08:13:58,16,3
2016-09-02 08:22:25,17,2
2016-09-02 08:24:35,18,1
2016-09-02 08:31:49,17,2
2016-09-02 08:41:52,17,2
2016-09-02 08:48:13,18,1
2016-09-02 09:04:17,17,2
2016-09-02 09:12:01,19,0
2016-09-02 09:20:16,18,1
2016-09-02 09:21:54,17,2
2016-09-02 09:26:28,17,3
2016-09-02 09:36:31,17,3
2016-09-02 09:46:35,17,3
2016-09-02 09:48:40,18,2
2016-09-02 09:58:44,18,2
2016-09-02 10:08:48,18,2
2016-09-02 10:15:41,17,3
2016-09-02 10:35:48,17,3
2016-09-02 10:45:52,17,3
2016-09-02 10:55:56,17,3
2016-09-02 11:02:58,17,3
2016-09-02 11:03:29,16,4
2016-09-02 11:13:31,16,4
2016-09-02 11:23:35,16,4
2016-09-02 11:29:11,15,5
2016-09-02 11:42:47,16,4
2016-09-02 11:50:35,15,5
2016-09-02 11:52:59,16,4
2016-09-02 12:03:03,16,4
2016-09-02 12:08:55,16,4
2016-09-02 12:09:33,15,5
2016-09-02 12:19:36,15,5
2016-09-02 12:25:07,14,6
2016-09-02 12:35:11,14,6
2016-09-02 12:45:15,14,6
2016-09-02 13:05:22,14,6
2016-09-02 13:15:26,14,6
2016-09-02 13:42:09,13,7
2016-09-02 13:51:17,14,6
2016-09-02 14:01:21,14,6
2016-09-02 14:09:52,15,5
2016-09-02 14:19:56,15,5
2016-09-02 14:42:25,13,7
2016-09-02 14:52:29,13,7
2016-09-02 15:02:03,14,6
2016-09-02 15:12:07,14,6
2016-09-02 15:22:11,14,6
2016-09-02 15:31:53,13,7
2016-09-02 15:59:03,11,9
2016-09-02 16:09:07,11,9
2016-09-02 16:10:48,12,8
2016-09-02 16:20:52,12,8
2016-09-02 16:30:57,12,8
2016-09-02 16:34:54,12,8
2016-09-02 16:37:08,11,9
2016-09-02 16:37:32,10,10
2016-09-02 16:47:35,10,10
2016-09-02 16:52:40,9,11
2016-09-02 17:13:57,9,11
2016-09-02 17:28:59,9,11
2016-09-02 17:31:24,9,11
2016-09-02 17:42:49,10,10
2016-09-02 17:50:05,8,12
2016-09-02 18:06:53,9,10
2016-09-02 18:08:09,10,10
2016-09-02 18:10:33,12,8
2016-09-02 18:18:49,12,8
2016-09-02 18:19:24,11,9
2016-09-02 18:23:13,10,10
2016-09-02 18:26:08,10,10
2016-09-02 18:27:16,11,9
2016-09-02 18:37:17,12,8
2016-09-02 18:47:20,12,8
2016-09-02 18:57:24,12,8
2016-09-02 19:07:28,12,8
2016-09-02 19:17:32,12,8
2016-09-02 19:26:19,12,7
2016-09-02 19:27:40,14,6
2016-09-02 19:30:48,14,6
2016-09-02 19:32:56,14,6
2016-09-02 19:33:33,13,7
2016-09-02 19:43:36,13,7
2016-09-02 19:47:51,12,8
2016-09-02 19:57:54,12,8
2016-09-02 20:18:02,12,8
2016-09-02 20:23:07,11,9
2016-09-02 20:33:10,11,9
2016-09-02 20:49:30,10,10
2016-09-02 20:59:33,10,10
2016-09-02 21:08:11,9,11
2016-09-02 21:20:18,8,12
2016-09-02 21:30:22,8,12
2016-09-02 21:40:25,8,12
2016-09-02 21:54:44,7,13
2016-09-02 21:55:30,6,14
2016-09-02 22:00:34,6,14
2016-09-02 22:03:03,7,13
2016-09-02 22:13:06,7,13
2016-09-02 22:22:56,7,13
2016-09-02 22:24:32,7,13
2016-09-02 22:27:03,5,15
2016-09-02 22:28:22,4,16
2016-09-02 22:39:02,4,16
2016-09-02 22:40:33,2,18
2016-09-02 22:42:12,3,17
2016-09-02 23:00:37,4,16
2016-09-02 23:10:41,4,16
2016-09-02 23:20:44,4,16
2016-09-02 23:30:48,4,16
2016-09-02 23:35:56,4,16
2016-09-02 23:38:53,4,16
2016-09-02 23:39:36,3,17
2016-09-02 23:41:18,4,16
2016-09-02 23:51:21,4,16
2016-09-02 23:59:08,5,15
2016-09-03 00:08:55,2,17
2016-09-03 00:13:07,4,15
2016-09-03 00:13:51,2,17
2016-09-03 00:23:54,3,17
2016-09-03 00:38:53,4,16
2016-09-03 00:48:56,4,16
2016-09-03 00:59:00,4,16
2016-09-03 01:03:34,3,17
2016-09-03 01:13:37,3,17
2016-09-03 01:17:10,2,18
2016-09-03 01:18:43,1,19
2016-09-03 01:28:46,1,19
2016-09-03 01:48:54,1,19
2016-09-03 01:58:58,1,19
2016-09-03 02:09:02,1,19
2016-09-03 02:29:09,1,19
2016-09-03 02:39:12,1,19
2016-09-03 02:49:15,1,19
2016-09-03 02:59:19,1,19
2016-09-03 03:09:23,1,19
2016-09-03 03:11:51,3,17
2016-09-03 03:21:54,3,17
2016-09-03 03:53:06,3,16
2016-09-03 03:53:46,5,15
2016-09-03 04:05:07,4,16
2016-09-03 04:15:56,4,16
2016-09-03 04:21:30,4,16
2016-09-03 04:34:21,8,11
2016-09-03 04:35:48,9,10
2016-09-03 04:37:10,10,10
2016-09-03 04:45:46,11,9
2016-09-03 04:55:50,11,9
2016-09-03 05:05:53,11,9
2016-09-03 05:15:57,11,9
2016-09-03 05:26:01,11,9
2016-09-03 05:36:05,11,9
2016-09-03 05:42:21,11,9
2016-09-03 05:42:46,10,10
2016-09-03 05:52:48,10,10
2016-09-03 06:02:52,10,10
2016-09-03 06:12:56,10,10
2016-09-03 06:23:00,10,10
2016-09-03 06:39:11,11,9
2016-09-03 06:49:14,11,9
2016-09-03 06:59:18,11,9
2016-09-03 07:09:22,11,9
2016-09-03 07:19:26,11,9
2016-09-03 07:23:48,10,10
2016-09-03 07:33:51,10,10
2016-09-03 07:43:54,10,10
2016-09-03 07:53:58,10,10
2016-09-03 08:04:01,10,10
2016-09-03 08:13:40,11,9
2016-09-03 08:23:45,11,9
2016-09-03 08:33:49,11,9
2016-09-03 08:52:28,13,7
2016-09-03 08:58:46,14,6
2016-09-03 09:08:50,14,6
2016-09-03 09:18:54,14,6
2016-09-03 09:28:57,14,6
2016-09-03 09:39:01,14,6
2016-09-03 09:49:05,14,6
2016-09-03 10:09:12,14,6
2016-09-03 10:19:16,14,6
2016-09-03 10:29:20,14,6
2016-09-03 10:39:24,14,6
2016-09-03 10:49:27,14,6
2016-09-03 10:59:31,14,6
2016-09-03 11:15:15,13,7
2016-09-03 11:22:30,14,6
2016-09-03 11:32:34,14,6
2016-09-03 11:39:40,13,7
2016-09-03 12:00:24,12,8
2016-09-03 12:10:27,12,8
2016-09-03 12:30:35,12,8
2016-09-03 12:46:02,11,9
2016-09-03 12:51:46,12,8
2016-09-03 12:59:37,11,9
2016-09-03 13:09:56,12,8
2016-09-03 13:10:28,11,9
2016-09-03 13:20:31,11,9
2016-09-03 13:30:35,11,9
2016-09-03 13:48:15,9,11
2016-09-03 13:58:18,9,11
2016-09-03 14:17:11,7,13
2016-09-03 14:27:56,6,14
2016-09-03 14:38:00,6,14
2016-09-03 14:48:04,6,14
2016-09-03 14:49:41,4,15
2016-09-03 14:59:45,5,15
2016-09-03 15:09:48,5,15
2016-09-03 15:18:41,6,14
2016-09-03 15:24:08,6,14
2016-09-03 15:32:39,6,14
2016-09-03 15:50:13,5,14
2016-09-03 16:10:29,6,14
2016-09-03 16:20:17,8,12
2016-09-03 16:30:21,8,12
2016-09-03 16:40:25,8,12
2016-09-03 16:51:19,7,13
2016-09-03 17:03:33,8,12
2016-09-03 17:07:35,7,13
2016-09-03 17:16:41,9,11
2016-09-03 17:46:52,9,11
2016-09-03 17:56:55,9,11
2016-09-03 18:04:14,11,9
2016-09-03 18:06:11,11,9
2016-09-03 18:10:04,12,8
2016-09-03 18:13:37,11,9
2016-09-03 18:34:00,11,9
2016-09-03 18:44:04,11,9
2016-09-03 18:51:32,10,10
2016-09-03 19:01:35,10,10
2016-09-03 19:15:13,9,11
2016-09-03 19:42:08,8,12
2016-09-03 19:52:11,8,12
2016-09-03 19:56:10,6,14
2016-09-03 20:12:00,7,13
2016-09-03 20:15:19,6,14
2016-09-03 20:25:23,6,14
2016-09-03 20:32:30,5,15
2016-09-03 20:42:34,5,15
2016-09-03 20:52:37,5,15
2016-09-03 20:56:11,7,13
2016-09-03 21:04:01,7,13
2016-09-03 21:05:45,9,11
2016-09-03 21:15:49,9,11
2016-09-03 21:25:52,9,11
2016-09-03 21:35:56,9,11
2016-09-03 21:56:03,9,11
2016-09-03 22:06:07,9,11
2016-09-03 22:16:11,9,11
2016-09-03 22:25:09,8,12
2016-09-03 22:35:12,8,12
2016-09-03 22:45:16,8,12
2016-09-03 22:47:30,9,11
2016-09-03 22:57:33,9,11
2016-09-03 23:07:36,9,11
2016-09-03 23:17:40,9,11
2016-09-03 23:27:44,9,11
2016-09-03 23:37:48,9,11
2016-09-03 23:47:51,9,11
2016-09-03 23:57:55,9,11
2016-09-04 00:07:59,9,11
2016-09-04 00:10:38,11,9
2016-09-04 00:28:24,11,9
2016-09-04 00:33:17,10,10
2016-09-04 00:45:15,11,9
2016-09-04 00:55:19,11,9
2016-09-04 01:05:23,11,9
2016-09-04 01:15:26,11,9
2016-09-04 01:58:43,14,6
2016-09-04 02:08:46,14,6
2016-09-04 02:18:50,14,6
2016-09-04 02:28:53,14,6
2016-09-04 02:38:58,14,6
2016-09-04 02:49:02,14,6
2016-09-04 03:09:09,14,6
2016-09-04 03:15:46,15,5
2016-09-04 03:45:57,15,5
2016-09-04 03:57:31,15,5
2016-09-04 04:04:09,16,4
2016-09-04 04:09:48,15,5
2016-09-04 04:29:44,15,5
2016-09-04 04:39:47,15,5
2016-09-04 04:47:30,17,3
2016-09-04 04:57:33,17,3
2016-09-04 05:04:28,20,0
2016-09-04 05:14:31,20,0
2016-09-04 05:24:35,20,0
2016-09-04 05:34:39,20,0
2016-09-04 05:44:43,20,0
2016-09-04 05:54:46,20,0
2016-09-04 06:04:50,20,0
2016-09-04 06:14:53,20,0
2016-09-04 06:24:56,20,0
2016-09-04 06:35:00,20,0
2016-09-04 06:45:04,20,0
2016-09-04 06:55:08,20,0
2016-09-04 07:05:11,20,0
2016-09-04 07:15:15,20,0
2016-09-04 07:25:19,20,0
2016-09-04 07:35:23,20,0
2016-09-04 07:45:26,20,0
2016-09-04 07:55:30,20,0
2016-09-04 08:05:33,20,0
2016-09-04 08:15:36,20,0
2016-09-04 08:35:43,20,0
2016-09-04 08:45:47,20,0
2016-09-04 09:05:55,20,0
2016-09-04 09:15:58,20,0
2016-09-04 09:25:57,20,0
2016-09-04 09:56:07,20,0
2016-09-04 10:06:11,20,0
2016-09-04 10:16:15,20,0
2016-09-04 10:27:39,19,1
2016-09-04 10:35:55,20,0
2016-09-04 10:45:58,20,0
2016-09-04 10:56:02,20,0
2016-09-04 11:06:05,20,0
2016-09-04 11:16:09,20,0
2016-09-04 11:26:13,20,0
2016-09-04 11:36:16,20,0
2016-09-04 11:46:20,20,0
2016-09-04 11:50:19,20,0
2016-09-04 11:51:04,20,0
2016-09-04 12:01:07,20,0
2016-09-04 12:21:15,20,0
2016-09-04 12:31:19,20,0
2016-09-04 12:36:06,20,0
2016-09-04 12:46:10,20,0
2016-09-04 12:56:13,20,0
2016-09-04 12:59:55,20,0
2016-09-04 13:09:58,20,0
2016-09-04 13:20:02,20,0
2016-09-04 13:30:05,20,0
2016-09-04 13:47:40,19,1
2016-09-04 13:57:43,19,1
2016-09-04 14:07:47,19,1
2016-09-04 14:17:50,19,1
2016-09-04 14:27:53,19,1
2016-09-04 14:37:51,20,0
2016-09-04 14:47:55,20,0
2016-09-04 14:57:58,20,0
2016-09-04 15:08:02,20,0
2016-09-04 15:18:05,20,0
2016-09-04 15:28:11,20,0
2016-09-04 15:29:16,18,2
2016-09-04 15:39:19,18,2
2016-09-04 15:48:34,20,0
2016-09-04 16:09:11,19,1
2016-09-04 16:27:02,20,0
2016-09-04 16:47:10,20,0
2016-09-04 16:57:13,20,0
2016-09-04 17:07:17,20,0
2016-09-04 17:11:37,19,1
2016-09-04 17:21:40,19,1
2016-09-04 17:32:10,19,1
2016-09-04 17:34:20,17,3
2016-09-04 17:51:48,16,4
2016-09-04 18:01:51,16,4
2016-09-04 18:11:54,16,4
2016-09-04 18:21:58,16,4
2016-09-04 18:32:01,16,4
2016-09-04 18:43:46,15,5
2016-09-04 18:46:29,16,4
2016-09-04 18:50:30,17,3
2016-09-04 19:00:33,17,3
2016-09-04 19:07:29,17,3
2016-09-04 19:27:02,17,3
2016-09-04 19:37:06,17,3
2016-09-04 19:47:08,17,3
2016-09-04 20:14:36,18,2
2016-09-04 20:23:39,17,3
2016-09-04 20:33:42,17,3
2016-09-04 20:43:46,17,3
2016-09-04 20:53:50,17,3
2016-09-04 21:44:24,17,3
2016-09-04 21:54:28,17,3
2016-09-04 22:14:35,17,3
2016-09-04 22:25:45,18,2
2016-09-04 22:35:48,18,2
2016-09-04 22:45:52,18,2
2016-09-04 22:55:56,18,2
2016-09-04 23:05:59,18,2
2016-09-04 23:16:03,18,2
2016-09-04 23:26:07,18,2
2016-09-04 23:36:11,18,2
2016-09-04 23:46:14,18,2
2016-09-04 23:56:18,18,2
2016-09-05 00:06:22,18,2
2016-09-05 01:09:45,19,1
2016-09-05 01:12:13,20,0
2016-09-05 01:32:20,20,0
2016-09-05 02:12:35,20,0
2016-09-05 02:52:50,20,0
2016-09-05 03:43:08,20,0
2016-09-05 03:53:12,20,0
2016-09-05 04:13:20,20,0
2016-09-05 04:22:03,20,0
2016-09-05 04:34:49,20,0
2016-09-05 04:44:53,20,0
2016-09-05 04:54:57,20,0
2016-09-05 05:05:00,20,0
2016-09-05 05:15:04,20,0
2016-09-05 05:25:08,20,0
2016-09-05 05:35:11,20,0
2016-09-05 05:45:15,20,0
2016-09-05 05:55:21,20,0
2016-09-05 06:05:25,20,0
2016-09-05 06:15:29,20,0
2016-09-05 06:25:33,20,0
2016-09-05 06:35:36,20,0
2016-09-05 06:45:40,20,0
2016-09-05 06:54:59,19,1
2016-09-05 07:05:03,19,1
2016-09-05 07:15:06,19,1
2016-09-05 07:35:12,19,1
2016-09-05 07:45:15,19,1
2016-09-05 07:51:03,18,2
2016-09-05 08:02:42,18,2
2016-09-05 08:05:18,19,1
2016-09-05 08:23:33,20,0
2016-09-05 08:25:15,19,1
2016-09-05 08:27:04,20,0
2016-09-05 08:43:13,19,1
2016-09-05 08:46:06,18,2
2016-09-05 09:14:42,19,1
2016-09-05 09:17:56,20,0
2016-09-05 09:28:00,20,0
2016-09-05 09:38:03,20,0
2016-09-05 09:40:50,19,1
2016-09-05 09:45:32,18,2
2016-09-05 09:48:21,17,3
2016-09-05 09:51:35,16,4
2016-09-05 10:01:38,16,4
2016-09-05 10:04:46,17,3
2016-09-05 10:13:13,16,4
2016-09-05 10:15:14,17,3
2016-09-05 10:26:03,17,3
2016-09-05 10:46:42,16,4
2016-09-05 10:56:46,16,4
2016-09-05 11:09:44,15,5
2016-09-05 11:19:48,15,5
2016-09-05 11:29:52,15,5
2016-09-05 11:37:18,14,6
2016-09-05 11:47:21,14,6
2016-09-05 11:53:26,13,7
2016-09-05 12:02:07,12,8
2016-09-05 12:13:53,12,8
2016-09-05 12:15:51,11,9
2016-09-05 12:35:57,11,9
2016-09-05 12:57:36,11,9
2016-09-05 13:21:31,13,7
2016-09-05 13:32:13,12,8
2016-09-05 13:39:14,11,9
2016-09-05 13:42:29,10,10
2016-09-05 13:52:49,11,9
2016-09-05 14:02:52,11,9
2016-09-05 14:11:37,12,8
2016-09-05 14:21:41,12,8
2016-09-05 14:31:45,12,8
2016-09-05 14:41:48,12,8
2016-09-05 14:47:27,13,7
2016-09-05 14:57:30,13,7
2016-09-05 15:01:07,12,8
2016-09-05 15:18:14,12,8
2016-09-05 15:19:35,11,9
2016-09-05 15:26:58,12,8
2016-09-05 15:38:11,12,8
2016-09-05 15:39:43,12,8
2016-09-05 15:49:47,12,8
2016-09-05 16:00:09,13,7
2016-09-05 16:06:22,14,6
2016-09-05 16:07:35,12,8
2016-09-05 16:09:24,11,9
2016-09-05 16:13:14,12,8
2016-09-05 16:17:03,11,9
2016-09-05 16:23:58,10,10
2016-09-05 16:40:17,8,12
2016-09-05 16:46:18,7,13
2016-09-05 16:51:56,8,12
2016-09-05 16:57:54,10,10
2016-09-05 17:00:11,9,11
2016-09-05 17:11:19,9,11
2016-09-05 17:34:11,15,5
2016-09-05 17:40:04,13,7
2016-09-05 17:50:08,13,7
2016-09-05 17:51:00,12,8
2016-09-05 17:58:13,12,8
2016-09-05 17:59:27,10,10
2016-09-05 18:08:13,11,9
2016-09-05 18:09:43,8,12
2016-09-05 18:12:47,9,11
2016-09-05 18:15:18,8,12
2016-09-05 18:17:26,7,13
2016-09-05 18:27:30,7,13
2016-09-05 18:37:34,7,13
2016-09-05 18:42:21,8,12
2016-09-05 18:52:27,9,11
2016-09-05 19:02:31,9,11
2016-09-05 19:18:20,8,12
2016-09-05 19:33:08,9,11
2016-09-05 19:43:12,9,11
2016-09-05 19:53:16,9,11
2016-09-05 20:07:19,11,9
2016-09-05 20:17:23,11,9
2016-09-05 20:19:24,10,10
2016-09-05 20:26:41,11,9
2016-09-05 20:36:44,11,9
2016-09-05 20:39:47,10,10
2016-09-05 20:49:51,10,10
2016-09-05 20:55:33,11,9
2016-09-05 21:15:46,13,7
2016-09-05 21:25:49,13,7
2016-09-05 21:35:53,13,7
2016-09-05 21:45:57,13,7
2016-09-05 21:56:02,13,7
2016-09-05 22:24:29,14,6
2016-09-05 22:34:33,14,6
2016-09-05 22:38:00,13,7
2016-09-05 22:43:08,12,8
2016-09-05 23:02:06,12,8
2016-09-05 23:12:58,13,7
2016-09-05 23:15:50,13,7
2016-09-05 23:19:34,12,8
2016-09-05 23:27:54,11,9
2016-09-05 23:37:58,11,9
2016-09-05 23:48:02,11,9
2016-09-05 23:51:27,10,10
2016-09-06 00:01:31,10,10
2016-09-06 00:11:35,10,10
2016-09-06 00:21:39,10,10
2016-09-06 00:31:43,10,10
2016-09-06 00:41:47,10,10
2016-09-06 00:51:50,10,10
2016-09-06 01:01:54,10,10
2016-09-06 01:11:58,10,10
2016-09-06 01:22:02,10,10
2016-09-06 01:32:05,10,10
2016-09-06 01:42:09,10,10
2016-09-06 01:52:14,10,10
2016-09-06 02:02:18,10,10
2016-09-06 02:04:57,12,8
2016-09-06 02:15:01,12,8
2016-09-06 02:25:48,13,7
2016-09-06 02:35:52,13,7
2016-09-06 02:45:58,13,7
2016-09-06 02:56:02,13,7
2016-09-06 03:06:06,13,7
2016-09-06 03:16:10,13,7
2016-09-06 03:26:13,13,7
2016-09-06 03:36:18,13,7
2016-09-06 03:47:51,14,6
2016-09-06 03:57:56,14,6
2016-09-06 04:08:00,14,6
2016-09-06 04:16:16,14,6
2016-09-06 04:22:05,14,6
2016-09-06 04:32:09,14,6
2016-09-06 04:42:13,14,6
2016-09-06 04:52:17,14,6
2016-09-06 05:32:36,14,6
2016-09-06 05:42:39,14,6
2016-09-06 05:52:43,14,6
2016-09-06 06:02:48,14,6
2016-09-06 06:12:53,14,6
2016-09-06 06:33:01,14,6
2016-09-06 06:55:20,15,5
2016-09-06 07:05:24,15,5
2016-09-06 07:15:28,15,5
2016-09-06 07:25:32,15,5
2016-09-06 07:35:36,15,5
2016-09-06 07:45:40,15,5
2016-09-06 07:55:24,15,5
2016-09-06 08:01:40,15,5
2016-09-06 08:04:35,16,4
2016-09-06 08:14:55,17,3
2016-09-06 08:24:09,16,4
2016-09-06 08:25:43,16,4
2016-09-06 08:31:33,16,4
2016-09-06 08:33:02,15,5
2016-09-06 09:01:14,16,4
2016-09-06 09:11:17,16,4
2016-09-06 09:21:22,16,4
2016-09-06 09:27:33,17,3
2016-09-06 09:37:37,17,3
2016-09-06 09:41:34,16,4
2016-09-06 09:49:24,17,3
2016-09-06 09:58:15,17,3
2016-09-06 10:00:19,13,7
2016-09-06 10:00:34,12,8
2016-09-06 10:09:46,12,8
2016-09-06 10:10:39,11,9
2016-09-06 10:16:29,10,10
2016-09-06 10:34:09,11,9
2016-09-06 10:56:58,12,8
2016-09-06 11:23:36,11,9
2016-09-06 11:33:40,11,9
2016-09-06 11:43:45,11,9
2016-09-06 12:17:59,10,10
2016-09-06 12:18:29,9,11
2016-09-06 12:46:03,10,10
2016-09-06 12:46:48,9,11
2016-09-06 12:51:19,10,10
2016-09-06 13:01:25,10,10
2016-09-06 13:07:28,10,10
2016-09-06 13:09:23,9,11
2016-09-06 13:13:55,8,12
2016-09-06 13:45:06,6,14
2016-09-06 14:15:49,7,13
2016-09-06 14:24:03,7,13
2016-09-06 14:28:22,5,15
2016-09-06 14:38:26,5,15
2016-09-06 14:58:34,5,15
2016-09-06 15:09:25,6,14
2016-09-06 15:19:30,6,14
2016-09-06 15:26:00,5,15
2016-09-06 15:31:48,4,16
2016-09-06 15:35:11,3,17
2016-09-06 15:43:46,2,17
2016-09-06 15:44:45,3,17
2016-09-06 15:54:49,3,17
2016-09-06 16:03:41,2,18
2016-09-06 16:15:06,1,19
2016-09-06 16:31:01,1,19
2016-09-06 16:39:35,0,20
2016-09-06 17:01:31,0,20
2016-09-06 17:11:35,0,20
2016-09-06 17:21:39,0,20
2016-09-06 17:41:27,0,20
2016-09-06 17:51:31,0,20
2016-09-06 17:54:04,1,19
2016-09-06 18:06:23,1,19
2016-09-06 18:10:18,1,19
2016-09-06 18:11:13,1,19
2016-09-06 18:13:54,1,19
2016-09-06 18:17:53,0,20
2016-09-06 18:27:47,0,20
2016-09-06 18:37:51,0,20
2016-09-06 18:47:55,0,20
2016-09-06 18:58:05,1,19
2016-09-06 19:09:16,0,20
2016-09-06 19:29:53,0,20
2016-09-06 19:39:57,0,20
2016-09-06 19:59:59,2,18
2016-09-06 20:05:37,3,17
2016-09-06 20:07:20,4,16
2016-09-06 20:17:25,4,16
2016-09-06 20:27:29,4,16
2016-09-06 20:30:19,3,17
2016-09-06 20:30:42,2,18
2016-09-06 20:34:01,2,18
2016-09-06 20:44:06,2,18
2016-09-06 21:17:25,5,15
2016-09-06 21:39:16,5,15
2016-09-06 21:43:14,4,16
2016-09-06 21:47:19,3,17
2016-09-06 21:57:23,3,17
2016-09-06 22:05:55,1,18
2016-09-06 22:16:00,2,18
2016-09-06 22:24:09,1,19
2016-09-06 22:34:13,1,19
2016-09-06 22:44:16,1,19
2016-09-06 22:47:52,0,20
2016-09-06 22:57:56,0,20
2016-09-06 22:59:58,1,19
2016-09-06 23:02:14,1,19
2016-09-06 23:22:22,1,19
2016-09-06 23:25:07,1,19
2016-09-06 23:38:55,0,20
2016-09-06 23:43:14,1,19
2016-09-06 23:46:06,2,18
2016-09-06 23:56:10,2,18
2016-09-07 00:01:09,3,17
2016-09-07 00:02:47,4,16
2016-09-07 00:12:51,4,16
2016-09-07 01:07:14,4,16
2016-09-07 01:17:18,4,16
2016-09-07 01:27:22,4,16
2016-09-07 01:37:26,4,16
2016-09-07 01:47:30,4,16
2016-09-07 01:57:34,4,16
2016-09-07 02:07:37,4,16
2016-09-07 02:17:41,4,16
2016-09-07 02:27:45,4,16
2016-09-07 02:47:53,4,16
2016-09-07 02:57:56,4,16
2016-09-07 03:17:13,5,14
2016-09-07 03:27:17,5,14
2016-09-07 03:28:41,6,13
2016-09-07 03:38:44,6,13
2016-09-07 03:44:11,7,12
2016-09-07 03:54:17,8,11
2016-09-07 04:04:20,8,11
2016-09-07 04:07:05,9,10
2016-09-07 04:22:52,10,9
2016-09-07 04:32:56,10,9
2016-09-07 04:42:59,10,9
2016-09-07 04:53:03,10,9
2016-09-07 04:53:48,11,8
2016-09-07 05:03:52,11,8
2016-09-07 05:07:50,13,6
2016-09-07 05:18:23,14,5
2016-09-07 05:28:27,14,5
2016-09-07 05:38:30,14,5
2016-09-07 05:48:34,14,5
2016-09-07 05:58:38,14,5
2016-09-07 06:08:42,14,5
2016-09-07 06:18:46,14,5
2016-09-07 06:28:50,14,5
2016-09-07 06:38:54,14,5
2016-09-07 06:40:31,16,3
2016-09-07 06:50:34,16,3
2016-09-07 06:56:54,17,2
2016-09-07 07:06:58,17,2
2016-09-07 07:17:02,17,2
2016-09-07 07:27:06,17,2
2016-09-07 07:37:10,17,2
2016-09-07 07:50:38,18,1
2016-09-07 07:53:05,17,2
2016-09-07 07:54:32,17,2
2016-09-07 07:55:38,16,3
2016-09-07 08:04:54,16,3
2016-09-07 08:14:58,16,3
2016-09-07 08:25:37,17,2
2016-09-07 08:28:05,17,1
2016-09-07 08:38:09,17,1
2016-09-07 08:42:35,16,2
2016-09-07 08:48:41,15,3
2016-09-07 08:58:54,14,4
2016-09-07 08:59:24,13,5
2016-09-07 09:09:28,13,5
2016-09-07 09:12:20,14,4
2016-09-07 09:22:48,15,3
2016-09-07 09:27:04,15,4
2016-09-07 09:37:09,15,4
2016-09-07 09:48:55,14,5
2016-09-07 09:49:30,13,6
2016-09-07 09:52:56,14,5
2016-09-07 09:58:58,14,5
2016-09-07 09:59:25,13,6
2016-09-07 10:09:29,13,6
2016-09-07 10:19:34,13,6
2016-09-07 10:29:38,13,6
2016-09-07 10:34:37,12,7
2016-09-07 10:44:40,12,7
2016-09-07 10:54:44,12,7
2016-09-07 10:57:05,13,6
2016-09-07 10:59:26,14,5
2016-09-07 11:09:30,14,5
2016-09-07 11:19:05,13,6
2016-09-07 11:29:10,13,6
2016-09-07 11:40:31,12,7
2016-09-07 11:50:34,12,7
2016-09-07 11:54:21,11,8
2016-09-07 11:58:42,12,7
2016-09-07 12:06:38,11,8
2016-09-07 12:14:13,10,9
2016-09-07 12:16:12,9,10
2016-09-07 12:26:17,9,10
2016-09-07 12:34:47,8,11
2016-09-07 12:54:55,8,11
2016-09-07 13:01:46,9,10
2016-09-07 13:07:10,10,9
2016-09-07 13:09:20,10,9
2016-09-07 13:11:20,11,8
2016-09-07 13:14:17,12,7
2016-09-07 13:25:15,14,5
2016-09-07 13:35:19,14,5
2016-09-07 13:44:24,13,6
2016-09-07 13:49:04,12,7
2016-09-07 13:50:12,13,6
2016-09-07 14:01:41,13,7
2016-09-07 14:11:46,13,7
2016-09-07 14:21:50,13,7
2016-09-07 14:31:54,13,7
2016-09-07 14:50:12,12,8
2016-09-07 14:53:32,13,7
2016-09-07 15:03:36,13,7
2016-09-07 15:07:36,14,6
2016-09-07 15:17:39,14,6
2016-09-07 15:27:43,14,6
2016-09-07 15:37:47,14,6
2016-09-07 15:42:39,14,6
2016-09-07 15:43:49,13,7
2016-09-07 15:53:53,13,7
2016-09-07 16:03:57,13,7
2016-09-07 16:06:58,14,6
2016-09-07 16:17:02,14,6
2016-09-07 16:24:22,13,7
2016-09-07 16:34:59,14,6
2016-09-07 16:36:13,14,6
2016-09-07 16:45:02,14,6
2016-09-07 16:46:37,14,6
2016-09-07 16:52:58,14,6
2016-09-07 16:53:32,13,7
2016-09-07 16:59:53,14,6
2016-09-07 17:10:09,14,6
2016-09-07 17:19:11,15,5
2016-09-07 17:22:37,14,6
2016-09-07 17:26:46,13,7
2016-09-07 17:29:07,11,9
2016-09-07 17:30:44,10,10
2016-09-07 17:32:59,9,11
2016-09-07 17:46:10,7,13
2016-09-07 17:48:18,6,14
2016-09-07 17:50:45,7,13
2016-09-07 17:51:48,7,13
2016-09-07 17:54:56,6,14
2016-09-07 17:59:09,5,15
2016-09-07 18:01:01,5,15
2016-09-07 18:02:03,3,17
2016-09-07 18:04:39,4,16
2016-09-07 18:06:41,2,18
2016-09-07 18:11:17,1,19
2016-09-07 18:14:02,2,18
2016-09-07 18:19:12,2,18
2016-09-07 18:20:26,0,20
2016-09-07 18:24:18,1,19
2016-09-07 18:26:13,0,20
2016-09-07 18:33:11,1,19
2016-09-07 18:33:34,2,18
2016-09-07 18:43:37,2,18
2016-09-07 18:47:19,3,17
2016-09-07 18:57:22,3,17
2016-09-07 19:02:48,2,18
2016-09-07 19:03:22,3,17
2016-09-07 19:06:20,2,18
2016-09-07 19:10:23,1,19
2016-09-07 19:16:41,1,19
2016-09-07 19:17:16,0,20
2016-09-07 19:27:19,0,20
2016-09-07 19:42:44,1,19
2016-09-07 19:53:51,2,18
2016-09-07 20:00:13,3,17
2016-09-07 20:04:00,4,16
2016-09-07 20:14:03,4,16
2016-09-07 20:18:36,5,15
2016-09-07 20:28:40,5,15
2016-09-07 20:35:04,5,15
2016-09-07 20:35:23,4,16
2016-09-07 20:45:26,4,16
2016-09-07 20:55:30,4,16
2016-09-07 21:05:34,4,16
2016-09-07 21:15:36,4,16
2016-09-07 21:19:06,3,17
2016-09-07 21:26:52,5,15
2016-09-07 21:27:48,6,14
2016-09-07 21:34:05,6,14
2016-09-07 21:39:44,6,14
2016-09-07 21:42:43,5,15
2016-09-07 21:43:48,4,16
2016-09-07 21:55:09,4,16
2016-09-07 21:58:04,2,18
2016-09-07 22:06:14,3,17
2016-09-07 22:16:19,3,17
2016-09-07 22:26:58,4,16
2016-09-07 22:30:32,5,15
2016-09-07 22:40:35,5,15
2016-09-07 22:50:39,5,15
2016-09-07 22:52:44,6,14
2016-09-07 23:02:48,6,14
2016-09-07 23:12:52,6,14
2016-09-07 23:22:55,6,14
2016-09-07 23:32:59,6,14
2016-09-07 23:43:03,6,14
2016-09-07 23:53:07,6,14
2016-09-08 00:03:11,6,14
2016-09-08 00:13:14,6,14
2016-09-08 00:18:32,7,13
2016-09-08 00:28:36,7,13
2016-09-08 00:34:43,5,15
2016-09-08 00:36:30,6,14
2016-09-08 00:46:35,6,14
2016-09-08 00:56:40,6,14
2016-09-08 01:06:44,6,14
2016-09-08 01:14:41,6,14
2016-09-08 01:15:19,5,15
2016-09-08 01:25:23,5,15
2016-09-08 01:30:05,6,14
2016-09-08 01:40:08,6,14
2016-09-08 02:04:12,9,11
2016-09-08 02:06:45,9,11
2016-09-08 02:16:49,9,11
2016-09-08 02:18:29,10,9
2016-09-08 02:20:35,12,7
2016-09-08 02:29:01,13,6
2016-09-08 02:49:31,13,6
2016-09-08 02:54:35,14,5
2016-09-08 03:04:38,14,5
2016-09-08 03:12:54,15,4
2016-09-08 03:20:48,16,4
2016-09-08 03:30:51,16,4
2016-09-08 03:40:55,16,4
2016-09-08 03:50:59,16,4
2016-09-08 04:01:03,16,4
2016-09-08 04:11:06,16,4
2016-09-08 04:21:09,18,2
2016-09-08 04:31:13,18,2
2016-09-08 04:43:51,16,4
2016-09-08 04:53:55,16,4
2016-09-08 05:03:59,16,4
2016-09-08 05:14:04,16,4
2016-09-08 05:20:45,17,3
2016-09-08 05:28:12,18,2
2016-09-08 06:18:33,18,2
2016-09-08 06:28:37,18,2
2016-09-08 06:38:41,18,2
2016-09-08 06:48:44,18,2
2016-09-08 06:57:42,19,1
2016-09-08 07:07:45,19,1
2016-09-08 07:30:06,19,1
2016-09-08 07:30:33,18,2
2016-09-08 07:36:04,19,1
2016-09-08 07:46:08,19,1
2016-09-08 07:52:12,19,1
2016-09-08 07:52:46,18,2
2016-09-08 07:54:49,17,3
2016-09-08 07:59:53,19,1
2016-09-08 08:20:01,19,1
2016-09-08 08:30:05,19,1
2016-09-08 08:40:14,18,2
2016-09-08 08:50:59,18,2
2016-09-08 08:53:25,19,1
2016-09-08 09:01:10,19,1
2016-09-08 09:16:32,19,1
2016-09-08 09:27:55,19,1
2016-09-08 09:35:58,18,2
2016-09-08 09:40:59,19,1
2016-09-08 09:44:09,19,1
2016-09-08 09:51:03,19,1
2016-09-08 10:01:07,19,1
2016-09-08 10:13:54,19,1
2016-09-08 10:18:14,19,1
2016-09-08 10:19:20,19,1
2016-09-08 10:29:23,19,1
2016-09-08 10:38:55,19,1
2016-09-08 10:45:23,19,1
2016-09-08 10:55:28,19,1
2016-09-08 11:05:33,19,1
2016-09-08 11:15:37,19,1
2016-09-08 11:25:41,19,1
2016-09-08 11:35:45,19,1
2016-09-08 11:46:14,19,1
2016-09-08 11:49:56,18,2
2016-09-08 11:54:14,17,3
2016-09-08 11:55:43,16,4
2016-09-08 12:17:41,16,4
2016-09-08 12:22:03,17,3
2016-09-08 12:24:22,18,2
2016-09-08 12:28:46,19,1
2016-09-08 12:48:54,19,1
2016-09-08 12:57:00,18,2
2016-09-08 13:14:03,19,1
2016-09-08 13:24:15,18,2
2016-09-08 13:24:17,19,1
2016-09-08 13:33:40,17,3
2016-09-08 13:43:44,17,3
2016-09-08 13:47:33,18,2
2016-09-08 14:03:19,18,2
2016-09-08 14:13:24,18,2
2016-09-08 14:21:46,19,1
2016-09-08 14:23:46,18,2
2016-09-08 14:25:04,19,1
2016-09-08 14:45:13,19,1
2016-09-08 14:50:13,18,2
2016-09-08 15:00:18,18,2
2016-09-08 15:10:22,18,2
2016-09-08 15:27:04,19,1
2016-09-08 15:37:09,19,1
2016-09-08 15:45:26,18,2
2016-09-08 15:56:15,13,7
2016-09-08 16:06:20,13,7
2016-09-08 16:14:10,13,7
2016-09-08 16:17:08,14,6
2016-09-08 16:31:18,14,6
2016-09-08 16:39:01,14,6
2016-09-08 16:41:35,13,7
2016-09-08 16:43:59,10,10
2016-09-08 16:48:51,10,10
2016-09-08 16:50:34,10,10
2016-09-08 16:51:47,9,11
2016-09-08 16:54:31,10,10
2016-09-08 16:59:05,9,11
2016-09-08 16:59:28,8,12
2016-09-08 17:10:14,8,12
2016-09-08 17:23:55,9,11
2016-09-08 17:24:25,8,12
2016-09-08 17:31:38,9,11
2016-09-08 17:33:45,8,12
2016-09-08 17:43:49,8,12
2016-09-08 17:45:40,7,13
2016-09-08 18:15:59,7,13
2016-09-08 18:16:34,6,14
2016-09-08 18:22:10,7,13
2016-09-08 18:24:11,6,14
2016-09-08 18:34:15,6,14
2016-09-08 18:47:59,5,15
2016-09-08 18:50:49,3,17
2016-09-08 19:08:29,4,16
2016-09-08 19:20:40,5,15
2016-09-08 19:30:44,5,15
2016-09-08 19:41:27,4,16
2016-09-08 19:47:34,5,15
2016-09-08 19:54:28,6,14
2016-09-08 20:04:32,6,14
2016-09-08 20:07:53,5,15
2016-09-08 20:09:57,5,15
2016-09-08 20:11:30,6,14
2016-09-08 20:18:03,6,14
2016-09-08 20:18:23,5,15
2016-09-08 20:22:17,6,14
2016-09-08 20:24:35,8,12
2016-09-08 20:35:11,8,12
2016-09-08 20:45:44,8,12
2016-09-08 20:47:24,9,11
2016-09-08 20:54:00,9,11
2016-09-08 20:55:07,9,11
2016-09-08 21:06:07,9,11
2016-09-08 21:17:00,9,11
2016-09-08 21:27:21,9,11
2016-09-08 21:34:48,9,11
2016-09-08 21:54:55,9,11
2016-09-08 22:05:59,10,10
2016-09-08 22:16:03,10,10
2016-09-08 22:26:07,10,10
2016-09-08 22:36:10,10,10
2016-09-08 22:46:14,10,10
2016-09-08 22:56:18,10,10
2016-09-08 23:25:54,9,11
2016-09-08 23:28:21,10,10
2016-09-08 23:38:24,10,10
2016-09-08 23:48:28,10,10
2016-09-08 23:58:32,10,10
2016-09-09 00:08:36,10,10
2016-09-09 00:20:30,9,11
2016-09-09 00:30:34,9,11
2016-09-09 00:40:41,10,10
2016-09-09 00:44:40,11,9
2016-09-09 00:54:46,11,9
2016-09-09 01:02:07,12,8
2016-09-09 01:09:16,13,7
2016-09-09 01:12:11,12,8
2016-09-09 01:16:06,13,7
2016-09-09 01:16:24,14,6
2016-09-09 01:24:37,15,5
2016-09-09 01:34:34,17,3
2016-09-09 01:45:18,18,2
2016-09-09 01:55:22,18,2
2016-09-09 02:01:58,19,1
2016-09-09 02:03:50,19,1
2016-09-09 02:05:31,20,0
2016-09-09 02:06:20,20,0
2016-09-09 02:16:23,20,0
2016-09-09 02:26:27,20,0
2016-09-09 02:37:49,20,0
2016-09-09 02:47:52,20,0
2016-09-09 02:57:56,20,0
2016-09-09 03:08:00,20,0
2016-09-09 03:18:03,20,0
2016-09-09 03:38:11,20,0
2016-09-09 03:48:15,20,0
2016-09-09 03:58:18,20,0
2016-09-09 04:08:22,20,0
2016-09-09 04:22:09,20,0
2016-09-09 04:39:43,20,0
2016-09-09 04:40:22,19,1
2016-09-09 04:47:03,20,0
2016-09-09 04:57:07,20,0
2016-09-09 05:07:09,20,0
2016-09-09 05:17:13,20,0
2016-09-09 05:27:17,20,0
2016-09-09 05:37:20,20,0
2016-09-09 05:47:24,20,0
2016-09-09 05:57:28,20,0
2016-09-09 06:07:32,20,0
2016-09-09 06:17:35,20,0
2016-09-09 06:27:39,20,0
2016-09-09 06:37:42,20,0
2016-09-09 06:47:47,20,0
2016-09-09 06:57:50,20,0
2016-09-09 07:00:34,19,1
2016-09-09 07:10:37,19,1
2016-09-09 07:29:04,20,0
2016-09-09 07:37:02,19,1
2016-09-09 07:42:31,20,0
2016-09-09 07:52:35,20,0
2016-09-09 07:54:29,20,0
2016-09-09 07:56:24,19,1
2016-09-09 08:03:34,20,0
2016-09-09 08:13:38,20,0
2016-09-09 08:26:25,20,0
2016-09-09 08:30:40,19,1
2016-09-09 08:33:10,19,1
2016-09-09 08:33:29,19,1
2016-09-09 08:46:20,20,0
2016-09-09 08:56:23,20,0
2016-09-09 09:06:27,20,0
2016-09-09 09:15:01,20,0
2016-09-09 09:25:58,20,0
2016-09-09 09:36:02,20,0
2016-09-09 09:46:06,20,0
2016-09-09 09:56:09,20,0
2016-09-09 10:04:29,19,1
2016-09-09 10:06:52,18,2
2016-09-09 10:08:08,18,2
2016-09-09 10:21:11,10,9
2016-09-09 10:21:19,8,11
2016-09-09 10:31:23,8,11
2016-09-09 10:42:31,9,10
2016-09-09 10:52:34,9,10
2016-09-09 11:02:38,9,10
2016-09-09 11:07:02,8,11
2016-09-09 11:17:05,8,11
2016-09-09 11:20:37,7,12
2016-09-09 11:30:41,7,12
2016-09-09 11:40:44,7,12
2016-09-09 11:51:11,7,12
2016-09-09 11:52:31,4,15
2016-09-09 12:02:34,4,15
2016-09-09 12:10:39,6,13
2016-09-09 12:18:52,7,12
2016-09-09 12:28:55,7,12
2016-09-09 12:30:57,7,12
2016-09-09 12:41:00,7,12
2016-09-09 12:50:17,8,11
2016-09-09 12:54:33,9,10
2016-09-09 13:01:01,8,11
2016-09-09 13:11:05,8,11
2016-09-09 13:12:44,8,11
2016-09-09 13:14:07,6,13
2016-09-09 13:17:10,6,13
2016-09-09 13:19:00,6,14
2016-09-09 13:29:04,6,14
2016-09-09 13:44:57,7,13
2016-09-09 13:47:03,7,13
2016-09-09 13:47:39,6,14
2016-09-09 13:59:50,5,15
2016-09-09 14:10:27,5,15
2016-09-09 14:11:24,4,16
2016-09-09 14:21:28,4,16
2016-09-09 14:28:21,3,17
2016-09-09 14:37:16,4,16
2016-09-09 14:53:55,4,16
2016-09-09 14:55:35,3,17
2016-09-09 14:58:05,4,16
2016-09-09 14:59:49,3,17
2016-09-09 15:14:01,4,16
2016-09-09 15:17:41,5,15
2016-09-09 15:20:06,4,16
2016-09-09 15:27:18,3,17
2016-09-09 15:30:13,2,18
2016-09-09 15:40:16,2,18
2016-09-09 16:04:11,0,20
2016-09-09 16:23:29,0,20
2016-09-09 16:33:33,0,20
2016-09-09 17:03:43,0,20
2016-09-09 17:16:00,1,19
2016-09-09 17:24:40,0,20
2016-09-09 17:34:43,0,20
2016-09-09 18:03:10,2,18
2016-09-09 18:06:35,2,18
2016-09-09 18:32:02,0,20
2016-09-09 18:52:09,0,20
2016-09-09 18:56:58,1,19
2016-09-09 19:07:00,1,19
2016-09-09 19:08:36,2,18
2016-09-09 19:16:30,1,19
2016-09-09 19:37:14,4,16
2016-09-09 19:50:12,5,15
2016-09-09 20:00:16,5,15
2016-09-09 20:20:24,5,15
2016-09-09 20:30:28,5,15
2016-09-09 20:44:14,2,18
2016-09-09 20:54:18,2,18
2016-09-09 21:14:50,2,18
2016-09-09 21:24:54,2,18
2016-09-09 21:34:39,0,20
2016-09-09 21:44:42,0,20
2016-09-09 21:54:46,0,20
2016-09-09 22:00:09,2,18
2016-09-09 22:38:05,5,15
2016-09-09 22:58:12,5,15
2016-09-09 23:04:44,6,14
2016-09-09 23:10:12,7,13
2016-09-09 23:26:55,6,14
2016-09-09 23:36:58,6,14
2016-09-09 23:42:08,5,15
2016-09-10 00:12:19,5,15
2016-09-10 00:22:22,5,15
2016-09-10 00:42:30,5,15
2016-09-10 00:52:52,6,14
2016-09-10 01:02:56,6,14
2016-09-10 01:13:00,6,14
2016-09-10 01:23:03,6,14
2016-09-10 01:33:07,6,14
2016-09-10 01:37:37,7,13
2016-09-10 01:47:40,7,13
2016-09-10 01:57:44,7,13
2016-09-10 02:17:51,7,13
2016-09-10 02:27:55,7,13
2016-09-10 02:44:21,7,13
2016-09-10 02:47:00,6,14
2016-09-10 02:50:47,7,13
2016-09-10 02:52:53,7,13
2016-09-10 02:55:01,4,16
2016-09-10 03:15:08,4,16
2016-09-10 03:25:12,4,16
2016-09-10 03:35:15,4,16
2016-09-10 03:45:29,5,15
2016-09-10 03:55:12,6,14
2016-09-10 03:56:26,7,13
2016-09-10 04:06:29,7,13
2016-09-10 04:14:46,10,10
2016-09-10 04:20:02,10,10
2016-09-10 04:26:16,10,10
2016-09-10 04:36:19,10,10
2016-09-10 04:45:13,10,10
2016-09-10 04:46:45,9,11
2016-09-10 04:49:01,8,12
2016-09-10 04:53:56,7,13
2016-09-10 05:04:00,7,13
2016-09-10 05:14:03,7,13
2016-09-10 05:24:07,7,13
2016-09-10 05:44:15,7,13
2016-09-10 05:54:18,7,13
2016-09-10 06:04:22,7,13
2016-09-10 06:14:26,7,13
2016-09-10 06:24:30,7,13
2016-09-10 06:34:33,7,13
2016-09-10 06:44:37,7,13
2016-09-10 06:54:41,7,13
2016-09-10 07:04:44,7,13
2016-09-10 07:14:48,7,13
2016-09-10 07:24:52,7,13
2016-09-10 07:34:56,7,13
2016-09-10 07:44:59,7,13
2016-09-10 07:55:03,7,13
2016-09-10 08:05:15,7,13
2016-09-10 08:15:19,7,13
2016-09-10 08:25:23,7,13
2016-09-10 08:35:26,7,13
2016-09-10 08:45:31,7,13
2016-09-10 08:55:34,7,13
2016-09-10 08:59:22,6,14
2016-09-10 09:07:40,5,15
2016-09-10 09:17:44,5,15
2016-09-10 09:27:48,5,15
2016-09-10 09:37:51,5,15
2016-09-10 09:47:55,5,15
2016-09-10 09:57:59,5,15
2016-09-10 10:08:03,5,15
2016-09-10 10:18:06,5,15
2016-09-10 10:28:10,5,15
2016-09-10 10:47:21,4,16
2016-09-10 10:57:25,4,16
2016-09-10 11:07:28,4,16
2016-09-10 11:27:35,4,16
2016-09-10 11:37:38,4,16
2016-09-10 11:47:42,4,16
2016-09-10 11:51:36,5,15
2016-09-10 11:57:46,4,16
2016-09-10 12:07:50,4,16
2016-09-10 12:17:54,4,16
2016-09-10 12:38:01,4,16
2016-09-10 12:41:58,3,17
2016-09-10 12:52:01,3,17
2016-09-10 13:02:05,3,17
2016-09-10 13:05:25,4,16
2016-09-10 13:15:29,4,16
2016-09-10 13:20:57,3,17
2016-09-10 13:31:00,3,17
2016-09-10 13:41:04,3,17
2016-09-10 13:55:56,3,17
2016-09-10 13:58:39,2,18
2016-09-10 14:13:52,1,19
2016-09-10 14:23:55,1,19
2016-09-10 14:43:14,0,20
2016-09-10 14:53:18,0,20
2016-09-10 15:03:22,0,20
2016-09-10 15:08:23,2,18
2016-09-10 15:18:26,2,18
2016-09-10 15:37:42,0,20
2016-09-10 15:47:45,0,20
2016-09-10 15:56:05,1,19
2016-09-10 15:58:16,1,19
2016-09-10 16:05:36,1,19
2016-09-10 16:07:50,0,20
2016-09-10 16:17:59,0,20
2016-09-10 16:28:03,0,20
2016-09-10 16:38:06,0,20
2016-09-10 16:48:10,0,20
2016-09-10 16:58:14,0,20
2016-09-10 17:08:17,0,20
2016-09-10 17:18:21,0,20
2016-09-10 17:28:24,0,20
2016-09-10 17:43:33,1,19
2016-09-10 18:11:01,2,18
2016-09-10 18:22:13,2,18
2016-09-10 18:31:14,1,19
2016-09-10 18:41:57,2,18
2016-09-10 18:45:16,2,18
2016-09-10 18:45:18,3,17
2016-09-10 18:49:02,3,17
2016-09-10 18:51:03,2,18
2016-09-10 18:56:55,2,18
2016-09-10 18:57:40,1,19
2016-09-10 19:07:43,1,19
2016-09-10 19:25:10,1,19
2016-09-10 19:27:09,1,19
2016-09-10 19:29:47,2,18
2016-09-10 19:39:50,2,18
2016-09-10 19:51:46,3,17
2016-09-10 19:57:12,4,16
2016-09-10 20:07:15,4,16
2016-09-10 20:08:29,3,17
2016-09-10 20:15:05,3,17
2016-09-10 20:25:28,2,18
2016-09-10 20:37:04,2,18
2016-09-10 20:44:36,0,20
2016-09-10 20:54:39,0,20
2016-09-10 20:57:05,1,19
2016-09-10 20:57:55,1,19
2016-09-10 21:12:04,0,20
2016-09-10 21:19:47,1,19
2016-09-10 21:22:40,0,20
2016-09-10 21:32:43,0,20
2016-09-10 22:02:54,0,20
2016-09-10 22:12:58,0,20
2016-09-10 22:21:18,2,18
2016-09-10 22:34:03,2,18
2016-09-10 22:43:00,2,18
2016-09-10 22:43:24,1,19
2016-09-10 22:47:43,0,20
2016-09-10 22:50:30,1,19
2016-09-10 23:00:33,1,19
2016-09-10 23:06:20,2,18
2016-09-10 23:16:23,2,18
2016-09-10 23:21:06,2,18
2016-09-10 23:22:36,2,18
2016-09-10 23:32:39,2,18
2016-09-10 23:42:43,2,18
2016-09-10 23:52:47,2,18
2016-09-11 00:02:51,2,18
2016-09-11 00:12:54,2,18
2016-09-11 00:22:58,2,18
2016-09-11 00:27:53,3,17
2016-09-11 00:37:57,3,17
2016-09-11 00:39:57,4,16
2016-09-11 00:50:01,4,16
2016-09-11 01:00:05,4,16
2016-09-11 01:52:00,6,14
2016-09-11 02:12:08,6,14
2016-09-11 02:22:34,6,14
2016-09-11 02:23:29,5,15
2016-09-11 02:33:33,5,15
2016-09-11 02:43:36,5,15
2016-09-11 02:53:40,5,15
2016-09-11 03:03:44,5,15
2016-09-11 03:24:12,6,14
2016-09-11 03:34:16,6,14
2016-09-11 03:44:20,6,14
2016-09-11 03:56:47,5,15
2016-09-11 04:07:04,4,16
2016-09-11 04:23:14,4,16
2016-09-11 04:27:21,5,15
2016-09-11 04:29:57,5,15
2016-09-11 04:30:21,4,16
2016-09-11 04:40:25,4,16
2016-09-11 04:44:09,7,13
2016-09-11 04:54:13,7,13
2016-09-11 05:14:20,7,13
2016-09-11 05:17:11,8,12
2016-09-11 05:27:15,8,12
2016-09-11 05:37:18,8,12
2016-09-11 05:47:22,8,12
2016-09-11 05:57:26,8,12
2016-09-11 06:07:29,8,12
2016-09-11 06:17:33,8,12
2016-09-11 06:27:37,8,12
2016-09-11 06:37:41,8,12
2016-09-11 06:47:45,8,12
2016-09-11 06:57:48,8,12
2016-09-11 07:07:52,8,12
2016-09-11 07:17:55,8,12
2016-09-11 07:27:59,8,12
2016-09-11 07:38:40,7,13
2016-09-11 07:48:44,7,13
2016-09-11 07:50:49,6,14
2016-09-11 08:00:53,6,14
2016-09-11 08:10:56,6,14
2016-09-11 08:21:00,6,14
2016-09-11 08:31:04,6,14
2016-09-11 08:41:08,6,14
2016-09-11 08:51:11,6,14
2016-09-11 09:01:16,6,14
2016-09-11 09:11:20,6,14
2016-09-11 09:28:17,5,15
2016-09-11 09:38:21,5,15
2016-09-11 09:48:57,5,15
2016-09-11 09:49:25,4,16
2016-09-11 09:59:28,4,16
2016-09-11 10:09:32,4,16
2016-09-11 10:19:36,4,16
2016-09-11 10:29:40,4,16
2016-09-11 10:39:43,4,16
2016-09-11 10:49:47,4,16
2016-09-11 11:20:21,4,16
2016-09-11 11:30:24,4,16
2016-09-11 11:40:28,4,16
2016-09-11 11:50:36,5,15
2016-09-11 12:00:41,5,15
2016-09-11 12:12:32,4,16
2016-09-11 12:22:54,4,16
2016-09-11 12:26:53,3,17
2016-09-11 12:36:59,3,17
2016-09-11 12:47:02,3,17
2016-09-11 12:53:24,4,16
2016-09-11 13:03:28,4,16
2016-09-11 13:13:32,4,16
2016-09-11 13:23:35,4,16
2016-09-11 13:33:39,4,16
2016-09-11 13:43:17,4,16
2016-09-11 14:14:24,5,15
2016-09-11 14:24:28,5,15
2016-09-11 14:34:32,5,15
2016-09-11 14:54:39,5,15
2016-09-11 15:12:51,4,16
2016-09-11 15:22:54,4,16
2016-09-11 15:26:49,3,17
2016-09-11 15:36:53,3,17
2016-09-11 15:46:57,3,17
2016-09-11 15:57:01,3,17
2016-09-11 16:07:04,3,17
2016-09-11 16:12:05,2,18
2016-09-11 16:18:08,1,19
2016-09-11 16:26:05,2,18
2016-09-11 16:26:24,2,18
2016-09-11 16:44:09,2,18
2016-09-11 16:45:50,2,18
2016-09-11 16:55:54,2,18
2016-09-11 17:07:54,0,20
2016-09-11 17:17:58,0,20
2016-09-11 17:28:02,0,20
2016-09-11 17:38:06,0,20
2016-09-11 17:48:10,0,20
2016-09-11 18:12:11,1,19
2016-09-11 18:12:13,2,18
2016-09-11 18:16:09,2,18
2016-09-11 18:16:36,1,19
2016-09-11 18:26:39,1,19
2016-09-11 18:33:17,2,18
2016-09-11 18:37:58,3,17
2016-09-11 18:48:01,3,17
2016-09-11 19:04:51,4,16
2016-09-11 19:14:54,4,16
2016-09-11 19:29:21,5,15
2016-09-11 19:39:23,5,15
2016-09-11 19:41:13,5,15
2016-09-11 19:49:29,7,13
2016-09-11 19:53:49,8,12
2016-09-11 20:00:17,9,11
2016-09-11 20:10:21,9,11
2016-09-11 20:20:24,9,11
2016-09-11 20:30:28,9,11
2016-09-11 20:34:57,10,10
2016-09-11 20:45:00,10,10
2016-09-11 20:55:57,9,11
2016-09-11 21:06:01,9,11
2016-09-11 21:16:04,9,11
2016-09-11 21:27:00,11,9
2016-09-11 21:28:23,12,8
2016-09-11 21:30:51,13,7
2016-09-11 21:42:51,16,4
2016-09-11 21:52:55,16,4
2016-09-11 22:13:31,19,1
2016-09-11 22:19:11,19,1
2016-09-11 22:19:13,20,0
2016-09-11 22:29:16,20,0
2016-09-11 22:39:20,20,0
2016-09-11 22:49:24,20,0
2016-09-11 22:59:28,20,0
2016-09-11 23:09:31,20,0
2016-09-11 23:29:39,20,0
2016-09-11 23:39:43,20,0
2016-09-11 23:49:46,20,0
2016-09-11 23:59:50,20,0
2016-09-12 00:09:54,20,0
2016-09-12 00:19:58,20,0
2016-09-12 00:30:02,20,0
2016-09-12 00:40:05,20,0
2016-09-12 00:50:09,20,0
2016-09-12 01:00:12,20,0
2016-09-12 01:10:16,20,0
2016-09-12 01:19:57,18,1
2016-09-12 01:28:22,19,0
2016-09-12 01:38:26,20,0
2016-09-12 01:48:30,20,0
2016-09-12 01:58:34,20,0
2016-09-12 02:08:37,20,0
2016-09-12 02:18:41,20,0
2016-09-12 02:28:45,20,0
2016-09-12 02:38:49,20,0
2016-09-12 02:48:53,20,0
2016-09-12 02:58:56,20,0
2016-09-12 03:51:13,20,0
2016-09-12 04:05:58,19,1
2016-09-12 04:32:19,20,0
2016-09-12 04:42:23,20,0
2016-09-12 04:52:27,20,0
2016-09-12 05:02:30,20,0
2016-09-12 05:12:34,20,0
2016-09-12 05:22:38,20,0
2016-09-12 05:32:42,20,0
2016-09-12 05:42:45,20,0
2016-09-12 05:52:49,20,0
2016-09-12 05:57:12,11,9
2016-09-12 06:07:24,11,9
2016-09-12 06:17:28,11,9
2016-09-12 06:27:31,11,9
2016-09-12 06:37:35,11,9
2016-09-12 06:47:38,11,9
2016-09-12 06:57:41,11,9
2016-09-12 07:01:40,12,8
2016-09-12 07:10:08,12,8
2016-09-12 07:10:41,11,9
2016-09-12 07:20:44,11,9
2016-09-12 07:45:48,9,11
2016-09-12 07:49:18,8,12
2016-09-12 07:50:28,9,11
2016-09-12 07:57:24,10,10
2016-09-12 08:02:05,10,10
2016-09-12 08:12:09,10,10
2016-09-12 08:22:12,10,10
2016-09-12 08:29:46,9,11
2016-09-12 08:39:50,9,11
2016-09-12 08:50:26,8,12
2016-09-12 08:52:50,9,11
2016-09-12 09:11:26,11,9
2016-09-12 09:13:58,13,7
2016-09-12 09:28:00,13,7
2016-09-12 09:48:07,13,7
2016-09-12 09:58:13,12,8
2016-09-12 09:58:50,13,7
2016-09-12 10:08:54,13,7
2016-09-12 10:48:18,12,8
2016-09-12 10:59:32,13,7
2016-09-12 11:01:41,14,6
2016-09-12 11:11:44,14,6
2016-09-12 11:34:22,15,5
2016-09-12 11:43:47,13,7
2016-09-12 11:46:02,13,7
2016-09-12 11:48:27,12,8
2016-09-12 11:57:16,11,9
2016-09-12 12:05:26,11,9
2016-09-12 12:09:00,8,11
2016-09-12 12:19:03,9,11
2016-09-12 12:20:03,8,12
2016-09-12 12:27:31,8,12
2016-09-12 12:37:35,8,12
2016-09-12 12:47:39,8,12
2016-09-12 12:52:04,6,13
2016-09-12 12:55:20,5,14
2016-09-12 13:05:23,6,14
2016-09-12 13:11:14,5,14
2016-09-12 13:34:29,8,12
2016-09-12 13:49:08,11,9
2016-09-12 14:09:53,10,10
2016-09-12 14:11:48,9,10
2016-09-12 14:13:09,8,11
2016-09-12 14:23:44,8,12
2016-09-12 14:31:12,9,11
2016-09-12 14:41:17,9,11
2016-09-12 14:51:20,9,11
2016-09-12 15:01:24,9,11
2016-09-12 15:05:14,9,11
2016-09-12 15:05:54,8,12
2016-09-12 15:09:13,7,13
2016-09-12 15:12:00,6,14
2016-09-12 15:20:47,5,15
2016-09-12 15:50:46,6,14
2016-09-12 15:58:58,7,13
2016-09-12 16:09:02,7,13
2016-09-12 16:19:18,7,13
2016-09-12 16:34:48,5,15
2016-09-12 16:39:10,3,17
2016-09-12 16:49:14,3,17
2016-09-12 17:02:55,3,17
2016-09-12 17:12:59,3,17
2016-09-12 17:24:35,1,19
2016-09-12 17:27:19,2,18
2016-09-12 17:31:16,3,17
2016-09-12 17:35:01,2,18
2016-09-12 17:36:38,3,17
2016-09-12 17:42:35,3,17
2016-09-12 17:49:07,4,16
2016-09-12 17:49:37,3,17
2016-09-12 18:14:39,4,16
2016-09-12 18:26:12,6,14
2016-09-12 18:29:07,6,13
2016-09-12 18:30:24,6,13
2016-09-12 18:35:16,7,12
2016-09-12 18:43:09,8,11
2016-09-12 18:44:57,8,11
2016-09-12 18:55:32,7,12
2016-09-12 19:02:35,8,11
2016-09-12 19:12:39,8,11
2016-09-12 19:26:58,5,14
2016-09-12 19:37:06,6,13
2016-09-12 19:37:53,7,12
2016-09-12 19:41:12,8,11
2016-09-12 19:47:12,8,11
2016-09-12 19:47:44,7,12
2016-09-12 19:52:52,6,13
2016-09-12 20:12:40,7,12
2016-09-12 20:22:44,7,12
2016-09-12 20:32:48,7,12
2016-09-12 20:42:51,7,12
2016-09-12 20:52:55,7,12
2016-09-12 20:57:09,8,12
2016-09-12 21:07:13,8,12
2016-09-12 21:11:01,8,12
2016-09-12 21:11:29,7,13
2016-09-12 21:21:32,7,13
2016-09-12 21:33:08,6,14
2016-09-12 21:53:14,6,14
2016-09-12 22:03:17,6,14
2016-09-12 22:13:21,6,14
2016-09-12 22:31:42,8,12
2016-09-12 22:41:46,8,12
2016-09-12 22:58:21,9,11
2016-09-12 23:00:54,10,10
2016-09-12 23:10:57,10,10
2016-09-12 23:21:00,10,10
2016-09-12 23:44:14,12,8
2016-09-12 23:53:10,11,9
2016-09-12 23:53:34,10,10
2016-09-13 00:06:00,9,11
2016-09-13 00:36:11,9,11
2016-09-13 00:46:14,9,11
2016-09-13 00:56:18,9,11
2016-09-13 01:16:25,9,11
2016-09-13 01:23:41,10,10
2016-09-13 01:33:44,10,10
2016-09-13 01:39:57,11,9
2016-09-13 02:10:07,11,9
2016-09-13 02:20:11,11,9
2016-09-13 02:25:16,12,8
2016-09-13 02:26:17,11,9
2016-09-13 02:36:20,11,9
2016-09-13 02:46:24,11,9
2016-09-13 02:56:27,11,9
2016-09-13 03:06:31,11,9
2016-09-13 03:08:36,12,8
2016-09-13 03:18:39,12,8
2016-09-13 03:23:25,13,7
2016-09-13 03:33:28,13,7
2016-09-13 03:43:32,13,7
2016-09-13 03:53:36,13,7
2016-09-13 03:56:12,14,6
2016-09-13 04:20:42,14,6
2016-09-13 04:30:46,14,6
2016-09-13 04:40:50,14,6
2016-09-13 04:50:53,14,6
2016-09-13 04:57:06,15,5
2016-09-13 05:06:11,16,4
2016-09-13 05:16:15,16,4
2016-09-13 05:26:19,16,4
2016-09-13 05:34:10,11,9
2016-09-13 06:04:23,10,10
2016-09-13 06:14:27,10,10
2016-09-13 06:24:30,10,10
2016-09-13 06:34:34,10,10
2016-09-13 06:44:38,10,10
2016-09-13 06:54:42,10,10
2016-09-13 07:03:14,11,9
2016-09-13 07:12:55,10,10
2016-09-13 07:22:58,10,10
2016-09-13 07:28:20,9,11
2016-09-13 07:38:24,9,11
2016-09-13 07:41:05,10,10
2016-09-13 07:41:26,11,9
2016-09-13 07:50:30,13,7
2016-09-13 07:54:44,14,6
2016-09-13 08:00:54,12,8
2016-09-13 08:10:58,12,8
2016-09-13 08:21:01,12,8
2016-09-13 08:25:10,12,8
2016-09-13 08:35:05,10,10
2016-09-13 08:43:05,11,9
2016-09-13 08:53:09,11,9
2016-09-13 09:03:01,12,8
2016-09-13 09:25:10,13,7
2016-09-13 09:26:56,14,6
2016-09-13 09:31:50,16,4
2016-09-13 09:41:54,16,4
2016-09-13 09:44:38,16,4
2016-09-13 09:47:01,16,4
2016-09-13 09:57:08,15,5
2016-09-13 10:01:13,16,4
2016-09-13 10:09:23,16,4
2016-09-13 10:12:52,15,5
2016-09-13 10:13:26,14,6
2016-09-13 10:20:34,15,5
2016-09-13 10:30:37,15,5
2016-09-13 10:39:36,16,4
2016-09-13 10:55:03,17,3
2016-09-13 10:56:01,16,4
2016-09-13 10:59:51,16,4
2016-09-13 11:00:25,15,5
2016-09-13 11:05:06,15,5
2016-09-13 11:05:42,14,6
2016-09-13 11:15:46,14,6
2016-09-13 11:31:25,13,7
2016-09-13 11:41:29,13,7
2016-09-13 11:51:33,13,7
2016-09-13 12:01:37,13,7
2016-09-13 12:10:23,13,7
2016-09-13 12:13:13,14,6
2016-09-13 12:14:20,14,6
2016-09-13 12:24:23,14,6
2016-09-13 12:34:27,14,6
2016-09-13 12:39:04,13,7
2016-09-13 12:47:21,14,6
2016-09-13 12:53:32,13,7
2016-09-13 13:03:46,13,7
2016-09-13 13:07:11,14,6
2016-09-13 13:09:41,14,6
2016-09-13 13:10:38,13,7
2016-09-13 13:20:58,14,6
2016-09-13 13:26:49,14,6
2016-09-13 13:29:36,15,5
2016-09-13 13:34:08,16,4
2016-09-13 13:35:06,17,3
2016-09-13 13:48:49,18,2
2016-09-13 14:13:17,17,3
2016-09-13 14:15:53,16,4
2016-09-13 14:25:52,15,5
2016-09-13 14:35:56,15,5
2016-09-13 14:46:00,15,5
2016-09-13 14:57:47,15,5
2016-09-13 15:05:06,14,6
2016-09-13 15:17:13,15,5
2016-09-13 15:28:14,17,3
2016-09-13 15:38:11,17,3
2016-09-13 15:48:16,18,2
2016-09-13 16:15:22,16,4
2016-09-13 16:20:18,15,5
2016-09-13 16:31:55,15,5
2016-09-13 16:42:37,14,6
2016-09-13 16:47:16,14,6
2016-09-13 16:48:58,14,6
2016-09-13 16:52:10,14,6
2016-09-13 17:01:18,12,8
2016-09-13 17:11:45,12,8
2016-09-13 17:19:50,14,6
2016-09-13 17:24:13,14,6
2016-09-13 17:25:53,14,6
2016-09-13 17:27:00,12,8
2016-09-13 17:29:57,12,8
2016-09-13 17:30:37,12,8
2016-09-13 17:33:54,11,9
2016-09-13 17:35:28,9,11
2016-09-13 17:45:32,9,11
2016-09-13 17:54:05,9,11
2016-09-13 17:55:46,7,13
2016-09-13 17:57:59,5,14
2016-09-13 17:58:54,5,15
2016-09-13 18:00:28,4,15
2016-09-13 18:05:12,2,17
2016-09-13 18:08:25,1,18
2016-09-13 18:16:45,0,19
2016-09-13 18:23:44,1,18
2016-09-13 18:25:54,2,17
2016-09-13 18:27:57,2,18
2016-09-13 18:38:02,2,18
2016-09-13 18:51:59,1,19
2016-09-13 18:54:37,2,18
2016-09-13 18:56:24,2,18
2016-09-13 19:02:50,3,17
2016-09-13 19:14:29,4,16
2016-09-13 19:19:34,5,15
2016-09-13 19:29:37,5,15
2016-09-13 19:40:09,5,15
2016-09-13 19:40:12,4,16
2016-09-13 19:50:16,4,16
2016-09-13 19:53:34,3,17
2016-09-13 20:03:39,3,17
2016-09-13 20:13:17,4,16
2016-09-13 20:37:15,3,17
2016-09-13 20:47:18,3,17
2016-09-13 20:51:24,2,18
2016-09-13 21:02:00,3,17
2016-09-13 21:12:39,5,15
2016-09-13 21:22:43,5,15
2016-09-13 21:32:47,5,15
2016-09-13 21:42:51,5,15
2016-09-13 21:52:54,5,15
2016-09-13 22:02:58,5,15
2016-09-13 22:08:12,5,15
2016-09-13 22:08:14,6,14
2016-09-13 22:18:18,6,14
2016-09-13 22:38:26,6,14
2016-09-13 22:45:59,7,13
2016-09-13 22:56:03,7,13
2016-09-13 23:06:08,7,13
2016-09-13 23:11:48,8,12
2016-09-13 23:14:43,9,11
2016-09-13 23:24:47,9,11
2016-09-13 23:44:55,9,11
2016-09-13 23:55:00,9,11
2016-09-14 00:05:04,9,11
2016-09-14 00:15:07,9,11
2016-09-14 00:25:11,9,11
2016-09-14 00:35:15,9,11
2016-09-14 00:45:19,9,11
2016-09-14 00:55:23,9,11
2016-09-14 01:05:26,9,11
2016-09-14 01:15:30,9,11
2016-09-14 01:25:34,9,11
2016-09-14 01:27:53,10,10
2016-09-14 01:28:50,8,12
2016-09-14 01:39:04,9,11
2016-09-14 01:49:08,9,11
2016-09-14 01:59:12,9,11
2016-09-14 02:09:16,9,11
2016-09-14 02:19:19,9,11
2016-09-14 02:29:23,9,11
2016-09-14 02:39:27,9,11
2016-09-14 02:49:31,9,11
2016-09-14 02:51:23,10,10
2016-09-14 03:01:27,10,10
2016-09-14 03:11:30,10,10
2016-09-14 03:18:56,12,8
2016-09-14 03:39:03,12,8
2016-09-14 03:49:07,12,8
2016-09-14 04:15:53,12,8
2016-09-14 04:21:04,12,8
2016-09-14 04:31:07,12,8
2016-09-14 04:41:11,12,8
2016-09-14 04:51:15,12,8
2016-09-14 05:01:19,12,8
2016-09-14 05:11:22,12,8
2016-09-14 05:31:30,12,8
2016-09-14 05:35:04,12,8
2016-09-14 05:50:38,4,16
2016-09-14 06:00:42,4,16
2016-09-14 06:10:46,4,16
2016-09-14 06:20:50,4,16
2016-09-14 06:30:54,4,16
2016-09-14 06:40:58,4,16
2016-09-14 07:00:58,4,16
2016-09-14 07:05:11,5,15
2016-09-14 07:25:18,5,15
2016-09-14 07:35:22,5,15
2016-09-14 07:38:02,4,16
2016-09-14 07:39:52,5,15
2016-09-14 07:52:24,6,14
2016-09-14 08:02:28,6,14
2016-09-14 08:24:45,5,15
2016-09-14 08:26:32,6,14
2016-09-14 08:36:36,6,14
2016-09-14 08:46:40,6,14
2016-09-14 08:56:44,6,14
2016-09-14 09:08:00,6,14
2016-09-14 09:08:25,5,15
2016-09-14 09:26:21,6,14
2016-09-14 09:47:22,5,15
2016-09-14 09:57:26,5,15
2016-09-14 10:03:33,5,15
2016-09-14 10:19:48,6,14
2016-09-14 10:31:33,5,15
2016-09-14 10:41:38,5,15
2016-09-14 10:43:19,6,14
2016-09-14 10:53:24,6,14
2016-09-14 11:03:28,6,14
2016-09-14 11:09:53,4,16
2016-09-14 11:19:58,4,16
2016-09-14 11:30:02,4,16
2016-09-14 11:40:06,4,16
2016-09-14 12:30:27,4,16
2016-09-14 12:40:31,4,16
2016-09-14 12:42:27,5,15
2016-09-14 12:52:31,5,15
2016-09-14 12:59:48,4,16
2016-09-14 13:05:30,5,15
2016-09-14 13:22:02,7,13
2016-09-14 13:23:32,8,12
2016-09-14 13:28:54,10,10
2016-09-14 13:29:36,11,9
2016-09-14 13:40:05,10,10
2016-09-14 13:43:52,11,9
2016-09-14 13:49:23,10,10
2016-09-14 13:57:39,11,9
2016-09-14 14:16:46,12,8
2016-09-14 14:26:50,12,8
2016-09-14 14:30:44,11,9
2016-09-14 14:40:47,11,9
2016-09-14 14:42:20,12,8
2016-09-14 14:52:24,12,8
2016-09-14 15:04:15,11,9
2016-09-14 15:14:16,10,10
2016-09-14 15:34:18,11,9
2016-09-14 15:44:22,11,9
2016-09-14 15:54:26,11,9
2016-09-14 16:00:25,10,10
2016-09-14 16:01:55,9,11
2016-09-14 16:25:42,8,12
2016-09-14 16:40:58,9,11
2016-09-14 16:43:06,8,12
2016-09-14 16:55:14,8,12
2016-09-14 17:02:52,9,11
2016-09-14 17:04:49,9,11
2016-09-14 17:09:07,9,11
2016-09-14 17:13:16,9,11
2016-09-14 17:13:17,8,12
2016-09-14 17:21:13,9,11
2016-09-14 17:31:02,10,10
2016-09-14 17:32:34,9,11
2016-09-14 17:42:55,8,12
2016-09-14 17:45:16,7,13
2016-09-14 17:45:52,6,14
2016-09-14 18:25:01,3,17
2016-09-14 18:31:10,3,17
2016-09-14 18:36:58,4,16
2016-09-14 18:38:58,4,16
2016-09-14 18:39:20,3,17
2016-09-14 18:42:04,2,18
2016-09-14 18:53:10,2,18
2016-09-14 18:53:33,1,19
2016-09-14 19:03:37,1,19
2016-09-14 19:23:45,1,19
2016-09-14 19:32:40,0,20
2016-09-14 19:52:47,0,20
2016-09-14 20:02:51,0,20
2016-09-14 20:12:53,0,20
2016-09-14 20:22:57,0,20
2016-09-14 20:33:01,0,20
2016-09-14 20:43:04,0,20
2016-09-14 20:53:08,0,20
2016-09-14 20:55:09,2,18
2016-09-14 20:55:19,2,18
2016-09-14 21:07:09,3,17
2016-09-14 21:17:14,3,17
2016-09-14 21:27:17,3,17
2016-09-14 21:36:13,4,16
2016-09-14 21:46:16,4,16
2016-09-14 21:56:20,4,16
2016-09-14 22:16:27,4,16
2016-09-14 22:26:31,4,16
2016-09-14 22:36:35,4,16
2016-09-14 22:42:27,5,15
2016-09-14 22:52:31,5,15
2016-09-14 23:02:34,5,15
2016-09-14 23:12:26,7,13
2016-09-14 23:22:29,7,13
2016-09-14 23:32:33,7,13
2016-09-14 23:42:36,7,13
2016-09-14 23:52:40,7,13
2016-09-15 00:02:44,7,13
2016-09-15 00:12:48,7,13
2016-09-15 00:22:51,7,13
2016-09-15 00:43:15,8,12
2016-09-15 00:53:18,8,12
2016-09-15 01:03:22,8,12
2016-09-15 01:15:11,9,11
2016-09-15 01:25:15,9,11
2016-09-15 01:35:19,9,11
2016-09-15 01:53:14,11,9
2016-09-15 02:14:28,11,9
2016-09-15 02:25:13,12,8
2016-09-15 02:35:45,11,9
2016-09-15 02:44:17,13,7
2016-09-15 02:54:20,13,7
2016-09-15 03:04:24,13,7
2016-09-15 03:14:28,13,7
2016-09-15 03:24:32,13,7
2016-09-15 03:33:12,13,6
2016-09-15 03:34:27,16,4
2016-09-15 03:35:56,17,3
2016-09-15 03:45:11,19,1
2016-09-15 03:55:11,19,1
2016-09-15 04:29:40,19,1
2016-09-15 04:38:09,20,0
2016-09-15 04:48:13,20,0
2016-09-15 04:58:17,20,0
2016-09-15 05:08:20,20,0
2016-09-15 05:19:00,20,0
2016-09-15 05:19:46,19,1
2016-09-15 05:29:50,19,1
2016-09-15 05:39:53,19,1
2016-09-15 05:49:58,19,1
2016-09-15 05:56:34,9,11
2016-09-15 06:06:42,9,11
2016-09-15 06:16:46,9,11
2016-09-15 06:26:50,9,11
2016-09-15 06:36:54,9,11
2016-09-15 06:46:57,9,11
2016-09-15 06:57:01,9,11
2016-09-15 07:00:33,10,10
2016-09-15 07:10:37,10,10
2016-09-15 07:18:43,9,11
2016-09-15 07:38:06,10,10
2016-09-15 07:39:20,9,11
2016-09-15 07:41:05,11,9
2016-09-15 07:44:26,12,8
2016-09-15 07:56:43,12,8
2016-09-15 08:02:05,13,7
2016-09-15 08:36:04,14,6
2016-09-15 08:37:28,15,5
2016-09-15 08:44:05,16,4
2016-09-15 08:44:43,15,5
2016-09-15 08:54:46,15,5
2016-09-15 09:04:49,15,5
2016-09-15 09:14:35,17,3
2016-09-15 09:24:05,16,4
2016-09-15 09:34:09,16,4
2016-09-15 09:44:12,16,4
2016-09-15 10:17:49,19,1
2016-09-15 10:27:23,20,0
2016-09-15 10:37:27,20,0
2016-09-15 10:47:31,20,0
2016-09-15 10:57:34,20,0
2016-09-15 11:06:06,18,2
2016-09-15 11:06:33,17,3
2016-09-15 11:15:36,17,3
2016-09-15 11:19:13,18,2
2016-09-15 11:29:17,18,2
2016-09-15 11:33:44,17,3
2016-09-15 11:43:48,17,3
2016-09-15 11:49:23,16,4
2016-09-15 12:06:46,16,4
2016-09-15 12:17:11,17,3
2016-09-15 12:31:24,16,4
2016-09-15 12:38:12,16,4
2016-09-15 12:40:32,16,4
2016-09-15 12:43:02,17,3
2016-09-15 12:47:42,16,4
2016-09-15 12:51:09,16,4
2016-09-15 12:51:13,15,5
2016-09-15 13:02:25,14,6
2016-09-15 13:12:28,14,6
2016-09-15 13:22:32,14,6
2016-09-15 13:31:04,12,8
2016-09-15 13:33:46,11,9
2016-09-15 13:38:12,13,7
2016-09-15 13:45:33,16,4
2016-09-15 14:01:40,17,3
2016-09-16 16:01:00,10,10
2016-09-16 16:13:22,8,12
2016-09-16 16:23:27,8,12
2016-09-16 16:45:36,8,12
2016-09-16 16:48:05,6,14
2016-09-16 16:57:19,7,13
2016-09-16 17:08:59,6,14
2016-09-16 17:15:09,6,14
2016-09-16 17:25:47,3,17
2016-09-16 17:30:09,3,17
2016-09-16 17:50:52,2,18
2016-09-16 18:01:57,2,18
2016-09-16 18:12:09,1,19
2016-09-16 18:12:11,0,20
2016-09-16 18:25:50,1,19
2016-09-16 18:26:10,0,20
2016-09-16 18:36:14,0,20
2016-09-16 19:05:30,1,19
2016-09-16 19:14:08,1,19
2016-09-16 19:14:10,3,17
2016-09-16 19:17:00,4,16
2016-09-16 19:27:04,4,16
2016-09-16 19:46:26,3,17
2016-09-16 19:50:06,3,17
2016-09-16 20:02:03,1,19
2016-09-16 20:07:38,3,17
2016-09-16 20:09:51,3,17
2016-09-16 20:10:20,2,18
2016-09-16 20:14:39,1,19
2016-09-16 20:29:27,0,20
2016-09-16 20:39:33,0,20
2016-09-16 20:57:14,1,19
2016-09-16 21:27:25,1,19
2016-09-16 21:37:29,1,19
2016-09-16 21:47:33,1,19
2016-09-16 21:57:36,1,19
2016-09-16 22:07:40,1,19
2016-09-16 22:17:44,1,19
2016-09-16 22:26:17,2,18
2016-09-16 22:38:06,1,19
2016-09-16 22:48:43,0,20
2016-09-16 22:58:47,0,20
2016-09-16 23:08:50,0,20
2016-09-16 23:13:46,1,19
2016-09-16 23:23:50,1,19
2016-09-16 23:33:53,1,19
2016-09-16 23:43:57,1,19
2016-09-16 23:48:05,2,18
2016-09-16 23:58:09,2,18
2016-09-17 00:08:13,2,18
2016-09-17 00:18:17,2,18
2016-09-17 00:28:21,2,18
2016-09-17 00:35:00,4,16
2016-09-17 00:43:24,4,16
2016-09-17 00:53:28,4,16
2016-09-17 01:03:32,4,16
2016-09-17 01:11:45,3,17
2016-09-17 01:21:49,3,17
2016-09-17 01:27:14,4,16
2016-09-17 01:32:17,6,14
2016-09-17 01:42:20,6,14
2016-09-17 02:22:35,6,14
2016-09-17 02:52:46,6,14
2016-09-17 03:03:35,6,14
2016-09-17 03:12:53,6,14
2016-09-17 03:22:57,6,14
2016-09-17 03:33:01,6,14
2016-09-17 03:43:05,6,14
2016-09-17 03:50:08,6,14
2016-09-17 03:51:15,4,16
2016-09-17 04:01:19,4,16
2016-09-17 04:11:23,4,16
2016-09-17 04:22:05,4,16
2016-09-17 04:28:40,4,16
2016-09-17 04:37:10,4,16
2016-09-17 04:39:04,5,15
2016-09-17 04:41:04,6,14
2016-09-17 05:11:15,6,14
2016-09-17 05:21:19,6,14
2016-09-17 05:31:22,6,14
2016-09-17 05:41:26,6,14
2016-09-17 05:51:30,6,14
2016-09-17 06:01:33,6,14
2016-09-17 06:11:37,6,14
2016-09-17 06:21:18,7,13
2016-09-17 06:31:21,7,13
2016-09-17 06:41:25,7,13
2016-09-17 06:51:28,7,13
2016-09-17 07:01:32,7,13
2016-09-17 07:11:36,7,13
2016-09-17 07:21:39,7,13
2016-09-17 07:31:44,7,13
2016-09-17 07:41:50,7,13
2016-09-17 07:51:53,7,13
2016-09-17 08:01:57,7,13
2016-09-17 08:20:26,8,12
2016-09-17 08:30:30,8,12
2016-09-17 09:00:41,8,12
2016-09-17 09:10:45,8,12
2016-09-17 09:40:57,8,12
2016-09-17 09:51:01,8,12
2016-09-17 10:01:04,8,12
2016-09-17 10:21:12,8,12
2016-09-17 10:25:56,8,12
2016-09-17 10:26:19,7,13
2016-09-17 10:36:23,7,13
2016-09-17 10:48:08,8,12
2016-09-17 10:57:34,9,11
2016-09-17 11:07:52,9,11
2016-09-17 11:17:56,9,11
2016-09-17 11:25:12,10,10
2016-09-17 11:35:16,10,10
2016-09-17 11:39:11,10,10
2016-09-17 11:41:56,10,10
2016-09-17 12:03:20,8,12
2016-09-17 12:13:24,8,12
2016-09-17 12:23:29,8,12
2016-09-17 12:33:32,8,12
2016-09-17 12:43:36,8,12
2016-09-17 12:53:41,8,12
2016-09-17 12:57:39,9,11
2016-09-17 13:07:43,9,11
2016-09-17 13:08:18,10,10
2016-09-17 13:19:55,9,11
2016-09-17 13:29:16,8,12
2016-09-17 13:39:19,8,12
2016-09-17 13:56:03,10,10
2016-09-17 13:56:27,9,11
2016-09-17 14:06:04,9,11
2016-09-17 14:06:31,8,12
2016-09-17 14:12:05,6,14
2016-09-17 14:15:20,4,16
2016-09-17 14:20:37,5,15
2016-09-17 14:30:40,5,15
2016-09-17 14:38:24,6,14
2016-09-17 14:48:28,6,14
2016-09-17 15:01:57,7,13
2016-09-17 15:32:09,6,14
2016-09-17 15:42:13,6,14
2016-09-17 15:51:16,7,13
2016-09-17 16:11:23,7,13
2016-09-17 16:14:53,6,14
2016-09-17 16:20:01,5,15
2016-09-17 16:50:33,4,16
2016-09-17 17:00:44,3,17
2016-09-17 17:12:06,3,17
2016-09-17 17:16:17,3,17
2016-09-17 17:46:30,3,17
2016-09-17 17:56:34,3,17
2016-09-17 18:06:40,3,17
2016-09-17 18:16:43,3,17
2016-09-17 18:27:43,5,15
2016-09-17 18:37:48,5,15
2016-09-17 18:41:52,7,13
2016-09-17 19:12:08,7,13
2016-09-17 19:24:07,7,13
2016-09-17 19:34:13,6,14
2016-09-17 19:45:24,5,15
2016-09-17 20:06:42,5,15
2016-09-17 20:16:47,5,15
2016-09-17 20:26:51,5,15
2016-09-17 20:36:56,5,15
2016-09-17 20:47:00,5,15
2016-09-17 20:49:48,4,16
2016-09-17 20:59:48,4,16
2016-09-17 21:01:20,3,17
2016-09-17 21:03:53,3,17
2016-09-17 21:15:38,2,18
2016-09-17 21:27:45,1,19
2016-09-17 21:37:50,1,19
2016-09-17 21:47:55,1,19
2016-09-17 21:57:59,1,19
2016-09-17 22:18:10,1,19
2016-09-17 22:28:16,1,19
2016-09-17 22:59:19,2,18
2016-09-17 23:03:33,3,17
2016-09-17 23:13:38,3,17
2016-09-17 23:22:29,4,16
2016-09-17 23:32:34,4,16
2016-09-17 23:36:28,5,15
2016-09-17 23:46:32,5,15
2016-09-17 23:57:54,7,13
2016-09-18 00:07:59,7,13
2016-09-18 00:18:04,7,13
2016-09-18 00:23:21,6,14
2016-09-18 00:32:33,7,13
2016-09-18 00:42:39,7,13
2016-09-18 00:52:43,7,13
2016-09-18 01:02:46,7,13
2016-09-18 01:31:33,4,16
2016-09-18 01:41:38,4,16
2016-09-18 01:51:43,4,16
2016-09-18 02:01:48,4,16
2016-09-18 02:11:53,4,16
2016-09-18 02:21:57,4,16
2016-09-18 02:32:01,4,16
2016-09-18 02:42:06,4,16
2016-09-18 02:52:11,4,16
2016-09-18 03:06:38,5,15
2016-09-18 04:07:07,5,15
2016-09-18 04:23:35,5,15
2016-09-18 04:33:40,5,15
2016-09-18 04:43:44,5,15
2016-09-18 04:53:48,5,15
2016-09-18 05:23:16,4,16
2016-09-18 05:33:19,4,16
2016-09-18 05:43:24,4,16
2016-09-18 05:53:28,4,16
2016-09-18 06:03:33,4,16
2016-09-18 06:13:37,4,16
2016-09-18 06:23:41,4,16
2016-09-18 06:33:45,4,16
2016-09-18 06:53:54,4,16
2016-09-18 07:03:58,4,16
2016-09-18 07:14:02,4,16
2016-09-18 07:24:07,4,16
2016-09-18 07:34:10,4,16
2016-09-18 07:44:15,4,16
2016-09-18 07:54:19,4,16
2016-09-18 08:04:23,4,16
2016-09-18 08:14:26,4,16
2016-09-18 08:24:30,4,16
2016-09-18 08:34:34,4,16
2016-09-18 08:44:38,4,16
2016-09-18 09:04:45,4,16
2016-09-18 09:14:50,4,16
2016-09-18 09:24:54,4,16
2016-09-18 09:49:06,4,16
2016-09-18 09:55:55,4,16
2016-09-18 09:58:08,3,17
2016-09-18 09:59:31,3,17
2016-09-18 10:01:10,3,17
2016-09-18 10:11:14,3,17
2016-09-18 10:19:42,4,16
2016-09-18 10:29:46,4,16
2016-09-18 10:49:54,4,16
2016-09-18 11:07:45,3,17
2016-09-18 11:17:50,3,17
2016-09-18 11:27:54,3,17
2016-09-18 11:31:09,2,18
2016-09-18 11:33:39,1,19
2016-09-18 11:43:44,1,19
2016-09-18 11:44:45,0,20
2016-09-18 11:54:50,0,20
2016-09-18 12:16:01,0,20
2016-09-18 12:44:44,1,19
2016-09-18 12:49:59,1,19
2016-09-18 12:50:19,0,20
2016-09-18 13:00:23,0,20
2016-09-18 13:10:27,0,20
2016-09-18 13:30:37,0,20
2016-09-18 13:40:42,0,20
2016-09-18 13:50:46,0,20
2016-09-18 14:01:10,0,20
2016-09-18 14:02:24,1,19
2016-09-18 14:22:35,1,19
2016-09-18 14:42:44,1,19
2016-09-18 14:49:37,2,18
2016-09-18 14:53:23,3,17
2016-09-18 15:03:28,3,17
2016-09-18 15:13:32,3,17
2016-09-18 15:33:42,3,17
2016-09-18 15:43:46,3,17
2016-09-18 15:53:52,3,17
2016-09-18 15:57:03,2,18
2016-09-18 16:07:07,2,18
2016-09-18 16:12:39,1,19
2016-09-18 16:28:10,2,17
2016-09-18 16:38:14,2,17
2016-09-18 16:49:37,3,16
2016-09-18 16:52:49,3,16
2016-09-18 17:03:24,3,16
2016-09-18 17:15:29,4,15
2016-09-18 17:34:41,3,16
2016-09-18 17:44:45,3,16
2016-09-18 17:54:49,3,16
2016-09-18 17:57:12,4,15
2016-09-18 18:07:16,4,15
2016-09-18 18:12:16,3,16
2016-09-18 18:22:21,3,16
2016-09-18 18:36:07,2,17
2016-09-18 18:45:22,3,16
2016-09-18 18:55:27,3,16
2016-09-18 19:02:07,3,16
2016-09-18 19:09:14,2,17
2016-09-18 19:19:18,2,17
2016-09-18 19:29:22,2,17
2016-09-18 19:35:06,3,16
2016-09-18 19:39:36,2,17
2016-09-18 19:43:41,1,18
2016-09-18 19:53:45,1,18
2016-09-18 19:59:04,0,19
2016-09-18 20:09:13,0,19
2016-09-18 20:14:39,1,18
2016-09-18 20:19:20,0,19
2016-09-18 20:29:24,0,19
2016-09-18 20:39:27,0,19
2016-09-18 20:49:31,0,19
2016-09-18 20:59:35,0,19
2016-09-18 21:09:39,0,19
2016-09-18 21:13:58,0,18
2016-09-18 21:14:49,0,19
2016-09-18 21:26:58,1,18
2016-09-18 21:37:02,1,18
2016-09-18 21:47:05,1,18
2016-09-18 22:07:13,1,18
2016-09-18 22:18:01,1,18
2016-09-18 22:18:20,0,19
2016-09-18 22:28:24,0,19
2016-09-18 22:34:59,1,18
2016-09-18 22:45:03,1,18
2016-09-18 22:55:07,1,18
2016-09-18 23:07:20,0,19
2016-09-18 23:17:25,0,19
2016-09-18 23:27:29,0,19
2016-09-18 23:37:33,0,19
2016-09-18 23:47:36,0,19
2016-09-18 23:57:40,0,19
2016-09-19 00:07:43,0,19
2016-09-19 00:17:47,0,19
2016-09-19 00:27:51,0,19
2016-09-19 00:37:55,0,19
2016-09-19 00:47:58,0,19
2016-09-19 00:56:48,1,18
2016-09-19 01:06:52,1,18
2016-09-19 01:13:41,2,17
2016-09-19 01:23:45,2,17
2016-09-19 01:33:49,2,17
2016-09-19 01:43:53,2,17
2016-09-19 01:53:56,2,17
2016-09-19 02:04:00,2,17
2016-09-19 02:14:04,2,17
2016-09-19 02:18:59,3,16
2016-09-19 02:29:02,3,16
2016-09-19 02:39:06,3,16
2016-09-19 02:44:05,4,15
2016-09-19 02:45:52,3,16
2016-09-19 02:55:55,3,16
2016-09-19 04:23:34,3,16
2016-09-19 04:33:37,3,16
2016-09-19 04:43:41,3,16
2016-09-19 04:53:44,3,16
2016-09-19 05:03:47,3,16
2016-09-19 05:13:51,3,16
2016-09-19 05:23:54,3,16
2016-09-19 05:33:58,3,16
2016-09-19 05:44:02,3,16
2016-09-19 05:54:06,3,16
2016-09-19 06:04:09,3,16
2016-09-19 06:14:13,3,16
2016-09-19 06:24:16,3,16
2016-09-19 06:34:19,3,16
2016-09-19 06:44:22,3,16
2016-09-19 06:54:26,3,16
2016-09-19 07:01:10,2,17
2016-09-19 07:05:04,2,17
2016-09-19 07:06:12,2,17
2016-09-19 07:16:15,2,17
2016-09-19 07:27:01,3,16
2016-09-19 07:37:05,3,16
2016-09-19 07:48:23,2,17
2016-09-19 07:52:23,1,18
2016-09-19 07:58:26,1,18
2016-09-19 08:06:18,2,17
2016-09-19 08:09:39,3,16
2016-09-19 08:20:15,4,15
2016-09-19 08:21:39,5,14
2016-09-19 08:27:45,4,15
2016-09-19 08:33:25,5,14
2016-09-19 08:43:29,5,14
2016-09-19 08:51:39,6,13
2016-09-19 09:01:42,6,13
2016-09-19 09:14:40,7,12
2016-09-19 09:23:55,9,10
2016-09-19 09:28:53,7,12
2016-09-19 09:38:56,7,12
2016-09-19 09:52:59,8,12
2016-09-19 09:56:00,7,13
2016-09-19 10:04:46,8,12
2016-09-19 10:05:36,8,12
2016-09-19 10:17:11,8,12
2016-09-19 10:17:13,7,13
2016-09-19 10:27:17,7,13
2016-09-19 10:30:48,6,14
2016-09-19 10:34:21,7,13
2016-09-19 10:44:24,7,13
2016-09-19 10:48:52,6,14
2016-09-19 10:49:45,5,15
2016-09-19 10:59:48,5,15
2016-09-19 11:02:45,5,15
2016-09-19 11:03:19,4,16
2016-09-19 11:13:22,4,16
2016-09-19 11:20:11,3,17
2016-09-19 11:22:41,3,17
2016-09-19 11:24:28,2,18
2016-09-19 11:34:31,2,18
2016-09-19 11:44:35,2,18
2016-09-19 11:54:39,2,18
2016-09-19 12:04:43,2,18
2016-09-19 12:08:20,0,20
2016-09-19 12:18:23,0,20
2016-09-19 12:28:27,0,20
2016-09-19 12:43:22,2,18
2016-09-19 12:51:59,2,18
2016-09-19 13:01:03,2,18
2016-09-19 13:02:52,1,19
2016-09-19 13:03:17,1,19
2016-09-19 13:13:21,1,19
2016-09-19 13:22:15,0,20
2016-09-19 13:27:14,1,19
2016-09-19 13:30:05,3,17
2016-09-19 13:36:35,4,16
2016-09-19 13:46:39,4,16
2016-09-19 13:53:11,3,17
2016-09-19 14:03:14,3,17
2016-09-19 14:07:09,3,17
2016-09-19 14:07:47,2,18
2016-09-19 14:17:51,2,18
2016-09-19 14:26:24,1,19
2016-09-19 14:36:27,1,19
2016-09-19 14:39:02,2,18
2016-09-19 14:46:06,2,18
2016-09-19 14:52:22,3,17
2016-09-19 14:59:26,4,16
2016-09-19 15:09:30,4,16
2016-09-19 15:18:33,3,17
2016-09-19 15:26:21,5,15
2016-09-19 15:36:43,4,16
2016-09-19 15:46:46,4,16
2016-09-19 15:55:44,2,18
2016-09-19 15:57:46,1,19
2016-09-19 16:07:50,1,19
2016-09-19 16:20:55,2,18
2016-09-19 16:22:59,4,16
2016-09-19 16:23:33,4,16
2016-09-19 16:34:55,3,17
2016-09-19 16:36:44,3,17
2016-09-19 16:38:50,0,20
2016-09-19 16:48:54,0,20
2016-09-19 16:59:15,0,20
2016-09-19 17:30:01,2,18
2016-09-19 17:37:53,4,16
2016-09-19 17:38:28,3,17
2016-09-19 17:52:05,0,20
2016-09-19 18:02:09,0,20
2016-09-19 18:27:42,1,19
2016-09-19 18:31:32,2,18
2016-09-19 18:35:52,1,19
2016-09-19 18:36:22,0,20
2016-09-19 18:46:26,0,20
2016-09-19 18:56:30,0,20
2016-09-19 18:58:45,1,19
2016-09-19 19:08:48,1,19
2016-09-19 19:48:43,1,19
2016-09-19 19:51:40,0,20
2016-09-19 19:56:52,1,19
2016-09-19 20:00:13,0,20
2016-09-19 20:21:55,1,19
2016-09-19 20:22:15,0,20
2016-09-19 20:32:19,0,20
2016-09-19 20:42:22,0,20
2016-09-19 20:51:14,1,19
2016-09-19 20:53:25,1,19
2016-09-19 21:03:29,1,19
2016-09-19 21:07:35,2,18
2016-09-19 21:20:11,3,17
2016-09-19 21:57:58,3,17
2016-09-19 22:08:39,2,18
2016-09-19 22:38:51,2,18
2016-09-19 23:09:04,2,18
2016-09-19 23:16:04,2,18
2016-09-19 23:16:12,3,17
2016-09-19 23:31:51,1,19
2016-09-19 23:41:56,1,19
2016-09-19 23:52:00,1,19
2016-09-20 00:02:04,1,19
2016-09-20 00:12:09,1,19
2016-09-20 00:22:12,1,19
2016-09-20 00:32:17,1,19
2016-09-20 00:42:21,1,19
2016-09-20 00:52:26,1,19
2016-09-20 01:02:30,1,19
2016-09-20 01:08:06,1,19
2016-09-20 01:08:09,2,18
2016-09-20 01:22:06,3,17
2016-09-20 01:32:10,3,17
2016-09-20 01:37:45,2,18
2016-09-20 01:47:49,2,18
2016-09-20 01:52:14,3,17
2016-09-20 02:02:18,3,17
2016-09-20 02:22:26,3,17
2016-09-20 03:23:17,4,16
2016-09-20 03:33:21,4,16
2016-09-20 03:43:25,4,16
2016-09-20 04:34:57,5,15
2016-09-20 04:45:02,5,15
2016-09-20 04:55:05,5,15
2016-09-20 05:05:09,5,15
2016-09-20 05:15:14,5,15
2016-09-20 05:25:18,5,15
2016-09-20 05:35:23,5,15
2016-09-20 05:45:27,5,15
2016-09-20 05:55:32,5,15
2016-09-20 06:05:35,5,15
2016-09-20 06:15:39,5,15
2016-09-20 06:19:08,6,14
2016-09-20 06:29:12,6,14
2016-09-20 06:39:16,6,14
2016-09-20 06:56:56,6,14
2016-09-20 07:03:11,6,14
2016-09-20 07:03:13,7,13
2016-09-20 07:15:11,7,13
2016-09-20 07:15:14,6,14
2016-09-20 07:19:40,5,15
2016-09-20 07:29:45,5,15
2016-09-20 07:33:17,6,14
2016-09-20 07:42:29,7,13
2016-09-20 07:45:10,7,13
2016-09-20 07:45:40,6,14
2016-09-20 07:53:53,7,13
2016-09-20 08:02:16,8,12
2016-09-20 08:05:35,7,13
2016-09-20 08:15:40,7,13
2016-09-20 08:26:34,10,10
2016-09-20 08:43:07,11,9
2016-09-20 08:48:25,10,10
2016-09-20 08:50:20,10,10
2016-09-20 08:54:53,13,7
2016-09-20 09:04:57,13,7
2016-09-20 09:07:46,12,8
2016-09-20 09:16:51,11,9
2016-09-20 09:22:47,12,8
2016-09-20 09:27:38,13,7
2016-09-20 09:39:04,14,6
2016-09-20 09:42:00,15,5
2016-09-20 09:52:03,15,5
2016-09-20 10:02:41,17,3
2016-09-20 10:12:45,17,3
2016-09-20 10:14:47,16,4
2016-09-20 10:24:51,16,4
2016-09-20 10:30:07,15,5
2016-09-20 10:35:10,16,4
2016-09-20 10:40:01,16,4
2016-09-20 10:50:05,16,4
2016-09-20 11:00:10,16,4
2016-09-20 11:09:04,16,4
2016-09-20 11:10:35,20,0
2016-09-20 11:15:03,20,0
2016-09-20 11:17:19,20,0
2016-09-20 11:27:22,20,0
2016-09-20 11:31:03,20,0
2016-09-20 11:33:01,20,0
2016-09-20 11:34:14,20,0
2016-09-20 11:36:49,19,1
2016-09-20 11:46:53,19,1
2016-09-20 11:55:01,18,2
2016-09-20 11:56:51,17,3
2016-09-20 12:00:59,14,6
2016-09-20 12:15:10,15,4
2016-09-20 12:15:20,15,4
2016-09-20 12:21:40,17,2
2016-09-20 12:31:44,17,2
2016-09-20 12:51:51,17,2
2016-09-20 12:57:04,16,3
2016-09-20 13:01:40,17,3
2016-09-20 13:15:32,19,1
2016-09-20 13:19:56,18,2
2016-09-20 13:27:30,19,1
2016-09-20 13:34:58,19,1
2016-09-20 13:35:40,18,2
2016-09-20 13:45:43,18,2
2016-09-20 13:52:16,19,1
2016-09-20 13:55:08,19,1
2016-09-20 14:02:28,20,0
2016-09-20 14:12:31,20,0
2016-09-20 14:22:35,20,0
2016-09-20 14:33:34,20,0
2016-09-20 14:35:24,19,1
2016-09-20 14:45:28,19,1
2016-09-20 14:54:05,19,1
2016-09-20 14:55:49,18,2
2016-09-20 15:07:29,18,2
2016-09-20 15:17:32,18,2
2016-09-20 15:26:00,17,3
2016-09-20 15:27:47,17,3
2016-09-20 15:42:41,16,4
2016-09-20 16:04:05,15,5
2016-09-20 16:05:51,16,4
2016-09-20 16:15:36,15,5
2016-09-20 16:16:13,14,6
2016-09-20 16:19:21,14,6
2016-09-20 16:20:15,14,6
2016-09-20 16:23:25,13,7
2016-09-20 16:27:50,13,7
2016-09-20 16:41:35,11,9
2016-09-20 16:48:02,12,8
2016-09-20 16:49:11,12,8
2016-09-20 16:51:26,11,9
2016-09-20 16:55:18,9,11
2016-09-20 17:04:50,9,11
2016-09-20 17:05:54,10,10
2016-09-20 17:08:37,9,11
2016-09-20 17:14:23,10,10
2016-09-20 17:25:06,9,11
2016-09-20 17:41:01,10,10
2016-09-20 17:50:55,11,9
2016-09-20 17:57:57,9,11
2016-09-20 18:01:57,8,12
2016-09-20 18:03:29,5,15
2016-09-20 18:05:44,4,16
2016-09-20 18:06:11,3,17
2016-09-20 18:09:24,2,18
2016-09-20 18:22:05,1,19
2016-09-20 18:22:36,2,18
2016-09-20 18:49:55,4,16
2016-09-20 18:54:19,3,17
2016-09-20 18:59:08,3,17
2016-09-20 19:00:58,2,18
2016-09-20 19:11:02,2,18
2016-09-20 19:22:09,2,18
2016-09-20 19:34:09,2,18
2016-09-20 19:35:35,3,17
2016-09-20 19:45:04,4,16
2016-09-20 19:51:11,3,17
2016-09-20 19:55:37,2,18
2016-09-20 19:58:42,2,18
2016-09-20 20:00:59,2,18
2016-09-20 20:12:00,2,18
2016-09-20 20:14:34,1,19
2016-09-20 20:24:37,1,19
2016-09-20 20:34:41,1,19
2016-09-20 20:36:03,2,18
2016-09-20 20:46:08,2,18
2016-09-20 21:23:17,2,18
2016-09-20 21:26:15,1,19
2016-09-20 21:38:01,1,19
2016-09-20 21:48:38,0,20
2016-09-20 21:58:42,0,20
2016-09-20 22:18:48,0,20
2016-09-20 22:28:52,0,20
2016-09-20 22:38:56,0,20
2016-09-20 22:48:59,0,20
2016-09-20 22:59:02,0,20
2016-09-20 23:26:53,0,20
2016-09-21 00:00:43,1,19
2016-09-21 00:10:46,1,19
2016-09-21 00:20:50,1,19
2016-09-21 00:30:53,1,19
2016-09-21 00:37:50,2,18
2016-09-21 00:45:38,3,17
2016-09-21 00:55:42,3,17
2016-09-21 01:05:13,4,16
2016-09-21 01:14:29,6,14
2016-09-21 01:24:32,6,14
2016-09-21 01:34:36,6,14
2016-09-21 01:37:31,7,13
2016-09-21 01:47:35,7,13
2016-09-21 02:17:46,7,13
2016-09-21 02:27:50,7,13
2016-09-21 02:30:57,6,14
2016-09-21 02:32:06,7,13
2016-09-21 02:42:09,7,13
2016-09-21 02:52:13,7,13
2016-09-21 03:02:17,7,13
2016-09-21 03:12:21,7,13
2016-09-21 03:21:59,9,11
2016-09-21 03:32:03,9,11
2016-09-21 03:42:07,9,11
2016-09-21 03:52:11,9,11
2016-09-21 04:09:38,8,12
2016-09-21 04:16:15,8,12
2016-09-21 04:21:18,9,11
2016-09-21 04:22:14,10,10
2016-09-21 04:32:18,10,10
2016-09-21 04:34:30,11,9
2016-09-21 04:52:06,10,10
2016-09-21 05:02:10,10,10
2016-09-21 05:12:14,10,10
2016-09-21 05:22:17,10,10
2016-09-21 05:36:52,11,9
2016-09-21 06:07:16,11,9
2016-09-21 06:17:20,11,9
2016-09-21 06:27:24,11,9
2016-09-21 06:37:28,11,9
2016-09-21 06:47:31,11,9
2016-09-21 06:57:35,11,9
2016-09-21 06:58:39,10,10
2016-09-21 07:02:10,11,9
2016-09-21 07:12:13,11,9
2016-09-21 07:21:17,10,10
2016-09-21 07:38:02,11,9
2016-09-21 07:39:36,9,11
2016-09-21 07:49:39,9,11
2016-09-21 08:00:37,11,9
2016-09-21 08:06:03,12,8
2016-09-21 08:19:03,13,7
2016-09-21 08:25:34,14,6
2016-09-21 08:29:14,15,5
2016-09-21 08:31:42,15,5
2016-09-21 08:32:10,14,6
2016-09-21 08:41:04,15,5
2016-09-21 08:44:20,16,4
2016-09-21 08:47:17,15,5
2016-09-21 08:49:05,16,4
2016-09-21 08:55:42,18,2
2016-09-21 09:00:16,18,2
2016-09-21 09:23:04,19,1
2016-09-21 09:36:06,20,0
2016-09-21 09:46:09,20,0
2016-09-21 09:56:13,20,0
2016-09-21 10:11:35,20,0
2016-09-21 10:12:21,19,1
2016-09-21 10:17:13,20,0
2016-09-21 10:27:48,20,0
2016-09-21 10:29:37,18,2
2016-09-21 10:33:41,19,1
2016-09-21 10:43:44,19,1
2016-09-21 10:48:58,20,0
2016-09-21 10:52:06,19,1
2016-09-21 10:52:59,17,3
2016-09-21 10:57:23,17,3
2016-09-21 10:59:55,16,4
2016-09-21 11:21:01,15,5
2016-09-21 11:31:04,15,5
2016-09-21 11:47:21,16,4
2016-09-21 11:53:10,17,3
2016-09-21 11:58:09,16,4
2016-09-21 12:07:44,15,5
2016-09-21 12:13:22,14,6
2016-09-21 12:17:59,14,6
2016-09-21 12:18:47,13,7
2016-09-21 12:23:04,15,5
2016-09-21 12:25:19,14,6
2016-09-21 12:27:56,15,5
2016-09-21 12:37:59,15,5
2016-09-21 12:56:12,16,4
2016-09-21 13:07:34,15,5
2016-09-21 13:13:47,15,5
2016-09-21 13:14:09,14,6
2016-09-21 13:23:46,15,5
2016-09-21 13:29:25,15,5
2016-09-21 13:33:31,15,5
2016-09-21 13:34:03,14,6
2016-09-21 13:44:00,16,4
2016-09-21 13:45:23,16,4
2016-09-21 13:54:55,18,2
2016-09-21 14:13:22,20,0
2016-09-21 14:23:26,20,0
2016-09-21 14:33:29,20,0
2016-09-21 14:43:33,20,0
2016-09-21 14:53:37,20,0
2016-09-21 15:13:32,20,0
2016-09-21 15:33:40,20,0
2016-09-21 15:41:40,19,1
2016-09-21 15:46:59,20,0
2016-09-21 15:59:23,19,1
2016-09-21 16:03:13,17,3
2016-09-21 16:08:06,18,2
2016-09-21 16:19:36,18,2
2016-09-21 16:23:24,15,4
2016-09-21 16:27:25,16,3
2016-09-21 16:32:01,16,3
2016-09-21 16:33:39,14,5
2016-09-21 16:35:17,12,8
2016-09-21 16:45:38,13,7
2016-09-21 16:58:45,11,9
2016-09-21 17:00:30,12,8
2016-09-21 17:11:51,12,8
2016-09-21 17:17:57,12,8
2016-09-21 17:21:58,15,5
2016-09-21 17:29:35,13,7
2016-09-21 17:37:17,15,5
2016-09-21 17:40:28,14,6
2016-09-21 17:47:35,16,4
2016-09-21 17:50:45,16,4
2016-09-21 18:01:53,17,3
2016-09-21 18:03:47,17,3
2016-09-21 18:08:07,15,5
2016-09-21 18:15:45,15,5
2016-09-21 18:17:52,14,6
2016-09-21 18:19:47,13,7
2016-09-21 18:20:17,12,8
2016-09-21 18:24:33,13,7
2016-09-21 18:37:42,14,6
2016-09-21 18:41:40,13,7
2016-09-21 18:50:55,15,5
2016-09-21 18:53:52,14,6
2016-09-21 18:55:45,13,7
2016-09-21 18:57:47,12,8
2016-09-21 19:05:22,11,9
2016-09-21 19:11:44,10,10
2016-09-21 19:14:19,8,12
2016-09-21 19:27:12,9,11
2016-09-21 19:37:49,9,11
2016-09-21 19:45:31,8,12
2016-09-21 19:46:39,9,11
2016-09-21 19:51:51,10,10
2016-09-21 20:05:50,13,7
2016-09-21 20:07:14,12,8
2016-09-21 20:13:36,13,7
2016-09-21 20:23:47,12,8
2016-09-21 20:33:50,12,8
2016-09-21 20:43:57,13,7
2016-09-21 20:54:55,13,7
2016-09-21 21:03:48,13,7
2016-09-21 21:04:11,12,8
2016-09-21 21:06:07,13,7
2016-09-21 21:17:21,15,5
2016-09-21 21:31:48,14,6
2016-09-21 21:33:41,14,6
2016-09-21 21:34:51,13,7
2016-09-21 21:43:22,14,6
2016-09-21 21:50:07,14,6
2016-09-21 22:00:10,14,6
2016-09-21 22:10:14,14,6
2016-09-21 22:20:17,14,6
2016-09-21 22:30:21,14,6
2016-09-21 22:43:05,15,5
2016-09-21 22:46:26,14,6
2016-09-21 22:55:43,15,5
2016-09-21 23:26:37,15,5
2016-09-21 23:33:58,15,5
2016-09-21 23:34:53,13,7
2016-09-21 23:37:19,14,6
2016-09-21 23:43:24,13,7
2016-09-21 23:53:27,13,7
2016-09-22 00:03:31,13,7
2016-09-22 00:13:35,13,7
2016-09-22 00:15:29,13,7
2016-09-22 00:25:33,13,7
2016-09-22 00:35:36,13,7
2016-09-22 00:45:40,13,7
2016-09-22 00:55:43,13,7
2016-09-22 01:21:10,15,5
2016-09-22 01:25:02,16,4
2016-09-22 01:35:21,18,2
2016-09-22 01:54:34,19,1
2016-09-22 02:05:51,20,0
2016-09-22 02:15:54,20,0
2016-09-22 02:25:58,20,0
2016-09-22 02:36:02,20,0
2016-09-22 02:46:06,20,0
2016-09-22 02:56:09,20,0
2016-09-22 03:13:22,20,0
2016-09-22 03:23:26,20,0
2016-09-22 03:33:30,20,0
2016-09-22 03:43:34,20,0
2016-09-22 03:53:38,20,0
2016-09-22 04:03:41,20,0
2016-09-22 04:13:45,20,0
2016-09-22 04:33:36,20,0
2016-09-22 04:43:40,20,0
2016-09-22 05:13:51,20,0
2016-09-22 05:23:55,20,0
2016-09-22 05:33:58,20,0
2016-09-22 05:37:07,20,0
2016-09-22 05:37:59,10,10
2016-09-22 05:48:02,10,10
2016-09-22 05:58:06,10,10
2016-09-22 06:08:22,10,10
2016-09-22 06:18:25,10,10
2016-09-22 06:28:29,10,10
2016-09-22 06:38:33,10,10
2016-09-22 06:48:37,10,10
2016-09-22 06:58:42,10,10
2016-09-22 07:02:38,11,9
2016-09-22 07:12:42,11,9
2016-09-22 07:34:43,11,9
2016-09-22 07:39:02,11,9
2016-09-22 07:39:54,10,10
2016-09-22 07:45:47,11,9
2016-09-22 07:53:10,12,8
2016-09-22 07:53:42,13,7
2016-09-22 07:56:12,12,8
2016-09-22 08:06:15,12,8
2016-09-22 08:09:29,13,7
2016-09-22 08:20:23,15,5
2016-09-22 08:24:30,14,6
2016-09-22 08:31:04,13,7
2016-09-22 08:31:37,14,6
2016-09-22 08:40:37,15,5
2016-09-22 08:50:40,15,5
2016-09-22 08:53:10,16,4
2016-09-22 09:19:38,19,1
2016-09-22 09:21:46,20,0
2016-09-22 09:31:50,20,0
2016-09-22 09:41:54,20,0
2016-09-22 09:48:38,19,1
2016-09-22 09:51:00,19,1
2016-09-22 09:51:27,18,2
2016-09-22 10:01:31,18,2
2016-09-22 10:09:03,18,2
2016-09-22 10:10:57,17,3
2016-09-22 10:11:40,16,4
2016-09-22 10:16:17,15,5
2016-09-22 10:26:48,14,6
2016-09-22 10:30:02,14,6
2016-09-22 10:32:02,13,7
2016-09-22 10:43:24,14,6
2016-09-22 10:46:30,13,7
2016-09-22 10:56:35,13,7
2016-09-22 11:00:55,14,6
2016-09-22 11:02:44,14,6
2016-09-22 11:03:16,13,7
2016-09-22 11:10:34,12,8
2016-09-22 11:20:38,12,8
2016-09-22 11:22:41,12,8
2016-09-22 11:25:00,12,8
2016-09-22 11:35:05,12,8
2016-09-22 11:45:11,12,8
2016-09-22 11:53:11,13,7
2016-09-22 11:53:38,12,8
2016-09-22 12:00:19,11,9
2016-09-22 12:10:32,10,10
2016-09-22 12:11:50,8,12
2016-09-22 12:32:27,7,13
2016-09-22 12:34:16,6,14
2016-09-22 12:44:19,6,14
2016-09-22 12:47:09,7,13
2016-09-22 12:54:13,7,13
2016-09-22 12:56:06,6,14
2016-09-22 13:01:39,8,12
2016-09-22 13:12:54,8,12
2016-09-22 13:13:31,7,13
2016-09-22 13:16:11,6,14
2016-09-22 13:26:15,6,14
2016-09-22 13:36:22,5,15
2016-09-22 13:41:01,6,14
2016-09-22 13:51:04,6,14
2016-09-22 13:54:09,7,13
2016-09-22 14:05:11,7,13
2016-09-22 14:06:26,6,14
2016-09-22 14:14:50,5,15
2016-09-22 14:17:37,6,14
2016-09-22 14:29:00,6,14
2016-09-22 14:29:34,5,15
2016-09-22 14:39:17,6,14
2016-09-22 14:49:23,6,14
2016-09-22 14:59:27,6,14
2016-09-22 15:04:19,7,13
2016-09-22 15:14:22,7,13
2016-09-22 15:18:08,8,12
2016-09-22 15:20:37,10,10
2016-09-22 15:27:00,10,10
2016-09-22 15:28:33,10,10
2016-09-22 15:38:37,10,10
2016-09-22 15:45:04,10,10
2016-09-22 15:45:32,9,11
2016-09-22 15:56:27,11,9
2016-09-22 15:58:55,11,9
2016-09-22 16:21:01,9,11
2016-09-22 16:21:41,10,10
2016-09-22 16:32:59,11,9
2016-09-22 16:34:48,9,11
2016-09-22 16:35:17,8,12
2016-09-22 16:37:43,7,13
2016-09-22 16:47:02,6,14
2016-09-22 16:47:31,5,15
2016-09-22 16:59:09,5,15
2016-09-22 16:59:37,4,16
2016-09-22 17:04:11,5,15
2016-09-22 17:06:57,5,15
2016-09-22 17:18:35,2,18
2016-09-22 17:29:05,2,18
2016-09-22 17:29:33,1,19
2016-09-22 17:36:15,0,20
2016-09-22 17:45:15,1,19
2016-09-22 17:55:19,1,19
2016-09-22 18:04:51,2,18
2016-09-22 18:11:10,1,19
2016-09-22 18:13:08,0,20
2016-09-22 18:13:14,0,20
2016-09-22 18:22:47,1,19
2016-09-22 18:28:34,0,20
2016-09-22 18:36:23,0,20
2016-09-22 18:56:30,0,20
2016-09-22 19:01:00,1,19
2016-09-22 19:07:12,1,19
2016-09-22 19:07:42,0,20
2016-09-22 19:09:32,1,19
2016-09-22 19:11:51,2,18
2016-09-22 19:14:27,1,19
2016-09-22 19:17:06,0,20
2016-09-22 19:27:10,0,20
2016-09-22 19:35:44,1,19
2016-09-22 19:45:41,0,20
2016-09-22 19:49:48,1,19
2016-09-22 19:52:01,0,20
2016-09-22 20:02:05,0,20
2016-09-22 20:07:25,1,19
2016-09-22 20:12:25,0,20
2016-09-22 20:22:30,0,20
2016-09-22 20:32:34,0,20
2016-09-22 20:42:37,0,20
2016-09-22 20:47:06,2,18
2016-09-22 20:57:10,2,18
2016-09-22 21:02:45,3,17
2016-09-22 21:05:18,4,16
2016-09-22 21:12:52,5,15
2016-09-22 21:25:04,6,14
2016-09-22 21:25:28,5,15
2016-09-22 21:35:32,5,15
2016-09-22 21:45:36,5,15
2016-09-22 21:55:40,5,15
2016-09-22 22:08:56,6,14
2016-09-22 22:29:03,6,14
2016-09-22 22:38:17,5,15
2016-09-22 22:55:02,6,14
2016-09-22 23:01:54,7,13
2016-09-22 23:05:41,7,13
2016-09-22 23:06:11,6,14
2016-09-22 23:11:54,4,16
2016-09-22 23:13:23,3,17
2016-09-22 23:16:54,2,18
2016-09-22 23:26:57,2,18
2016-09-22 23:37:01,2,18
2016-09-22 23:39:44,2,18
2016-09-22 23:41:48,2,18
2016-09-22 23:42:19,2,18
2016-09-22 23:56:49,3,17
2016-09-23 00:16:58,3,17
2016-09-23 00:27:02,3,17
2016-09-23 00:33:41,5,15
2016-09-23 00:34:37,5,15
2016-09-23 00:42:43,7,13
2016-09-23 00:47:27,8,12
2016-09-23 00:51:29,7,13
2016-09-23 01:01:32,7,13
2016-09-23 01:11:35,7,13
2016-09-23 01:21:39,7,13
2016-09-23 01:31:43,7,13
2016-09-23 01:41:46,7,13
2016-09-23 01:51:00,6,14
2016-09-23 02:04:28,7,13
2016-09-23 02:09:52,5,15
2016-09-23 02:17:04,7,13
2016-09-23 02:27:07,7,13
2016-09-23 02:37:11,7,13
2016-09-23 02:47:15,7,13
2016-09-23 02:57:19,7,13
2016-09-23 03:00:32,8,12
2016-09-23 03:15:41,10,10
2016-09-23 03:25:45,10,10
2016-09-23 03:35:49,10,10
2016-09-23 03:41:08,13,7
2016-09-23 03:51:11,13,7
2016-09-23 04:06:52,14,6
2016-09-23 04:23:35,15,5
2016-09-23 04:33:38,15,5
2016-09-23 04:44:43,16,4
2016-09-23 04:50:14,17,3
2016-09-23 04:56:08,18,2
2016-09-23 05:06:11,18,2
2016-09-23 05:12:54,18,2
2016-09-23 05:13:14,17,3
2016-09-23 05:23:17,17,3
2016-09-23 05:33:21,17,3
2016-09-23 05:43:25,17,3
2016-09-23 05:53:29,17,3
2016-09-23 06:02:51,10,10
2016-09-23 06:12:54,10,10
2016-09-23 06:18:38,11,9
2016-09-23 06:28:41,11,9
2016-09-23 06:38:45,11,9
2016-09-23 06:48:49,11,9
2016-09-23 06:58:53,11,9
2016-09-23 07:04:52,12,8
2016-09-23 07:14:55,12,8
2016-09-23 07:25:04,12,8
2016-09-23 07:30:12,11,9
2016-09-23 07:38:23,10,10
2016-09-23 07:42:28,11,9
2016-09-23 07:56:19,14,6
2016-09-23 08:01:17,15,5
2016-09-23 08:12:38,14,6
2016-09-23 08:18:58,15,5
2016-09-23 08:22:45,16,4
2016-09-23 08:27:07,17,3
2016-09-23 08:37:10,17,3
2016-09-23 08:44:52,18,2
2016-09-23 08:54:33,19,1
2016-09-23 09:02:55,20,0
2016-09-23 09:05:11,20,0
2016-09-23 09:05:32,19,1
2016-09-23 09:15:35,20,0
2016-09-23 09:22:16,19,1
2016-09-23 09:32:40,18,2
2016-09-23 09:42:44,18,2
2016-09-23 09:48:56,18,2
2016-09-23 09:54:38,19,1
2016-09-23 09:57:02,18,2
2016-09-23 09:57:32,18,2
2016-09-23 10:00:22,19,1
2016-09-23 10:02:53,20,0
2016-09-23 10:12:57,20,0
2016-09-23 10:20:30,19,1
2016-09-23 10:21:24,20,0
2016-09-23 10:31:27,20,0
2016-09-23 10:41:30,20,0
2016-09-23 10:51:33,20,0
2016-09-23 11:01:37,20,0
2016-09-23 11:05:06,20,0
2016-09-23 11:06:23,19,1
2016-09-23 11:07:18,18,2
2016-09-23 11:17:22,18,2
2016-09-23 11:20:53,17,3
2016-09-23 11:25:36,18,2
2016-09-23 11:35:39,18,2
2016-09-23 11:47:33,19,1
2016-09-23 11:54:55,18,2
2016-09-23 11:55:44,19,1
2016-09-23 11:58:06,18,2
2016-09-23 12:08:15,18,2
2016-09-23 12:12:01,17,3
2016-09-23 12:17:47,17,3
2016-09-23 12:25:02,17,3
2016-09-23 12:25:43,16,4
2016-09-23 12:34:44,15,5
2016-09-23 12:39:14,16,4
2016-09-23 12:51:04,16,4
2016-09-23 12:51:47,15,5
2016-09-23 13:02:01,16,4
2016-09-23 13:12:05,16,4
2016-09-23 13:19:08,15,5
2016-09-23 13:22:52,15,5
2016-09-23 13:23:18,14,6
2016-09-23 13:33:22,14,6
2016-09-23 13:43:25,14,6
2016-09-23 13:49:07,14,6
2016-09-23 13:55:11,12,8
2016-09-23 13:58:24,13,7
2016-09-23 14:08:27,13,7
2016-09-23 14:12:19,14,6
2016-09-23 14:22:59,14,6
2016-09-23 14:34:57,14,6
2016-09-23 14:37:03,13,7
2016-09-23 14:41:11,12,8
2016-09-23 14:41:59,12,8
2016-09-23 14:52:02,12,8
2016-09-23 15:02:06,12,8
2016-09-23 15:10:48,12,8
2016-09-23 15:11:29,11,9
2016-09-23 15:21:32,11,9
2016-09-23 15:24:49,12,8
2016-09-23 15:26:06,11,9
2016-09-23 15:33:07,10,10
2016-09-23 15:33:43,9,11
2016-09-23 15:42:28,9,11
2016-09-23 16:02:16,10,10
2016-09-23 16:11:11,9,11
2016-09-23 16:11:55,9,11
2016-09-23 16:20:58,10,10
2016-09-23 16:24:57,10,10
2016-09-23 16:25:25,9,11
2016-09-23 16:35:28,9,11
2016-09-23 16:41:02,9,11
2016-09-23 16:41:30,8,12
2016-09-23 16:44:52,7,13
2016-09-23 16:46:52,6,14
2016-09-23 16:51:57,8,12
2016-09-23 16:53:56,9,11
2016-09-23 16:56:15,8,12
2016-09-23 17:03:12,8,12
2016-09-23 17:14:02,8,12
2016-09-23 17:19:08,11,9
2016-09-23 17:24:46,10,10
2016-09-23 17:31:59,11,9
2016-09-23 17:33:45,10,10
2016-09-23 17:37:12,9,11
2016-09-23 17:37:33,8,12
2016-09-23 17:39:55,7,13
2016-09-23 18:00:02,7,13
2016-09-23 18:05:07,3,17
2016-09-23 18:08:35,1,19
2016-09-23 18:14:18,0,20
2016-09-23 18:18:46,1,19
2016-09-23 18:34:34,0,20
2016-09-23 18:44:38,0,20
2016-09-23 18:46:56,1,19
2016-09-23 18:57:01,2,18
2016-09-23 18:58:07,1,19
2016-09-23 19:21:40,1,19
2016-09-23 19:27:49,0,20
2016-09-23 19:37:52,0,20
2016-09-23 19:47:56,0,20
2016-09-23 19:58:00,0,20
2016-09-23 20:08:04,0,20
2016-09-23 20:11:23,1,19
2016-09-23 20:21:28,1,19
2016-09-23 20:30:20,1,19
2016-09-23 20:31:32,2,18
2016-09-23 20:37:53,1,19
2016-09-23 20:47:58,1,19
2016-09-23 20:50:33,1,19
2016-09-23 21:00:37,1,19
2016-09-23 21:14:53,0,20
2016-09-23 21:24:57,0,20
2016-09-23 21:35:01,0,20
2016-09-23 21:43:26,1,19
2016-09-23 21:53:29,1,19
2016-09-23 22:03:34,1,19
2016-09-23 22:13:39,1,19
2016-09-23 22:24:24,2,18
2016-09-23 22:33:40,1,19
2016-09-23 22:43:44,1,19
2016-09-23 22:49:56,2,18
2016-09-23 23:10:04,2,18
2016-09-23 23:20:07,2,18
2016-09-23 23:26:28,3,17
2016-09-23 23:36:32,3,17
2016-09-23 23:44:09,2,18
2016-09-23 23:48:48,1,19
2016-09-23 23:58:52,1,19
2016-09-24 00:08:56,1,19
2016-09-24 00:18:59,1,19
2016-09-24 00:29:03,1,19
2016-09-24 00:39:07,1,19
2016-09-24 00:56:20,3,17
2016-09-24 01:06:24,3,17
2016-09-24 01:16:15,4,16
2016-09-24 01:26:19,4,16
2016-09-24 01:36:23,4,16
2016-09-24 01:46:26,4,16
2016-09-24 01:51:13,5,15
2016-09-24 02:01:16,5,15
2016-09-24 02:10:37,6,14
2016-09-24 02:20:41,6,14
2016-09-24 02:30:45,6,14
2016-09-24 02:40:50,6,14
2016-09-24 02:50:54,6,14
2016-09-24 03:00:58,6,14
2016-09-24 03:11:02,6,14
2016-09-24 03:21:05,6,14
2016-09-24 03:26:23,5,15
2016-09-24 03:33:31,4,16
2016-09-24 03:43:34,4,16
2016-09-24 03:53:38,4,16
2016-09-24 04:03:42,4,16
2016-09-24 04:13:46,4,16
2016-09-24 04:15:24,4,16
2016-09-24 04:22:05,4,16
2016-09-24 04:24:07,5,15
2016-09-24 04:25:16,6,14
2016-09-24 04:28:30,7,13
2016-09-24 04:35:01,8,12
2016-09-24 04:45:17,10,10
2016-09-24 04:55:21,10,10
2016-09-24 05:05:25,10,10
2016-09-24 05:15:30,10,10
2016-09-24 05:25:33,10,10
2016-09-24 05:35:37,10,10
2016-09-24 05:45:41,10,10
2016-09-24 05:55:46,10,10
2016-09-24 06:05:50,10,10
2016-09-24 06:15:54,10,10
2016-09-24 06:19:17,11,9
2016-09-24 06:29:22,11,9
2016-09-24 06:39:25,11,9
2016-09-24 06:49:30,11,9
2016-09-24 06:59:34,11,9
2016-09-24 07:09:06,10,10
2016-09-24 07:19:09,10,10
2016-09-24 07:29:13,10,10
2016-09-24 07:39:16,10,10
2016-09-24 07:59:25,10,10
2016-09-24 08:09:28,10,10
2016-09-24 08:19:32,10,10
2016-09-24 08:29:36,10,10
2016-09-24 08:39:40,10,10
2016-09-24 08:49:43,10,10
2016-09-24 09:29:59,10,10
2016-09-24 09:40:04,10,10
2016-09-24 09:52:19,9,11
2016-09-24 10:02:23,9,11
2016-09-24 10:12:26,9,11
2016-09-24 10:22:30,9,11
2016-09-24 10:32:34,9,11
2016-09-24 10:43:12,9,11
2016-09-24 10:52:08,11,9
2016-09-24 11:01:03,11,9
2016-09-24 11:03:02,10,10
2016-09-24 11:03:28,9,11
2016-09-24 11:13:32,9,11
2016-09-24 11:23:35,9,11
2016-09-24 11:25:54,8,12
2016-09-24 11:32:21,10,10
2016-09-24 11:39:23,11,9
2016-09-24 11:49:27,11,9
2016-09-24 11:53:38,10,10
2016-09-24 11:58:39,9,11
2016-09-24 12:08:44,9,11
2016-09-24 12:39:02,9,11
2016-09-24 12:50:02,8,12
2016-09-24 12:57:09,10,10
2016-09-24 13:06:50,9,11
2016-09-24 13:16:55,9,11
2016-09-24 13:26:53,8,12
2016-09-24 13:29:54,7,13
2016-09-24 13:39:59,7,13
2016-09-24 13:50:02,8,12
2016-09-24 14:00:05,8,12
2016-09-24 14:10:14,8,12
2016-09-24 14:20:17,8,12
2016-09-24 14:22:17,9,11
2016-09-24 14:32:22,9,11
2016-09-24 14:40:53,9,11
2016-09-24 14:41:24,8,12
2016-09-24 14:52:49,7,13
2016-09-24 15:05:19,9,11
2016-09-24 15:12:52,9,11
2016-09-24 15:13:29,9,11
2016-09-24 15:23:33,9,11
2016-09-24 15:33:36,9,11
2016-09-24 15:43:40,9,11
2016-09-24 16:03:48,9,11
2016-09-24 16:08:38,8,12
2016-09-24 16:25:10,9,11
2016-09-24 16:35:14,9,11
2016-09-24 16:45:18,9,11
2016-09-24 16:55:08,9,11
2016-09-24 16:55:34,8,12
2016-09-24 17:02:01,9,11
2016-09-24 17:07:50,9,11
2016-09-24 17:26:41,8,12
2016-09-24 17:36:46,8,12
2016-09-24 17:42:37,7,13
2016-09-24 17:52:41,7,13
2016-09-24 17:54:54,8,12
2016-09-24 18:01:02,8,12
2016-09-24 18:01:28,7,13
2016-09-24 18:11:32,7,13
2016-09-24 18:22:03,7,13
2016-09-24 18:27:37,6,14
2016-09-24 18:37:08,6,14
2016-09-24 18:38:27,5,15
2016-09-24 18:48:33,5,15
2016-09-24 18:56:37,6,14
2016-09-24 19:06:42,6,14
2016-09-24 19:16:45,6,14
2016-09-24 19:19:01,7,13
2016-09-24 19:29:05,7,13
2016-09-24 19:39:09,7,13
2016-09-24 19:42:14,8,12
2016-09-24 19:48:59,8,12
2016-09-24 19:59:25,7,13
2016-09-24 20:18:58,6,14
2016-09-24 20:21:08,5,15
2016-09-24 20:31:11,5,15
2016-09-24 20:31:45,6,14
2016-09-24 20:41:49,6,14
2016-09-24 20:46:55,5,15
2016-09-24 20:55:36,7,13
2016-09-24 21:05:40,7,13
2016-09-24 21:15:43,7,13
2016-09-24 21:25:48,7,13
2016-09-24 21:35:51,7,13
2016-09-24 21:45:48,8,12
2016-09-24 21:53:58,9,11
2016-09-24 22:03:12,9,11
2016-09-24 22:05:01,8,12
2016-09-24 22:05:28,7,13
2016-09-24 22:15:32,7,13
2016-09-24 22:25:37,7,13
2016-09-24 22:35:41,7,13
2016-09-24 22:45:46,7,13
2016-09-24 22:52:44,9,11
2016-09-24 23:02:49,9,11
2016-09-24 23:12:52,9,11
2016-09-24 23:33:00,9,11
2016-09-24 23:34:59,8,12
2016-09-24 23:45:02,8,12
2016-09-24 23:55:06,8,12
2016-09-25 00:05:10,8,12
2016-09-25 00:25:11,7,13
2016-09-25 00:35:15,7,13
2016-09-25 00:45:19,7,13
2016-09-25 00:55:23,7,13
2016-09-25 01:05:27,7,13
2016-09-25 01:25:35,7,13
2016-09-25 01:35:38,7,13
2016-09-25 01:45:42,7,13
2016-09-25 01:55:46,7,13
2016-09-25 02:05:50,7,13
2016-09-25 02:15:54,7,13
2016-09-25 02:25:57,7,13
2016-09-25 02:36:01,7,13
2016-09-25 02:46:05,7,13
2016-09-25 02:56:09,7,13
2016-09-25 03:01:15,6,14
2016-09-25 03:08:14,7,13
2016-09-25 03:28:21,8,12
2016-09-25 03:38:24,8,12
2016-09-25 03:48:28,8,12
2016-09-25 03:58:32,8,12
2016-09-25 04:08:36,8,12
2016-09-25 04:15:15,8,12
2016-09-25 04:23:35,9,11
2016-09-25 04:33:38,9,11
2016-09-25 04:36:32,8,12
2016-09-25 04:46:36,8,12
2016-09-25 04:56:40,8,12
2016-09-25 05:06:44,8,12
2016-09-25 05:16:48,8,12
2016-09-25 05:21:31,9,11
2016-09-25 05:27:43,11,9
2016-09-25 05:32:24,12,8
2016-09-25 05:42:28,12,8
2016-09-25 05:52:31,12,8
2016-09-25 06:02:35,12,8
2016-09-25 06:05:56,13,7
2016-09-25 06:26:03,13,7
2016-09-25 06:36:07,13,7
2016-09-25 06:46:12,13,7
2016-09-25 06:56:16,13,7
2016-09-25 07:06:21,13,7
2016-09-25 07:16:24,13,7
2016-09-25 07:26:29,13,7
2016-09-25 07:36:33,13,7
2016-09-25 07:46:37,13,7
2016-09-25 07:52:37,14,6
2016-09-25 08:02:41,14,6
2016-09-25 08:12:51,14,6
2016-09-25 08:13:17,13,7
2016-09-25 08:23:20,13,7
2016-09-25 08:36:11,14,6
2016-09-25 08:46:15,14,6
2016-09-25 08:56:19,14,6
2016-09-25 09:06:23,14,6
2016-09-25 09:08:17,15,5
2016-09-25 09:18:22,15,5
2016-09-25 09:28:26,15,5
2016-09-25 09:38:30,15,5
2016-09-25 09:48:35,15,5
2016-09-25 09:58:38,15,5
2016-09-25 10:08:42,15,5
2016-09-25 10:18:47,15,5
2016-09-25 10:28:51,15,5
2016-09-25 10:38:56,15,5
2016-09-25 10:48:59,15,5
2016-09-25 10:59:04,15,5
2016-09-25 11:09:08,15,5
2016-09-25 11:19:12,15,5
2016-09-25 11:29:16,15,5
2016-09-25 11:39:20,15,5
2016-09-25 11:59:27,15,5
2016-09-25 12:08:57,15,5
2016-09-25 12:10:11,13,7
2016-09-25 12:21:03,13,7
2016-09-25 12:31:44,12,8
2016-09-25 12:41:48,12,8
2016-09-25 13:11:59,12,8
2016-09-25 13:22:03,12,8
2016-09-25 13:31:55,11,9
2016-09-25 13:41:59,11,9
2016-09-25 13:52:03,11,9
2016-09-25 14:02:06,11,9
2016-09-25 14:12:10,11,9
2016-09-25 14:22:14,11,9
2016-09-25 14:32:18,11,9
2016-09-25 14:42:22,11,9
2016-09-25 14:43:55,12,8
2016-09-25 14:53:19,13,7
2016-09-25 15:03:23,13,7
2016-09-25 15:13:27,13,7
2016-09-25 15:22:31,12,8
2016-09-25 15:24:41,11,9
2016-09-25 15:34:45,11,9
2016-09-25 15:44:49,11,9
2016-09-25 15:54:54,11,9
2016-09-25 16:04:57,11,9
2016-09-25 16:10:48,10,10
2016-09-25 16:20:52,10,10
2016-09-25 16:24:48,10,10
2016-09-25 16:25:24,9,11
2016-09-25 16:54:16,8,12
2016-09-25 17:03:10,7,13
2016-09-25 17:14:09,7,13
2016-09-25 17:57:30,8,12
2016-09-25 18:05:45,8,12
2016-09-25 18:06:06,7,13
2016-09-25 18:13:45,6,14
2016-09-25 18:18:06,7,13
2016-09-25 18:38:13,7,13
2016-09-25 18:48:18,7,13
2016-09-25 19:03:55,6,14
2016-09-25 19:12:50,6,14
2016-09-25 19:13:42,5,15
2016-09-25 19:14:20,4,16
2016-09-25 19:30:55,5,15
2016-09-25 19:51:03,5,15
2016-09-25 19:55:01,4,16
2016-09-25 20:01:57,4,16
2016-09-25 20:23:03,5,15
2016-09-25 20:53:14,5,15
2016-09-25 21:03:24,4,16
2016-09-25 21:13:27,4,16
2016-09-25 21:23:31,4,16
2016-09-25 21:33:35,4,16
2016-09-25 21:43:38,4,16
2016-09-25 21:53:28,3,17
2016-09-25 22:01:25,4,16
2016-09-25 22:23:00,5,15
2016-09-25 22:33:03,5,15
2016-09-25 22:44:50,7,13
2016-09-25 22:51:56,8,12
2016-09-25 23:01:59,8,12
2016-09-26 00:03:27,6,14
2016-09-26 00:13:30,6,14
2016-09-26 00:23:33,6,14
2016-09-26 00:32:00,7,13
2016-09-26 00:37:57,6,14
2016-09-26 00:38:24,5,15
2016-09-26 00:41:21,5,15
2016-09-26 00:51:25,5,15
2016-09-26 00:58:08,6,14
2016-09-26 01:08:11,6,14
2016-09-26 01:10:34,7,13
2016-09-26 01:20:38,7,13
2016-09-26 01:30:42,7,13
2016-09-26 01:40:46,7,13
2016-09-26 01:50:50,7,13
2016-09-26 02:00:53,7,13
2016-09-26 02:10:57,7,13
2016-09-26 02:17:59,9,11
2016-09-26 02:27:43,10,10
2016-09-26 02:28:03,9,11
2016-09-26 02:38:07,9,11
2016-09-26 02:48:10,9,11
2016-09-26 02:58:14,9,11
2016-09-26 03:08:18,9,11
2016-09-26 03:18:22,9,11
2016-09-26 03:28:25,9,11
2016-09-26 03:31:23,8,12
2016-09-26 03:41:26,8,12
2016-09-26 03:51:29,8,12
2016-09-26 04:01:33,8,12
2016-09-26 04:11:37,8,12
2016-09-26 04:21:49,8,12
2016-09-26 05:04:57,7,13
2016-09-26 05:15:00,7,13
2016-09-26 05:25:04,7,13
2016-09-26 05:28:46,6,14
2016-09-26 05:38:50,6,14
2016-09-26 05:48:53,6,14
2016-09-26 05:58:57,6,14
2016-09-26 06:09:00,6,14
2016-09-26 06:12:11,7,13
2016-09-26 06:22:14,7,13
2016-09-26 06:32:18,7,13
2016-09-26 06:42:21,7,13
2016-09-26 06:52:25,7,13
2016-09-26 07:02:28,7,13
2016-09-26 07:07:10,8,12
2016-09-26 07:07:33,7,13
2016-09-26 07:17:37,7,13
2016-09-26 07:20:17,6,14
2016-09-26 07:30:20,6,14
2016-09-26 07:37:35,5,15
2016-09-26 07:45:02,6,14
2016-09-26 07:47:21,7,13
2016-09-26 07:55:57,8,12
2016-09-26 07:59:58,10,10
2016-09-26 08:10:02,10,10
2016-09-26 08:19:03,11,9
2016-09-26 08:24:36,12,8
2016-09-26 08:29:14,12,8
2016-09-26 08:39:18,12,8
2016-09-26 08:42:30,13,7
2016-09-26 08:48:20,14,6
2016-09-26 08:52:26,14,6
2016-09-26 08:54:37,13,7
2016-09-26 09:02:44,14,6
2016-09-26 09:17:34,16,4
2016-09-26 09:27:37,16,4
2016-09-26 09:37:41,16,4
2016-09-26 09:39:20,17,3
2016-09-26 09:48:15,19,1
2016-09-26 09:51:11,18,2
2016-09-26 09:52:58,18,2
2016-09-26 09:53:36,17,3
2016-09-26 09:58:19,17,3
2016-09-26 10:00:20,18,2
2016-09-26 10:08:47,19,1
2016-09-26 10:18:51,19,1
2016-09-26 10:28:54,19,1
2016-09-26 10:38:58,19,1
2016-09-26 10:56:24,18,2
2016-09-26 11:16:31,18,2
2016-09-26 11:22:59,17,3
2016-09-26 11:33:03,17,3
2016-09-26 11:43:07,17,3
2016-09-26 11:56:47,17,3
2016-09-26 11:57:28,16,4
2016-09-26 12:04:38,17,3
2016-09-26 12:17:07,16,4
2016-09-26 12:18:51,16,4
2016-09-26 12:19:49,15,5
2016-09-26 12:28:21,14,6
2016-09-26 12:43:56,14,6
2016-09-26 12:53:38,15,5
2016-09-26 13:00:07,14,6
2016-09-26 13:04:17,15,5
2016-09-26 13:07:03,15,5
2016-09-26 13:07:28,14,6
2016-09-26 13:23:09,13,7
2016-09-26 13:24:07,11,9
2016-09-26 13:34:10,11,9
2016-09-26 13:36:36,10,10
2016-09-26 13:46:39,10,10
2016-09-26 13:56:43,10,10
2016-09-26 14:06:46,10,10
2016-09-26 14:13:19,11,9
2016-09-26 14:33:27,11,9
2016-09-26 14:38:19,10,10
2016-09-26 14:48:23,10,10
2016-09-26 14:58:26,10,10
2016-09-26 15:07:18,11,9
2016-09-26 15:17:22,11,9
2016-09-26 15:25:25,10,10
2016-09-26 15:36:49,9,11
2016-09-26 15:37:18,8,12
2016-09-26 15:54:47,10,10
2016-09-26 15:58:21,10,10
2016-09-26 16:00:13,9,11
2016-09-26 16:06:24,10,10
2016-09-26 16:14:17,9,11
2016-09-26 16:24:25,9,11
2016-09-26 16:32:09,9,11
2016-09-26 16:34:48,7,13
2016-09-26 16:36:47,5,15
2016-09-26 16:44:18,4,16
2016-09-26 16:48:37,4,16
2016-09-26 16:51:10,3,17
2016-09-26 16:51:42,2,18
2016-09-26 16:55:56,1,19
2016-09-26 17:05:59,1,19
2016-09-26 17:07:47,2,18
2016-09-26 17:13:02,1,19
2016-09-26 17:19:36,2,18
2016-09-26 17:28:53,1,19
2016-09-26 17:29:23,0,20
2016-09-26 17:36:11,0,20
2016-09-26 17:36:32,1,19
2016-09-26 17:43:52,1,19
2016-09-26 17:49:26,0,20
2016-09-26 17:58:37,0,20
2016-09-26 17:59:20,1,19
2016-09-26 18:02:57,1,19
2016-09-26 18:11:05,1,19
2016-09-26 18:11:35,0,20
2016-09-26 18:21:38,0,20
2016-09-26 18:31:42,0,20
2016-09-26 18:57:46,1,19
2016-09-26 19:12:57,0,20
2016-09-26 19:23:01,0,20
2016-09-26 19:33:56,1,19
2016-09-26 19:44:00,1,19
2016-09-26 19:54:03,1,19
2016-09-26 20:02:21,3,17
2016-09-26 20:12:24,3,17
2016-09-26 20:22:27,3,17
2016-09-26 20:32:31,3,17
2016-09-26 20:42:23,4,16
2016-09-26 20:48:30,3,17
2016-09-26 20:58:33,3,17
2016-09-26 21:08:56,4,16
2016-09-26 21:19:03,5,15
2016-09-26 21:24:31,4,16
2016-09-26 21:29:02,5,15
2016-09-26 21:39:06,5,15
2016-09-26 21:49:10,5,15
2016-09-26 21:56:08,4,16
2016-09-26 22:06:11,4,16
2016-09-26 22:16:15,4,16
2016-09-26 22:26:18,4,16
2016-09-26 22:36:21,4,16
2016-09-26 22:46:25,4,16
2016-09-26 22:56:29,4,16
2016-09-26 23:06:33,4,16
2016-09-26 23:16:36,4,16
2016-09-26 23:18:20,5,15
2016-09-26 23:28:23,5,15
2016-09-26 23:38:27,5,15
2016-09-26 23:48:31,5,15
2016-09-26 23:58:34,5,15
2016-09-27 00:08:38,5,15
2016-09-27 00:18:42,5,15
2016-09-27 00:28:47,5,15
2016-09-27 00:38:51,5,15
2016-09-27 00:48:55,5,15
2016-09-27 00:58:58,5,15
2016-09-27 01:09:02,5,15
2016-09-27 01:19:06,5,15
2016-09-27 01:28:04,6,14
2016-09-27 01:38:07,6,14
2016-09-27 01:48:11,6,14
2016-09-27 01:58:15,6,14
2016-09-27 02:08:19,6,14
2016-09-27 02:18:23,6,14
2016-09-27 02:28:26,6,14
2016-09-27 02:34:03,7,13
2016-09-27 02:53:08,7,13
2016-09-27 03:03:11,7,13
2016-09-27 03:11:05,9,11
2016-09-27 03:19:02,10,10
2016-09-27 03:29:05,10,10
2016-09-27 03:39:08,10,10
2016-09-27 03:49:11,10,10
2016-09-27 03:59:15,10,10
2016-09-27 04:09:19,10,10
2016-09-27 04:19:40,11,9
2016-09-27 04:39:47,11,9
2016-09-27 04:58:21,12,8
2016-09-27 05:08:25,12,8
2016-09-27 05:18:29,12,8
2016-09-27 05:28:33,12,8
2016-09-27 05:38:36,12,8
2016-09-27 05:48:40,12,8
2016-09-27 05:58:44,12,8
2016-09-27 06:08:48,12,8
2016-09-27 06:16:34,13,7
2016-09-27 06:26:38,13,7
2016-09-27 06:36:42,13,7
2016-09-27 06:46:46,13,7
2016-09-27 06:50:04,12,8
2016-09-27 07:00:08,12,8
2016-09-27 07:07:38,13,7
2016-09-27 07:17:41,13,7
2016-09-27 07:24:51,12,8
2016-09-27 07:33:14,13,7
2016-09-27 07:39:03,12,8
2016-09-27 07:44:51,14,6
2016-09-27 07:45:56,15,5
2016-09-27 07:57:05,16,4
2016-09-27 07:57:31,18,2
2016-09-27 07:59:43,19,1
2016-09-27 08:09:46,19,1
2016-09-27 08:35:00,20,0
2016-09-27 08:35:28,19,1
2016-09-27 08:45:32,19,1
2016-09-27 09:00:00,20,0
2016-09-27 09:10:04,20,0
2016-09-27 09:20:08,20,0
2016-09-27 09:30:11,20,0
2016-09-27 09:35:05,20,0
2016-09-27 09:42:03,19,1
2016-09-27 09:52:07,19,1
2016-09-27 09:58:37,20,0
2016-09-27 10:08:40,20,0
2016-09-27 10:18:44,20,0
2016-09-27 10:38:51,20,0
2016-09-27 11:05:11,20,0
2016-09-27 11:05:13,19,1
2016-09-27 11:15:17,19,1
2016-09-27 11:20:29,18,2
2016-09-27 11:30:32,18,2
2016-09-27 11:38:50,18,2
2016-09-27 11:40:53,18,2
2016-09-27 11:42:35,7,13
2016-09-27 11:52:39,7,13
2016-09-27 11:57:08,6,14
2016-09-27 12:04:01,8,12
2016-09-27 12:11:00,10,10
2016-09-27 12:30:04,8,12
2016-09-27 12:39:20,10,10
2016-09-27 12:54:15,11,9
2016-09-27 13:03:05,10,10
2016-09-27 13:03:23,10,10
2016-09-27 13:06:09,11,9
2016-09-27 13:10:06,10,10
2016-09-27 13:20:16,10,10
2016-09-27 13:24:43,9,11
2016-09-27 13:35:24,8,12
2016-09-27 13:38:57,7,13
2016-09-27 13:42:39,8,12
2016-09-27 13:52:42,8,12
2016-09-27 13:57:26,9,11
2016-09-27 14:10:40,10,10
2016-09-27 14:20:44,10,10
2016-09-27 14:22:43,9,11
2016-09-27 14:32:47,9,11
2016-09-27 14:42:51,9,11
2016-09-27 14:46:22,10,10
2016-09-27 15:05:46,9,11
2016-09-27 15:15:50,9,11
2016-09-27 15:29:06,9,11
2016-09-27 15:30:10,8,12
2016-09-27 15:35:17,8,12
2016-09-27 15:45:20,8,12
2016-09-27 15:55:25,8,12
2016-09-27 16:00:06,7,13
2016-09-27 16:08:42,8,12
2016-09-27 16:18:53,8,12
2016-09-27 16:22:36,7,13
2016-09-27 16:32:55,7,13
2016-09-27 16:33:33,6,14
2016-09-27 16:40:08,5,15
2016-09-27 16:46:14,4,16
2016-09-27 16:54:58,3,17
2016-09-27 16:56:45,3,17
2016-09-27 17:02:28,2,18
2016-09-27 17:04:08,1,19
2016-09-27 17:14:12,1,19
2016-09-27 17:18:18,2,18
2016-09-27 17:30:52,2,18
2016-09-27 17:32:19,0,20
2016-09-27 17:41:06,2,18
2016-09-27 17:49:54,1,19
2016-09-27 17:59:08,1,19
2016-09-27 17:59:31,0,20
2016-09-27 18:08:39,0,20
2016-09-27 18:18:42,0,20
2016-09-27 18:26:47,2,18
2016-09-27 18:34:14,1,19
2016-09-27 18:45:11,1,19
2016-09-27 18:56:55,0,20
2016-09-27 19:06:59,0,20
2016-09-27 19:17:03,0,20
2016-09-27 19:27:10,1,19
2016-09-27 19:33:32,2,18
2016-09-27 19:37:03,1,19
2016-09-27 19:47:22,2,18
2016-09-27 19:56:51,2,18
2016-09-27 19:57:18,1,19
2016-09-27 20:07:10,2,18
2016-09-27 20:07:43,2,18
2016-09-27 20:17:47,2,18
2016-09-27 20:19:40,1,19
2016-09-27 20:35:09,1,19
2016-09-27 20:45:13,1,19
2016-09-27 20:50:05,0,20
2016-09-27 21:00:09,0,20
2016-09-27 21:10:12,0,20
2016-09-27 21:20:16,0,20
2016-09-27 21:30:21,0,20
2016-09-27 21:40:24,0,20
2016-09-27 21:44:44,1,19
2016-09-27 21:54:47,1,19
2016-09-27 22:04:50,1,19
2016-09-27 22:14:54,1,19
2016-09-27 22:17:49,2,18
2016-09-27 22:22:28,1,19
2016-09-27 22:24:03,1,19
2016-09-27 22:34:06,1,19
2016-09-27 22:44:10,1,19
2016-09-27 22:54:14,1,19
2016-09-27 23:04:17,1,19
2016-09-27 23:14:21,1,19
2016-09-27 23:22:02,2,18
2016-09-27 23:32:05,2,18
2016-09-27 23:34:50,3,17
2016-09-27 23:41:12,3,17
2016-09-27 23:41:14,2,18
2016-09-27 23:51:18,2,18
2016-09-28 00:00:37,1,19
2016-09-28 00:10:40,1,19
2016-09-28 00:20:44,1,19
2016-09-28 00:22:44,2,18
2016-09-28 00:32:48,2,18
2016-09-28 00:42:52,2,18
2016-09-28 00:43:33,3,17
2016-09-28 00:54:04,4,16
2016-09-28 01:04:36,5,15
2016-09-28 01:14:39,5,15
2016-09-28 01:18:36,6,14
2016-09-28 01:28:40,6,14
2016-09-28 01:38:44,6,14
2016-09-28 01:48:47,6,14
2016-09-28 01:58:51,6,14
2016-09-28 02:34:47,8,12
2016-09-28 02:37:04,9,11
2016-09-28 02:37:35,10,10
2016-09-28 02:47:38,10,10
2016-09-28 02:57:42,10,10
2016-09-28 03:07:45,10,10
2016-09-28 03:13:47,11,9
2016-09-28 03:23:50,11,9
2016-09-28 03:33:54,11,9
2016-09-28 03:43:58,11,9
2016-09-28 03:47:31,12,8
2016-09-28 03:57:35,12,8
2016-09-28 04:07:38,12,8
2016-09-28 04:22:51,13,7
2016-09-28 04:24:03,14,6
2016-09-28 04:34:06,14,6
2016-09-28 04:44:10,14,6
2016-09-28 04:54:57,15,5
2016-09-28 05:05:00,15,5
2016-09-28 05:15:04,15,5
2016-09-28 05:25:07,15,5
2016-09-28 05:28:00,9,11
2016-09-28 05:31:04,9,11
2016-09-28 05:31:36,8,12
2016-09-28 05:41:38,8,12
2016-09-28 05:51:42,8,12
2016-09-28 06:01:46,8,12
2016-09-28 06:11:50,8,12
2016-09-28 06:17:34,9,11
2016-09-28 06:27:37,9,11
2016-09-28 06:37:41,9,11
2016-09-28 06:47:44,9,11
2016-09-28 06:57:48,9,11
2016-09-28 07:10:42,10,10
2016-09-28 07:20:46,10,10
2016-09-28 07:24:49,9,11
2016-09-28 07:34:52,9,11
2016-09-28 07:44:55,10,10
2016-09-28 07:48:08,9,11
2016-09-28 07:51:55,11,9
2016-09-28 08:00:06,12,8
2016-09-28 08:13:03,14,6
2016-09-28 08:13:21,15,5
2016-09-28 08:15:58,16,4
2016-09-28 08:24:39,17,3
2016-09-28 08:27:06,17,3
2016-09-28 08:27:35,16,4
2016-09-28 08:31:00,16,4
2016-09-28 08:31:21,15,5
2016-09-28 08:41:24,15,5
2016-09-28 08:47:27,16,4
2016-09-28 08:57:31,16,4
2016-09-28 09:00:35,17,3
2016-09-28 09:10:38,17,3
2016-09-28 09:20:42,17,3
2016-09-28 09:42:50,18,2
2016-09-28 09:54:40,15,5
2016-09-28 10:04:43,15,5
2016-09-28 10:14:47,15,5
2016-09-28 10:34:10,16,4
2016-09-28 10:36:58,17,3
2016-09-28 10:47:02,17,3
2016-09-28 10:50:57,18,2
2016-09-28 10:52:59,17,3
2016-09-28 11:03:03,17,3
2016-09-28 11:13:06,17,3
2016-09-28 11:20:59,16,4
2016-09-28 11:31:03,16,4
2016-09-28 11:40:30,16,4
2016-09-28 11:41:46,17,3
2016-09-28 11:49:39,18,2
2016-09-28 11:54:03,19,1
2016-09-28 11:57:11,19,1
2016-09-28 12:04:53,17,3
2016-09-28 12:07:05,16,4
2016-09-28 12:10:44,15,5
2016-09-28 12:11:23,14,6
2016-09-28 12:16:41,14,6
2016-09-28 12:18:23,13,7
2016-09-28 12:23:10,12,8
2016-09-28 12:28:20,11,9
2016-09-28 12:30:49,10,10
2016-09-28 12:31:17,9,11
2016-09-28 12:36:00,9,11
2016-09-28 12:46:31,10,10
2016-09-28 12:49:06,11,9
2016-09-28 12:59:10,11,9
2016-09-28 13:15:09,9,11
2016-09-28 13:15:33,8,12
2016-09-28 13:17:45,7,13
2016-09-28 13:20:57,8,12
2016-09-28 13:25:51,9,11
2016-09-28 13:35:54,9,11
2016-09-28 13:40:12,11,9
2016-09-28 13:50:15,11,9
2016-09-28 13:56:42,10,10
2016-09-28 14:00:47,9,11
2016-09-28 14:10:50,9,11
2016-09-28 14:12:05,10,10
2016-09-28 14:32:11,10,10
2016-09-28 14:34:14,11,9
2016-09-28 14:44:18,11,9
2016-09-28 14:55:11,11,9
2016-09-28 15:35:06,14,6
2016-09-28 15:36:21,14,6
2016-09-28 15:46:24,14,6
2016-09-28 15:53:39,15,5
2016-09-28 16:00:16,14,6
2016-09-28 16:07:48,15,5
2016-09-28 16:17:03,14,6
2016-09-28 16:19:09,13,7
2016-09-28 16:43:10,10,10
2016-09-28 16:44:44,7,13
2016-09-28 16:46:53,9,11
2016-09-28 16:48:40,8,12
2016-09-28 16:51:36,7,13
2016-09-28 16:55:12,7,13
2016-09-28 16:55:14,8,12
2016-09-28 16:58:57,8,11
2016-09-28 17:00:01,9,11
2016-09-28 17:04:44,10,10
2016-09-28 17:12:54,9,11
2016-09-28 17:14:36,8,12
2016-09-28 17:22:48,7,13
2016-09-28 17:28:54,6,14
2016-09-28 17:38:57,6,14
2016-09-28 17:42:16,6,14
2016-09-28 17:47:12,6,14
2016-09-28 17:49:39,7,13
2016-09-28 17:56:49,6,14
2016-09-28 18:00:18,9,11
2016-09-28 18:10:10,8,12
2016-09-28 18:15:54,2,18
2016-09-28 18:25:57,2,17
2016-09-28 18:36:00,2,17
2016-09-28 18:40:10,2,17
2016-09-28 18:43:11,2,17
2016-09-28 18:43:13,3,16
2016-09-28 18:52:41,4,15
2016-09-28 19:02:44,4,15
2016-09-28 19:06:26,5,14
2016-09-28 19:15:00,5,14
2016-09-28 19:15:18,4,15
2016-09-28 19:20:31,5,14
2016-09-28 19:30:34,5,14
2016-09-28 19:43:07,6,13
2016-09-28 19:45:03,6,13
2016-09-28 19:45:25,5,14
2016-09-28 19:56:37,8,11
2016-09-28 20:00:24,9,10
2016-09-28 20:10:27,9,10
2016-09-28 20:20:31,9,10
2016-09-28 20:25:00,8,11
2016-09-28 20:26:45,9,10
2016-09-28 20:28:00,8,11
2016-09-28 20:32:22,9,10
2016-09-28 20:44:35,8,11
2016-09-28 20:49:05,7,12
2016-09-28 20:51:09,6,13
2016-09-28 20:52:28,4,15
2016-09-28 20:53:51,4,15
2016-09-28 21:00:59,4,15
2016-09-28 21:11:54,3,16
2016-09-28 21:23:11,4,15
2016-09-28 21:23:31,3,16
2016-09-28 21:36:48,4,15
2016-09-28 21:37:19,3,16
2016-09-28 21:47:23,3,16
2016-09-28 21:57:28,3,16
2016-09-28 22:06:11,2,17
2016-09-28 22:11:08,3,16
2016-09-28 23:02:28,5,15
2016-09-28 23:12:31,5,15
2016-09-28 23:21:06,6,14
2016-09-28 23:21:33,5,15
2016-09-28 23:31:36,5,15
2016-09-28 23:41:40,5,15
2016-09-28 23:48:47,1,19
2016-09-28 23:52:33,2,18
2016-09-29 00:02:36,2,18
2016-09-29 00:12:40,2,18
2016-09-29 00:22:44,2,18
2016-09-29 00:32:48,2,18
2016-09-29 00:42:52,2,18
2016-09-29 00:50:31,3,17
2016-09-29 01:00:34,3,17
2016-09-29 01:10:38,3,17
2016-09-29 01:20:42,3,17
2016-09-29 01:30:46,3,17
2016-09-29 01:40:50,3,17
2016-09-29 01:45:02,4,16
2016-09-29 01:54:12,5,15
2016-09-29 01:58:42,6,14
2016-09-29 02:08:46,6,14
2016-09-29 02:18:49,6,14
2016-09-29 02:28:53,6,14
2016-09-29 02:33:11,9,11
2016-09-29 02:43:15,9,11
2016-09-29 02:49:48,8,12
2016-09-29 02:59:52,8,12
2016-09-29 03:04:08,10,10
2016-09-29 03:14:11,10,10
2016-09-29 03:24:15,10,10
2016-09-29 03:31:56,13,7
2016-09-29 03:41:59,13,7
2016-09-29 04:20:09,14,6
2016-09-29 04:32:20,13,7
2016-09-29 04:42:24,13,7
2016-09-29 04:52:27,13,7
2016-09-29 05:02:31,13,7
2016-09-29 05:12:35,13,7
2016-09-29 05:22:39,13,7
2016-09-29 05:29:21,12,8
2016-09-29 05:39:25,12,8
2016-09-29 05:49:28,12,8
2016-09-29 05:59:32,12,8
2016-09-29 06:09:42,13,7
2016-09-29 06:16:39,14,6
2016-09-29 06:26:42,14,6
2016-09-29 06:36:46,14,6
2016-09-29 06:46:50,14,6
2016-09-29 06:56:53,14,6
2016-09-29 07:06:56,14,6
2016-09-29 07:09:17,15,5
2016-09-29 07:19:20,15,5
2016-09-29 07:22:36,14,6
2016-09-29 07:32:39,14,6
2016-09-29 07:34:58,13,7
2016-09-29 07:37:44,14,6
2016-09-29 07:44:56,13,7
2016-09-29 07:58:41,16,4
2016-09-29 07:59:33,17,3
2016-09-29 08:02:09,18,2
2016-09-29 08:12:35,20,0
2016-09-29 08:16:33,19,1
2016-09-29 08:20:54,19,1
2016-09-29 08:23:39,18,2
2016-09-29 08:28:59,19,1
2016-09-29 08:29:45,20,0
2016-09-29 08:43:08,19,1
2016-09-29 08:49:12,19,1
2016-09-29 08:49:18,20,0
2016-09-29 08:59:21,20,0
2016-09-29 09:05:01,9,11
2016-09-29 09:15:05,9,11
2016-09-29 09:25:08,9,11
2016-09-29 09:25:38,10,10
2016-09-29 09:41:48,9,11
2016-09-29 10:13:07,9,11
2016-09-29 10:14:17,7,13
2016-09-29 10:35:15,7,13
2016-09-29 10:46:47,7,13
2016-09-29 10:48:53,7,13
2016-09-29 10:51:12,5,15
2016-09-29 10:53:27,6,14
2016-09-29 11:04:46,6,14
2016-09-29 11:14:50,6,14
2016-09-29 11:24:53,6,14
2016-09-29 11:34:57,6,14
2016-09-29 11:37:08,7,13
2016-09-29 11:40:58,7,13
2016-09-29 11:41:19,6,14
2016-09-29 11:44:06,5,15
2016-09-29 11:48:51,4,16
2016-09-29 11:58:55,4,16
2016-09-29 12:00:16,4,16
2016-09-29 12:04:18,2,18
2016-09-29 12:12:02,1,19
2016-09-29 12:16:56,1,19
2016-09-29 12:19:04,1,19
2016-09-29 12:20:47,0,20
2016-09-29 12:28:54,1,19
2016-09-29 12:29:37,0,20
2016-09-29 12:39:09,0,20
2016-09-29 12:49:12,0,20
2016-09-29 12:59:16,0,20
2016-09-29 13:09:19,0,20
2016-09-29 13:35:46,1,19
2016-09-29 13:40:28,2,18
2016-09-29 13:50:31,2,18
2016-09-29 13:52:50,3,17
2016-09-29 13:54:13,4,16
2016-09-29 13:56:40,3,17
2016-09-29 13:59:02,3,17
2016-09-29 14:00:42,2,18
2016-09-29 14:04:12,1,19
2016-09-29 14:14:16,1,19
2016-09-29 14:16:45,2,18
2016-09-29 14:17:30,3,17
2016-09-29 14:19:59,2,18
2016-09-29 14:30:03,2,18
2016-09-29 14:32:16,1,19
2016-09-29 14:42:19,1,19
2016-09-29 14:57:01,0,20
2016-09-29 15:07:05,0,20
2016-09-29 15:17:08,0,20
2016-09-29 15:21:39,1,19
2016-09-29 15:24:29,0,20
2016-09-29 15:34:32,0,20
2016-09-29 15:44:36,0,20
2016-09-29 15:54:40,0,20
2016-09-29 16:04:44,0,20
2016-09-29 16:14:47,0,20
2016-09-29 16:24:51,0,20
2016-09-29 16:34:55,0,20
2016-09-29 16:44:59,0,20
2016-09-29 16:55:03,0,20
2016-09-29 17:00:27,0,20
2016-09-29 17:10:57,0,20
2016-09-29 17:25:10,1,19
2016-09-29 17:25:22,1,19
2016-09-29 17:31:06,1,19
2016-09-29 17:32:46,1,19
2016-09-29 17:40:01,1,19
2016-09-29 17:41:54,2,18
2016-09-29 17:48:08,1,19
2016-09-29 17:54:23,1,19
2016-09-29 17:56:37,2,18
2016-09-29 18:06:43,0,20
2016-09-29 18:15:10,1,19
2016-09-29 18:15:35,0,20
2016-09-29 18:23:14,0,20
2016-09-29 18:28:47,2,18
2016-09-29 18:30:18,1,19
2016-09-29 18:37:41,4,16
2016-09-29 18:50:17,6,14
2016-09-29 18:52:56,7,13
2016-09-29 18:59:53,8,12
2016-09-29 19:08:32,6,14
2016-09-29 19:10:27,7,13
2016-09-29 19:11:19,6,14
2016-09-29 19:20:44,5,15
2016-09-29 19:30:48,5,15
2016-09-29 19:32:03,5,15
2016-09-29 19:39:00,5,15
2016-09-29 19:41:03,4,16
2016-09-29 19:44:49,4,16
2016-09-29 19:46:47,4,16
2016-09-29 19:48:11,2,18
2016-09-29 19:52:47,3,17
2016-09-29 20:02:50,3,17
2016-09-29 20:14:22,2,18
2016-09-29 20:18:32,3,17
2016-09-29 20:22:18,2,18
2016-09-29 20:27:10,2,18
2016-09-29 20:28:10,3,17
2016-09-29 20:30:53,3,17
2016-09-29 20:32:05,2,18
2016-09-29 20:59:31,3,17
2016-09-29 21:10:35,6,14
2016-09-29 21:13:52,5,15
2016-09-29 21:22:47,4,16
2016-09-29 21:32:49,4,16
2016-09-29 21:42:53,4,16
2016-09-29 21:52:57,4,16
2016-09-29 22:00:52,4,16
2016-09-29 22:10:55,4,16
2016-09-29 22:21:07,4,16
2016-09-29 22:31:11,4,16
2016-09-29 22:34:48,4,16
2016-09-29 22:35:20,3,17
2016-09-29 22:44:26,2,18
2016-09-29 22:54:29,2,18
2016-09-29 22:58:04,3,17
2016-09-29 23:02:08,4,16
2016-09-29 23:12:12,4,16
2016-09-29 23:22:16,4,16
2016-09-29 23:27:10,5,15
2016-09-29 23:37:13,5,15
2016-09-29 23:47:17,5,15
2016-09-29 23:50:49,4,16
2016-09-30 00:00:52,4,16
2016-09-30 00:10:56,4,16
2016-09-30 00:16:54,3,17
2016-09-30 00:22:45,2,18
2016-09-30 00:24:02,1,19
2016-09-30 00:31:47,2,18
2016-09-30 00:35:45,3,17
2016-09-30 00:52:00,4,16
2016-09-30 00:58:40,5,15
2016-09-30 01:08:44,5,15
2016-09-30 01:18:47,5,15
2016-09-30 01:34:49,4,16
2016-09-30 01:41:03,3,17
2016-09-30 01:42:23,4,16
2016-09-30 01:50:18,5,15
2016-09-30 01:56:33,6,14
2016-09-30 02:06:37,6,14
2016-09-30 02:16:41,6,14
2016-09-30 02:21:01,7,13
2016-09-30 02:28:38,8,12
2016-09-30 02:38:42,8,12
2016-09-30 02:55:35,9,11
2016-09-30 03:05:38,9,11
2016-09-30 03:15:42,9,11
2016-09-30 03:17:36,10,10
2016-09-30 03:22:38,11,9
2016-09-30 03:32:41,11,9
2016-09-30 03:42:45,11,9
2016-09-30 03:52:48,11,9
2016-09-30 04:02:52,11,9
2016-09-30 04:06:10,12,8
2016-09-30 04:17:09,12,8
2016-09-30 04:22:13,13,7
2016-09-30 04:32:31,14,6
2016-09-30 04:42:34,14,6
2016-09-30 04:52:38,14,6
2016-09-30 05:02:42,14,6
2016-09-30 05:12:54,15,5
2016-09-30 05:22:56,15,5
2016-09-30 05:33:00,15,5
2016-09-30 05:43:04,15,5
2016-09-30 05:46:59,14,6
2016-09-30 05:57:02,14,6
2016-09-30 06:07:16,14,6
2016-09-30 06:10:55,14,6
2016-09-30 06:11:40,4,16
2016-09-30 06:15:58,5,15
2016-09-30 06:26:02,5,15
2016-09-30 06:36:05,5,15
2016-09-30 06:46:09,5,15
2016-09-30 06:56:13,5,15
2016-09-30 07:06:05,6,14
2016-09-30 07:16:08,6,14
2016-09-30 07:26:12,6,14
2016-09-30 07:32:34,5,15
2016-09-30 07:40:20,3,17
2016-09-30 07:47:19,2,18
2016-09-30 07:51:10,1,19
2016-09-30 08:01:42,3,17
2016-09-30 08:18:14,3,17
2016-09-30 08:19:52,4,16
2016-09-30 08:21:18,5,15
2016-09-30 08:39:56,6,14
2016-09-30 08:43:57,7,13
2016-09-30 09:04:00,7,13
2016-09-30 09:08:52,8,12
2016-09-30 09:18:55,8,12
2016-09-30 09:28:58,8,12
2016-09-30 09:39:02,8,12
2016-09-30 09:49:06,8,12
2016-09-30 09:51:55,9,11
2016-09-30 10:07:12,10,10
2016-09-30 10:17:15,10,10
2016-09-30 10:27:19,10,10
2016-09-30 10:32:11,11,9
2016-09-30 10:36:17,10,10
2016-09-30 10:40:00,11,9
2016-09-30 10:46:51,10,10
2016-09-30 10:51:13,12,8
2016-09-30 10:59:02,13,7
2016-09-30 11:09:05,13,7
2016-09-30 11:19:09,13,7
2016-09-30 11:29:13,13,7
2016-09-30 11:39:16,13,7
2016-09-30 11:49:20,13,7
2016-09-30 11:54:46,13,7
2016-09-30 11:56:15,12,8
2016-09-30 12:03:02,11,9
2016-09-30 12:05:05,11,9
2016-09-30 12:06:50,10,10
2016-09-30 12:07:18,9,11
2016-09-30 12:10:14,8,12
2016-09-30 12:14:14,7,13
2016-09-30 12:22:32,6,14
2016-09-30 12:25:43,7,13
2016-09-30 12:31:02,7,13
2016-09-30 12:31:44,6,14
2016-09-30 12:47:03,7,13
2016-09-30 12:52:56,7,13
2016-09-30 12:53:29,6,14
2016-09-30 13:05:03,5,15
2016-09-30 13:14:23,5,15
2016-09-30 13:23:03,5,15
2016-09-30 13:24:58,5,15
2016-09-30 13:27:09,6,14
2016-09-30 13:28:11,5,15
2016-09-30 13:38:14,5,15
2016-09-30 13:41:54,6,14
2016-09-30 13:58:44,9,11
2016-09-30 14:02:23,8,12
2016-09-30 14:12:27,8,12
2016-09-30 14:22:31,8,12
2016-09-30 14:32:24,7,13
2016-09-30 14:42:27,7,13
2016-09-30 14:46:55,7,13
2016-09-30 14:50:56,8,12
2016-09-30 14:52:43,8,12
2016-09-30 14:56:08,8,12
2016-09-30 14:58:51,8,12
2016-09-30 15:00:54,6,14
2016-09-30 15:03:17,5,15
2016-09-30 15:06:54,5,15
2016-09-30 15:07:24,4,16
2016-09-30 15:17:27,4,16
2016-09-30 15:25:48,3,17
2016-09-30 15:33:05,3,17
2016-09-30 15:33:35,2,18
2016-09-30 15:42:19,1,19
2016-09-30 15:45:22,0,20
2016-09-30 15:55:25,0,20
2016-09-30 16:05:29,0,20
2016-09-30 16:14:03,1,19
2016-09-30 16:16:32,0,20
2016-09-30 16:23:04,1,19
2016-09-30 16:29:05,2,18
2016-09-30 16:30:40,3,17
2016-09-30 16:32:44,1,19
2016-09-30 16:39:44,0,20
2016-09-30 16:49:47,0,20
2016-09-30 17:00:41,1,19
2016-09-30 17:10:44,1,19
2016-09-30 17:17:03,0,20
2016-09-30 17:18:43,1,19
2016-09-30 17:25:02,1,19
2016-09-30 17:25:31,0,20
2016-09-30 17:39:09,0,20
2016-09-30 17:42:33,1,19
2016-09-30 17:45:00,0,20
2016-09-30 17:55:49,1,19
2016-09-30 17:58:57,2,18
2016-09-30 18:01:45,1,19
2016-09-30 18:13:07,0,20
2016-09-30 18:14:53,1,19
2016-09-30 18:16:25,1,19
2016-09-30 18:26:28,1,19
2016-09-30 18:29:27,0,20
2016-09-30 18:49:35,0,20
2016-09-30 18:59:38,0,20
2016-09-30 19:01:57,1,19
2016-09-30 19:12:45,0,20
2016-09-30 19:18:53,2,18
2016-09-30 19:27:39,1,19
2016-09-30 19:32:24,0,20
2016-09-30 19:42:27,0,20
2016-09-30 19:52:30,0,20
2016-09-30 20:02:25,1,19
2016-09-30 20:12:28,1,19
2016-09-30 20:22:55,2,18
2016-09-30 20:32:58,2,18
2016-09-30 20:46:00,1,19
2016-09-30 20:53:11,1,19
2016-09-30 20:53:13,0,20
2016-09-30 21:03:17,0,20
2016-09-30 21:13:20,0,20
2016-09-30 21:23:24,0,20
2016-09-30 21:43:31,0,20
2016-09-30 21:51:39,1,19
2016-09-30 21:54:32,0,20
2016-09-30 22:04:35,0,20
2016-09-30 22:14:39,0,20
2016-09-30 22:24:43,0,20
2016-09-30 22:30:47,1,19
2016-09-30 22:40:50,1,19
2016-09-30 23:07:22,2,18
2016-09-30 23:17:25,2,18
2016-09-30 23:27:29,2,18
2016-09-30 23:37:33,2,18
2016-09-30 23:47:37,2,18
2016-09-30 23:50:25,1,19
2016-10-01 00:00:29,1,19
2016-10-01 00:10:32,1,19
2016-10-01 00:20:36,1,19
2016-10-01 00:30:36,0,20
2016-10-01 00:40:39,0,20
2016-10-01 00:50:42,0,20
2016-10-01 01:00:46,0,20
2016-10-01 01:10:49,0,20
2016-10-01 01:20:53,0,20
2016-10-01 01:30:57,0,20
2016-10-01 01:38:20,1,19
2016-10-01 01:48:23,1,19
2016-10-01 01:58:27,1,19
2016-10-01 02:08:31,1,19
2016-10-01 02:28:38,1,19
2016-10-01 02:46:27,0,20
2016-10-01 02:54:06,1,19
2016-10-01 03:00:07,2,18
2016-10-01 03:10:11,2,18
2016-10-01 03:20:15,2,18
2016-10-01 03:48:01,1,19
2016-10-01 03:54:38,2,18
2016-10-01 04:01:07,4,16
2016-10-01 04:01:33,3,17
2016-10-01 04:11:37,3,17
2016-10-01 04:18:32,3,17
2016-10-01 04:22:48,4,16
2016-10-01 04:52:59,4,16
2016-10-01 05:03:02,4,16
2016-10-01 05:13:06,4,16
2016-10-01 05:27:01,6,14
2016-10-01 05:37:04,6,14
2016-10-01 05:47:08,6,14
2016-10-01 05:57:12,6,14
2016-10-01 06:07:15,6,14
2016-10-01 06:10:54,6,14
2016-10-01 06:12:09,3,17
2016-10-01 06:22:12,3,17
2016-10-01 06:32:16,3,17
2016-10-01 06:42:20,3,17
2016-10-01 06:52:23,3,17
2016-10-01 07:02:27,3,17
2016-10-01 07:12:31,3,17
2016-10-01 07:22:48,3,17
2016-10-01 07:32:52,3,17
2016-10-01 07:42:55,3,17
2016-10-01 07:52:59,3,17
2016-10-01 08:03:02,3,17
2016-10-01 08:13:06,3,17
2016-10-01 08:23:11,3,17
2016-10-01 08:33:15,3,17
2016-10-01 08:43:18,3,17
2016-10-01 08:51:09,3,17
2016-10-01 09:01:58,3,17
2016-10-01 09:06:59,3,17
2016-10-01 09:07:45,2,18
2016-10-01 09:17:49,2,18
2016-10-01 09:37:56,2,18
2016-10-01 09:48:00,2,18
2016-10-01 09:58:04,2,18
2016-10-01 10:08:08,2,18
2016-10-01 10:18:11,2,18
2016-10-01 10:28:15,2,18
2016-10-01 10:38:19,2,18
2016-10-01 10:40:53,1,19
2016-10-01 10:50:04,0,20
2016-10-01 11:00:08,0,20
2016-10-01 11:10:11,0,20
2016-10-01 11:12:48,1,19
2016-10-01 11:16:56,1,19
2016-10-01 11:17:25,1,19
2016-10-01 11:27:29,1,19
2016-10-01 11:30:30,2,18
2016-10-01 12:09:30,3,17
2016-10-01 12:19:32,3,17
2016-10-01 12:29:36,3,17
2016-10-01 12:42:03,2,18
2016-10-01 12:52:06,2,18
2016-10-01 13:10:53,2,18
2016-10-01 13:11:29,1,19
2016-10-01 13:21:33,1,19
2016-10-01 13:31:36,1,19
2016-10-01 13:38:25,2,18
2016-10-01 13:48:28,2,18
2016-10-01 13:50:14,1,19
2016-10-01 14:00:17,1,19
2016-10-01 14:10:21,1,19
2016-10-01 14:16:42,0,20
2016-10-01 14:26:45,0,20
2016-10-01 14:46:51,0,20
2016-10-01 14:56:54,0,20
2016-10-01 15:06:58,0,20
2016-10-01 15:17:02,0,20
2016-10-01 15:27:06,0,20
2016-10-01 15:37:09,0,20
2016-10-01 15:47:13,0,20
2016-10-01 15:57:17,0,20
2016-10-01 16:09:59,1,19
2016-10-01 16:20:03,1,19
2016-10-01 16:30:07,1,19
2016-10-01 16:40:11,1,19
2016-10-01 16:50:15,1,19
2016-10-01 16:55:47,0,20
2016-10-01 17:05:08,2,18
2016-10-01 17:15:12,2,18
2016-10-01 17:25:15,2,18
2016-10-01 17:27:46,1,19
2016-10-01 17:37:50,1,19
2016-10-01 17:43:25,2,18
2016-10-01 17:53:28,2,18
2016-10-01 18:04:14,1,19
2016-10-01 18:21:05,3,17
2016-10-01 18:31:08,3,17
2016-10-01 18:41:07,2,18
2016-10-01 18:41:40,1,19
2016-10-01 18:51:43,1,19
2016-10-01 18:53:50,0,20
2016-10-01 19:03:54,0,20
2016-10-01 19:13:58,0,20
2016-10-01 19:24:01,0,20
2016-10-01 19:30:18,1,19
2016-10-01 19:38:06,2,18
2016-10-01 19:58:13,2,18
2016-10-01 20:08:17,2,18
2016-10-01 20:18:20,2,18
2016-10-01 20:28:24,2,18
2016-10-01 20:38:28,2,18
2016-10-01 20:48:31,2,18
2016-10-01 20:56:30,3,17
2016-10-01 21:06:33,3,17
2016-10-01 21:21:10,2,18
2016-10-01 21:22:40,1,19
2016-10-01 21:32:43,1,19
2016-10-01 21:42:46,1,19
2016-10-01 21:52:50,1,19
2016-10-01 21:58:52,2,18
2016-10-01 22:08:55,2,18
2016-10-01 22:18:59,2,18
2016-10-01 22:29:03,2,18
2016-10-01 22:39:06,2,18
2016-10-01 22:49:10,2,18
2016-10-01 22:59:14,2,18
2016-10-01 23:09:18,2,18
2016-10-01 23:19:21,2,18
2016-10-01 23:29:25,2,18
2016-10-01 23:39:29,2,18
2016-10-01 23:42:28,3,17
2016-10-01 23:52:32,3,17
2016-10-02 00:02:35,3,17
2016-10-02 00:12:39,3,17
2016-10-02 00:18:55,4,16
2016-10-02 00:28:58,4,16
2016-10-02 00:34:13,5,15
2016-10-02 00:44:16,5,15
2016-10-02 00:54:20,5,15
2016-10-02 01:04:23,5,15
2016-10-02 01:20:58,7,13
2016-10-02 01:31:01,7,13
2016-10-02 01:41:05,7,13
2016-10-02 01:51:09,7,13
2016-10-02 02:01:13,7,13
2016-10-02 02:11:17,7,13
2016-10-02 02:21:20,7,13
2016-10-02 02:31:24,7,13
2016-10-02 02:41:28,7,13
2016-10-02 02:51:32,7,13
2016-10-02 03:01:35,7,13
2016-10-02 03:11:38,7,13
2016-10-02 03:21:42,7,13
2016-10-02 03:31:46,7,13
2016-10-02 03:41:50,7,13
2016-10-02 04:01:57,7,13
2016-10-02 04:12:01,7,13
2016-10-02 04:18:40,7,13
2016-10-02 04:25:37,8,12
2016-10-02 04:26:34,7,13
2016-10-02 04:36:37,7,13
2016-10-02 04:58:12,8,12
2016-10-02 05:11:09,9,11
2016-10-02 05:21:13,9,11
2016-10-02 05:51:25,9,11
2016-10-02 07:03:15,8,12
2016-10-02 07:13:19,8,12
2016-10-02 07:23:23,8,12
2016-10-02 07:27:30,8,12
2016-10-02 07:28:09,7,13
2016-10-02 07:38:12,7,13
2016-10-02 07:48:15,7,13
2016-10-02 07:58:18,7,13
2016-10-02 08:08:22,7,13
2016-10-02 08:18:26,7,13
2016-10-02 08:28:29,7,13
2016-10-02 08:38:33,7,13
2016-10-02 08:48:36,7,13
2016-10-02 08:58:39,7,13
2016-10-02 09:18:46,7,13
2016-10-02 09:28:50,7,13
2016-10-02 09:48:57,7,13
2016-10-02 10:15:53,7,13
2016-10-02 10:21:39,6,14
2016-10-02 10:31:42,6,14
2016-10-02 10:41:45,6,14
2016-10-02 10:44:48,5,15
2016-10-02 11:04:55,5,15
2016-10-02 11:07:43,6,14
2016-10-02 11:29:39,6,14
2016-10-02 11:30:01,5,15
2016-10-02 11:42:19,6,14
2016-10-02 11:50:49,5,15
2016-10-02 12:00:52,5,15
2016-10-02 12:11:46,5,15
2016-10-02 12:32:36,4,16
2016-10-02 12:37:45,3,17
2016-10-02 12:47:49,3,17
2016-10-02 12:57:53,3,17
2016-10-02 12:57:55,4,16
2016-10-02 13:03:29,4,16
2016-10-02 13:13:33,4,16
2016-10-02 13:16:47,4,16
2016-10-02 13:18:49,3,17
2016-10-02 13:21:01,2,18
2016-10-02 13:31:04,2,18
2016-10-02 13:41:08,2,18
2016-10-02 13:51:12,2,18
2016-10-02 14:10:51,2,18
2016-10-02 14:21:58,0,20
2016-10-02 14:32:01,0,20
2016-10-02 14:42:05,0,20
2016-10-02 14:52:08,0,20
2016-10-02 15:02:12,0,20
2016-10-02 15:12:15,0,20
2016-10-02 15:22:19,0,20
2016-10-02 15:32:23,0,20
2016-10-02 15:42:27,0,20
2016-10-02 15:58:45,1,19
2016-10-02 16:17:57,3,17
2016-10-02 16:28:01,3,17
2016-10-02 16:36:39,1,19
2016-10-02 16:38:50,1,19
2016-10-02 17:07:31,0,20
2016-10-02 17:17:35,0,20
2016-10-02 17:27:38,0,20
2016-10-02 17:34:00,1,19
2016-10-02 17:44:03,1,19
2016-10-02 17:54:57,1,19
2016-10-02 18:05:00,1,19
2016-10-02 18:15:04,1,19
2016-10-02 18:25:08,1,19
2016-10-02 18:35:11,1,19
2016-10-02 18:45:15,1,19
2016-10-02 18:50:20,2,18
2016-10-02 19:00:24,2,18
2016-10-02 19:05:51,2,18
2016-10-02 19:15:54,2,18
2016-10-02 19:25:58,2,18
2016-10-02 19:38:39,5,15
2016-10-02 19:53:01,5,15
2016-10-02 19:57:10,5,15
2016-10-02 20:10:14,5,15
2016-10-02 20:13:55,3,17
2016-10-02 20:17:18,4,16
2016-10-02 20:27:22,4,16
2016-10-02 20:47:30,4,16
2016-10-02 21:46:52,3,17
2016-10-02 21:50:30,2,18
2016-10-02 22:10:37,2,18
2016-10-02 22:20:41,2,18
2016-10-02 22:24:39,3,17
2016-10-02 22:34:42,3,17
2016-10-02 22:54:50,3,17
2016-10-02 23:04:54,3,17
2016-10-02 23:14:57,3,17
2016-10-02 23:25:01,3,17
2016-10-02 23:35:05,3,17
2016-10-02 23:45:09,3,17
2016-10-02 23:48:36,2,18
2016-10-02 23:58:40,2,18
2016-10-03 00:08:43,2,18
2016-10-03 00:18:47,2,18
2016-10-03 00:28:51,2,18
2016-10-03 00:31:44,3,17
2016-10-03 00:36:27,2,18
2016-10-03 00:45:22,3,17
2016-10-03 00:55:25,3,17
2016-10-03 01:05:29,3,17
2016-10-03 01:15:33,3,17
2016-10-03 01:25:37,3,17
2016-10-03 01:35:40,3,17
2016-10-03 01:45:44,3,17
2016-10-03 01:55:48,3,17
2016-10-03 02:15:55,3,17
2016-10-03 02:25:59,3,17
2016-10-03 02:36:03,3,17
2016-10-03 02:46:06,3,17
2016-10-03 02:56:10,3,17
2016-10-03 02:57:27,4,16
2016-10-03 03:07:30,4,16
2016-10-03 03:17:34,4,16
2016-10-03 03:27:38,4,16
2016-10-03 03:37:42,4,16
2016-10-03 03:47:45,4,16
2016-10-03 03:57:49,4,16
2016-10-03 04:07:53,4,16
2016-10-03 04:22:10,4,16
2016-10-03 04:32:14,4,16
2016-10-03 04:42:17,4,16
2016-10-03 04:52:21,4,16
2016-10-03 05:02:24,4,16
2016-10-03 05:12:28,4,16
2016-10-03 05:22:32,4,16
2016-10-03 05:32:36,4,16
2016-10-03 05:42:39,4,16
2016-10-03 05:52:43,4,16
2016-10-03 06:02:47,4,16
2016-10-03 06:12:51,4,16
2016-10-03 06:17:20,5,15
2016-10-03 06:29:09,5,15
2016-10-03 06:29:25,4,16
2016-10-03 06:39:28,4,16
2016-10-03 06:49:32,4,16
2016-10-03 06:59:36,4,16
2016-10-03 07:09:39,4,16
2016-10-03 07:19:43,4,16
2016-10-03 07:29:12,3,17
2016-10-03 07:31:05,4,16
2016-10-03 07:38:55,2,18
2016-10-03 07:40:08,1,19
2016-10-03 07:47:11,1,19
2016-10-03 07:47:13,0,20
2016-10-03 07:50:15,1,19
2016-10-03 07:52:22,1,19
2016-10-03 07:58:49,2,18
2016-10-03 08:03:03,3,17
2016-10-03 08:16:06,4,16
2016-10-03 08:26:19,5,15
2016-10-03 08:32:56,5,15
2016-10-03 08:33:29,4,16
2016-10-03 08:38:43,5,15
2016-10-03 08:44:03,6,14
2016-10-03 08:48:16,7,13
2016-10-03 08:52:31,8,12
2016-10-03 09:01:43,9,11
2016-10-03 09:15:36,10,10
2016-10-03 09:26:29,9,11
2016-10-03 09:31:20,11,9
2016-10-03 09:40:21,12,8
2016-10-03 09:45:08,11,9
2016-10-03 09:55:11,11,9
2016-10-03 10:05:15,11,9
2016-10-03 10:15:19,11,9
2016-10-03 10:22:34,11,9
2016-10-03 10:33:41,12,8
2016-10-03 10:43:44,12,8
2016-10-03 10:52:49,10,10
2016-10-03 11:01:14,9,11
2016-10-03 11:11:20,10,10
2016-10-03 11:15:02,10,10
2016-10-03 11:25:46,9,11
2016-10-03 11:45:54,9,11
2016-10-03 11:49:56,8,12
2016-10-03 12:00:07,7,13
2016-10-03 12:05:13,7,13
2016-10-03 12:14:11,8,12
2016-10-03 12:15:36,9,11
2016-10-03 12:19:27,10,10
2016-10-03 12:24:48,9,11
2016-10-03 12:26:58,8,12
2016-10-03 12:36:17,7,13
2016-10-03 12:40:51,5,15
2016-10-03 12:50:24,6,14
2016-10-03 12:55:12,6,14
2016-10-03 12:58:54,6,14
2016-10-03 13:01:37,6,14
2016-10-03 13:05:59,7,13
2016-10-03 13:10:58,6,14
2016-10-03 13:13:41,4,16
2016-10-03 13:16:41,3,16
2016-10-03 13:20:54,1,18
2016-10-03 13:22:14,1,18
2016-10-03 13:31:07,3,16
2016-10-03 13:41:10,4,16
2016-10-03 13:57:14,8,12
2016-10-03 14:12:45,8,12
2016-10-03 14:22:48,8,12
2016-10-03 14:33:04,8,12
2016-10-03 14:43:39,7,13
2016-10-03 14:56:19,8,12
2016-10-03 14:58:48,8,12
2016-10-03 14:59:22,7,13
2016-10-03 15:09:25,7,13
2016-10-03 15:19:29,7,13
2016-10-03 15:30:54,7,13
2016-10-03 15:31:19,6,14
2016-10-03 15:49:56,7,13
2016-10-03 16:00:00,7,13
2016-10-03 16:02:02,6,14
2016-10-03 16:04:06,5,15
2016-10-03 16:08:26,4,16
2016-10-03 16:18:37,4,16
2016-10-03 16:22:14,5,15
2016-10-03 16:27:09,5,15
2016-10-03 16:32:08,6,14
2016-10-03 16:35:08,5,15
2016-10-03 16:39:48,6,14
2016-10-03 16:42:38,4,16
2016-10-03 16:46:01,3,17
2016-10-03 16:48:10,4,16
2016-10-03 16:55:00,4,16
2016-10-03 16:55:56,2,18
2016-10-03 17:01:03,1,19
2016-10-03 17:11:06,1,19
2016-10-03 17:15:09,1,19
2016-10-03 17:26:55,0,20
2016-10-03 17:36:59,0,20
2016-10-03 17:52:19,1,19
2016-10-03 18:13:34,0,20
2016-10-03 18:23:37,0,20
2016-10-03 18:30:22,0,20
2016-10-03 18:38:05,1,19
2016-10-03 18:48:08,1,19
2016-10-03 18:50:53,1,19
2016-10-03 19:00:57,1,19
2016-10-03 19:02:37,2,18
2016-10-03 19:13:57,2,18
2016-10-03 19:15:22,2,18
2016-10-03 19:20:10,2,18
2016-10-03 19:30:53,0,20
2016-10-03 19:40:56,0,20
2016-10-03 20:01:04,0,20
2016-10-03 20:11:08,0,20
2016-10-03 20:11:52,1,19
2016-10-03 20:21:55,1,19
2016-10-03 20:31:59,1,19
2016-10-03 20:42:02,1,19
2016-10-03 20:47:43,2,18
2016-10-03 20:50:25,1,19
2016-10-03 21:01:01,1,19
2016-10-03 21:12:08,0,20
2016-10-03 21:18:05,1,19
2016-10-03 21:21:00,0,20
2016-10-03 21:31:04,0,20
2016-10-03 21:41:07,0,20
2016-10-03 21:51:11,0,20
2016-10-03 22:01:15,0,20
2016-10-03 22:11:19,0,20
2016-10-03 22:21:22,0,20
2016-10-03 22:31:26,0,20
2016-10-03 22:41:29,0,20
2016-10-03 22:46:53,1,19
2016-10-03 23:14:38,0,20
2016-10-03 23:24:42,0,20
2016-10-03 23:34:46,0,20
2016-10-03 23:42:51,1,19
2016-10-03 23:52:55,1,19
2016-10-04 00:02:58,1,19
2016-10-04 00:13:02,1,19
2016-10-04 00:23:06,1,19
2016-10-04 00:29:36,2,18
2016-10-04 00:39:39,2,18
2016-10-04 00:49:43,2,18
2016-10-04 00:59:46,2,18
2016-10-04 01:09:50,2,18
2016-10-04 01:13:52,3,17
2016-10-04 01:23:55,3,17
2016-10-04 02:03:42,4,16
2016-10-04 02:13:45,4,16
2016-10-04 02:33:53,4,16
2016-10-04 02:43:57,4,16
2016-10-04 02:54:00,4,16
2016-10-04 03:04:04,4,16
2016-10-04 03:14:08,4,16
2016-10-04 03:24:12,4,16
2016-10-04 03:34:15,4,16
2016-10-04 03:40:12,3,17
2016-10-04 03:50:16,3,17
2016-10-04 04:00:19,3,17
2016-10-04 04:10:23,3,17
2016-10-04 04:19:27,3,17
2016-10-04 04:29:31,3,17
2016-10-04 04:39:34,3,17
2016-10-04 04:49:38,3,17
2016-10-04 05:09:46,3,17
2016-10-04 05:19:49,3,17
2016-10-04 05:29:53,3,17
2016-10-04 05:39:55,3,17
2016-10-04 05:49:59,3,17
2016-10-04 06:20:14,3,17
2016-10-04 06:30:18,3,17
2016-10-04 06:33:02,3,17
2016-10-04 06:33:21,2,18
2016-10-04 07:03:32,2,18
2016-10-04 07:07:27,3,17
2016-10-04 07:17:30,3,17
2016-10-04 07:20:25,2,18
2016-10-04 07:30:28,2,18
2016-10-04 07:40:32,2,18
2016-10-04 07:47:05,5,15
2016-10-04 07:52:12,6,14
2016-10-04 07:58:32,7,13
2016-10-04 08:04:24,7,13
2016-10-04 08:05:42,8,12
2016-10-04 08:15:46,8,12
2016-10-04 08:24:35,9,11
2016-10-04 08:26:38,10,10
2016-10-04 08:36:42,10,10
2016-10-04 08:43:42,11,9
2016-10-04 08:53:00,10,10
2016-10-04 08:58:40,9,11
2016-10-04 09:18:48,9,11
2016-10-04 09:20:04,10,10
2016-10-04 09:22:45,10,10
2016-10-04 09:27:03,11,9
2016-10-04 09:32:46,14,6
2016-10-04 09:36:20,15,5
2016-10-04 09:40:23,14,6
2016-10-04 09:42:57,15,5
2016-10-04 09:45:00,14,6
2016-10-04 09:45:12,14,6
2016-10-04 09:47:37,15,5
2016-10-04 09:52:50,14,6
2016-10-04 10:05:37,15,5
2016-10-04 10:12:21,16,4
2016-10-04 10:22:24,16,4
2016-10-04 10:26:45,16,4
2016-10-04 10:28:48,14,5
2016-10-04 10:33:24,15,4
2016-10-04 10:38:13,14,5
2016-10-04 10:48:16,15,5
2016-10-04 10:58:20,15,5
2016-10-04 11:06:26,16,4
2016-10-04 11:09:06,15,5
2016-10-04 11:10:14,13,6
2016-10-04 11:21:06,14,6
2016-10-04 11:21:33,13,7
2016-10-04 11:31:36,13,7
2016-10-04 11:34:03,12,8
2016-10-04 11:42:41,11,9
2016-10-04 11:48:59,12,8
2016-10-04 11:50:18,11,9
2016-10-04 12:00:21,11,9
2016-10-04 12:06:48,11,9
2016-10-04 12:07:55,12,8
2016-10-04 12:29:08,11,9
2016-10-04 12:39:12,11,9
2016-10-04 12:46:56,12,8
2016-10-04 12:47:35,11,9
2016-10-04 12:58:50,12,8
2016-10-04 13:05:40,11,9
2016-10-04 13:10:55,10,10
2016-10-04 13:19:04,10,10
2016-10-04 13:19:40,9,11
2016-10-04 13:23:09,9,11
2016-10-04 13:24:41,9,11
2016-10-04 13:35:43,9,11
2016-10-04 13:37:58,10,10
2016-10-04 13:44:08,10,10
2016-10-04 13:45:43,9,11
2016-10-04 13:48:00,10,10
2016-10-04 13:58:03,10,10
2016-10-04 14:08:07,10,10
2016-10-04 14:17:07,10,10
2016-10-04 14:17:38,9,11
2016-10-04 14:27:42,9,11
2016-10-04 14:37:45,9,11
2016-10-04 14:46:47,10,10
2016-10-04 14:55:07,10,10
2016-10-04 15:05:11,10,10
2016-10-04 15:15:14,10,10
2016-10-04 15:29:50,11,9
2016-10-04 15:37:02,10,10
2016-10-04 15:38:53,9,11
2016-10-04 15:42:08,9,11
2016-10-04 15:44:59,8,12
2016-10-04 15:45:38,7,13
2016-10-04 15:53:31,8,12
2016-10-04 16:00:03,7,13
2016-10-04 16:02:42,6,14
2016-10-04 16:04:21,5,15
2016-10-04 16:08:51,4,16
2016-10-04 16:09:51,3,17
2016-10-04 16:11:13,4,16
2016-10-04 16:15:10,3,17
2016-10-04 16:26:52,2,18
2016-10-04 16:27:20,1,19
2016-10-04 16:33:05,1,19
2016-10-04 16:35:10,0,20
2016-10-04 16:45:14,0,20
2016-10-04 16:47:58,1,19
2016-10-04 16:51:00,1,19
2016-10-04 16:51:22,0,20
2016-10-04 17:01:26,0,20
2016-10-04 17:04:41,1,19
2016-10-04 17:06:57,1,19
2016-10-04 17:07:36,0,20
2016-10-04 17:14:47,1,19
2016-10-04 17:23:51,0,20
2016-10-04 17:27:20,1,19
2016-10-04 17:33:06,1,19
2016-10-04 17:36:37,1,19
2016-10-04 17:38:37,2,18
2016-10-04 17:40:04,1,19
2016-10-04 17:43:47,2,18
2016-10-04 17:46:59,3,17
2016-10-04 17:56:56,1,19
2016-10-04 17:59:32,2,18
2016-10-04 18:04:43,1,19
2016-10-04 18:06:30,0,20
2016-10-04 18:26:40,1,19
2016-10-04 18:36:44,1,19
2016-10-04 18:44:23,0,20
2016-10-04 18:54:05,3,17
2016-10-04 18:56:53,2,18
2016-10-04 19:06:56,2,18
2016-10-04 19:14:53,1,19
2016-10-04 19:16:10,0,20
2016-10-04 19:26:17,1,19
2016-10-04 19:49:54,0,20
2016-10-04 19:53:11,1,19
2016-10-04 19:56:54,0,20
2016-10-04 20:06:57,0,20
2016-10-04 20:11:57,1,19
2016-10-04 20:18:45,2,18
2016-10-04 20:30:01,3,17
2016-10-04 20:40:05,3,17
2016-10-04 20:49:59,2,18
2016-10-04 21:00:03,2,18
2016-10-04 21:05:25,3,17
2016-10-04 21:33:38,2,18
2016-10-04 21:43:42,2,18
2016-10-04 21:52:40,1,19
2016-10-04 21:57:01,2,18
2016-10-04 21:58:15,1,19
2016-10-04 22:08:18,1,19
2016-10-04 22:59:18,1,19
2016-10-04 23:09:22,1,19
2016-10-04 23:19:25,1,19
2016-10-04 23:29:29,1,19
2016-10-04 23:39:33,1,19
2016-10-04 23:49:37,1,19
2016-10-04 23:59:40,1,19
2016-10-05 00:09:44,1,19
2016-10-05 00:29:52,1,19
2016-10-05 00:32:52,0,20
2016-10-05 00:36:46,1,19
2016-10-05 00:46:50,1,19
2016-10-05 00:51:01,3,17
2016-10-05 00:51:17,2,18
2016-10-05 00:59:01,2,18
2016-10-05 00:59:23,1,19
2016-10-05 01:09:26,1,19
2016-10-05 01:19:29,1,19
2016-10-05 01:29:32,1,19
2016-10-05 01:39:35,1,19
2016-10-05 01:49:39,1,19
2016-10-05 01:59:43,1,19
2016-10-05 02:09:47,1,19
2016-10-05 02:17:47,0,20
2016-10-05 02:27:50,0,20
2016-10-05 02:31:10,1,19
2016-10-05 02:31:43,2,18
2016-10-05 02:41:47,2,18
2016-10-05 02:44:40,1,19
2016-10-05 02:54:44,1,19
2016-10-05 03:04:47,1,19
2016-10-05 03:14:51,1,19
2016-10-05 03:24:55,1,19
2016-10-05 03:34:59,1,19
2016-10-05 03:45:03,1,19
2016-10-05 03:55:08,1,19
2016-10-05 04:05:12,1,19
2016-10-05 04:32:19,1,19
2016-10-05 04:42:23,1,19
2016-10-05 04:52:27,1,19
2016-10-05 05:02:29,1,19
2016-10-05 05:12:33,1,19
2016-10-05 05:22:37,1,19
2016-10-05 05:32:41,1,19
2016-10-05 05:42:44,1,19
2016-10-05 05:52:48,1,19
2016-10-05 06:02:50,1,19
2016-10-05 06:11:44,0,20
2016-10-05 06:21:47,0,20
2016-10-05 06:31:51,0,20
2016-10-05 06:41:55,0,20
2016-10-05 06:51:58,0,20
2016-10-05 06:55:05,0,20
2016-10-05 07:05:08,0,20
2016-10-05 07:09:10,0,20
2016-10-05 07:09:13,1,19
2016-10-05 07:20:09,2,18
2016-10-05 07:22:24,1,19
2016-10-05 07:32:27,0,20
2016-10-05 07:42:30,0,20
2016-10-05 07:44:39,1,19
2016-10-05 07:48:37,1,19
2016-10-05 07:50:26,3,17
2016-10-05 07:51:20,4,16
2016-10-05 07:54:50,4,15
2016-10-05 08:00:34,8,11
2016-10-05 08:02:05,9,10
2016-10-05 08:03:47,11,8
2016-10-05 08:08:40,12,7
2016-10-05 08:18:44,12,7
2016-10-05 08:27:08,12,7
2016-10-05 08:27:11,11,8
2016-10-05 08:37:15,11,8
2016-10-05 08:42:42,11,8
2016-10-05 08:52:46,11,8
2016-10-05 08:54:15,10,9
2016-10-05 09:04:19,10,9
2016-10-05 09:14:22,10,9
2016-10-05 09:23:02,12,7
2016-10-05 09:30:12,13,6
2016-10-05 09:40:16,13,6
2016-10-05 09:46:45,13,6
2016-10-05 09:54:30,14,5
